renda_mensal,idade,score_credito,tempo_emprego_anos,divida_renda_ratio,num_emprestimos_ativos,historico_atraso,valor_emprestimo,renda_anual,cor_favorita_cod,num_pets,altura_cm,dia_nascimento,codigo_postal,feature_constante,feature_quase_cte,aprovado
6621,47,897,0.4,0.04,1,0,3290,79554,9,3,166.0,16,86432,5,0,1
4523,48,895,4.0,0.035,1,0,13605,53935,8,1,161.2,14,77925,5,0,1
7248,55,694,2.7,0.576,3,0,24531,86888,5,0,164.3,6,25360,5,0,1
12256,28,873,10.5,0.356,1,0,5518,147217,1,0,175.7,10,26847,5,0,1
4270,52,446,1.1,0.205,1,0,1732,50607,2,2,186.5,17,57565,5,0,1
4270,25,742,8.8,0.152,1,1,10855,50913,6,1,172.1,23,27456,5,0,1
12676,20,763,4.1,0.536,2,0,8318,151905,2,0,171.3,31,80982,5,0,1
7788,31,787,0.3,0.0,2,0,2349,93654,2,0,169.2,10,92393,5,0,1
3708,30,638,17.9,0.645,2,1,13151,45046,4,1,166.1,21,90239,5,0,1
6805,62,477,3.6,0.063,0,0,12384,80824,2,0,175.8,10,93230,5,0,1
3721,49,751,1.7,0.153,3,0,2507,44318,2,1,179.8,14,49959,5,0,1
3716,51,812,3.2,0.309,4,1,36733,44518,4,0,158.4,20,25058,5,0,1
5682,62,310,9.8,0.388,1,0,14778,68108,4,0,180.4,17,61492,5,0,1
1559,36,584,1.8,0.284,5,1,1786,18915,8,1,186.3,9,62672,5,0,0
1745,55,390,1.1,0.257,2,0,15601,20319,0,1,159.9,15,79592,5,0,0
3507,33,689,0.7,0.771,1,0,15242,41982,0,4,179.2,7,88391,5,0,1
2676,19,893,1.8,0.513,3,0,25134,31905,8,3,186.4,2,66849,5,0,1
5934,57,625,7.6,0.019,2,0,4919,71568,4,2,177.2,4,72313,5,0,1
2850,34,604,3.2,0.344,1,1,15782,34237,3,4,168.2,20,33488,5,0,1
2106,51,534,1.3,0.7,2,0,6705,25049,1,0,177.8,24,91308,5,0,1
11841,59,408,0.9,0.241,1,1,5191,142700,8,1,161.9,18,98652,5,0,0
4292,33,221,2.0,0.076,4,1,4056,51239,5,1,166.9,11,77192,5,0,0
5117,55,877,14.1,0.607,3,0,1767,61004,8,0,162.7,5,81449,5,0,1
2090,19,810,2.1,0.485,3,1,12485,25374,4,0,156.5,26,75387,5,0,1
3545,19,407,22.2,0.456,5,0,6513,42302,3,0,170.4,8,83509,5,0,0
5252,43,207,3.3,0.043,1,0,912,63056,6,1,173.0,22,26975,5,0,1
2463,30,886,1.0,0.112,3,1,8606,30422,4,0,176.6,20,52392,5,0,0
6157,64,728,11.1,0.498,3,0,20461,73639,7,1,125.2,5,23305,5,0,1
3427,48,801,3.1,0.166,5,0,2848,40640,7,1,171.8,2,86215,5,0,1
4125,51,852,6.2,0.403,2,0,4582,49392,1,3,170.8,5,31961,5,0,1
3425,56,856,20.6,0.436,0,0,11530,40946,4,0,159.1,3,10228,5,0,1
14933,20,365,0.3,0.227,2,0,1046,179579,9,1,165.6,12,91179,5,0,1
4875,25,695,0.5,0.759,4,0,5287,57815,7,1,177.5,19,93544,5,0,0
2605,40,789,6.4,0.674,1,0,10692,32603,2,3,171.0,7,33474,5,0,0
8050,31,628,1.7,0.578,4,0,5172,96239,6,0,169.8,19,13979,5,0,0
2362,44,362,1.0,0.062,2,0,2868,28606,2,2,178.9,4,56343,5,0,0
5570,46,565,0.2,0.085,1,0,2980,67307,5,1,193.1,23,10739,5,0,1
1516,56,725,0.1,0.394,2,0,2231,18287,1,1,167.6,14,29558,5,0,1
2215,56,438,7.4,0.129,2,1,4883,26889,5,2,172.5,19,47817,5,0,0
5530,18,271,0.7,0.783,2,0,18870,66395,5,1,161.1,26,61799,5,0,0
7654,34,644,3.2,0.127,3,0,53611,92164,7,3,191.4,26,48154,5,0,1
5447,58,854,4.7,0.39,4,0,8341,65151,4,1,164.6,29,42272,5,1,1
4585,47,708,2.8,0.291,2,0,14981,54693,0,1,151.9,18,47339,5,0,1
4102,30,468,0.1,0.512,0,0,3817,48333,7,2,176.2,26,89796,5,0,0
2024,38,614,7.7,0.103,2,1,1520,24505,8,1,153.9,7,16594,5,0,1
3191,36,444,0.1,0.344,2,1,35642,38120,0,0,183.0,15,23185,5,0,0
3727,36,874,7.2,0.22,1,1,5033,44911,4,2,175.9,21,22572,5,0,1
9267,42,259,11.2,0.71,1,1,14399,111045,5,1,159.7,1,27569,5,0,0
6040,39,205,2.8,0.032,1,0,9198,73100,3,0,176.7,12,92509,5,0,1
1706,48,769,3.8,0.731,1,0,17955,20389,1,1,166.7,26,79753,5,0,1
5969,34,606,3.2,0.666,2,1,17383,71317,4,1,174.3,29,83184,5,0,1
3900,40,416,2.5,0.238,1,0,10119,46600,3,0,157.2,24,27519,5,0,1
3274,49,225,10.9,0.631,2,1,11050,39538,6,0,156.6,19,41953,5,1,0
7094,27,204,11.2,0.025,4,1,21376,86587,5,0,173.2,27,29804,5,0,0
9123,27,731,2.0,0.773,4,1,5838,110161,2,1,188.8,23,86286,5,0,0
8593,53,589,4.8,0.421,2,0,28127,102512,8,0,163.5,6,75537,5,0,1
2970,25,770,13.1,0.243,2,1,4599,35758,3,2,162.8,26,27275,5,0,1
4082,69,647,16.4,0.29,2,0,8615,48592,4,1,166.6,28,83418,5,0,1
5995,37,345,3.6,0.053,0,0,13404,71743,2,1,156.8,13,72068,5,0,1
8824,49,587,3.0,0.791,1,0,2201,105735,7,1,175.5,31,73344,5,0,1
3686,67,448,1.6,0.031,0,1,24476,44188,6,0,179.0,30,88284,5,0,0
4396,31,725,16.0,0.524,1,1,11857,53191,6,2,174.8,6,42601,5,0,1
2530,67,661,0.8,0.354,1,0,113638,30229,7,2,168.3,13,37575,5,0,1
2397,45,212,4.3,0.759,3,0,42811,28847,6,2,159.8,31,62705,5,0,0
8002,63,583,1.7,0.197,2,0,8032,96019,2,1,190.6,15,65221,5,0,1
11089,69,755,1.6,0.426,2,1,33808,132718,2,2,161.4,29,42369,5,0,1
4706,41,598,2.6,0.386,3,0,15960,56201,1,3,161.2,16,54617,5,0,1
8974,32,218,33.6,0.562,1,0,9748,107383,0,1,152.1,8,68315,5,0,0
6105,39,774,0.3,0.054,6,0,2148,73591,4,2,155.8,13,25317,5,0,1
3337,47,690,4.3,0.155,2,0,2594,39858,3,1,173.5,13,66109,5,0,1
6104,21,618,0.4,0.172,4,0,8131,74132,1,3,165.7,28,38318,5,0,1
12367,30,536,0.8,0.591,2,0,5451,148012,0,1,161.4,29,51239,5,0,1
4810,40,618,2.9,0.151,0,1,9702,57327,2,1,162.0,31,97704,5,0,1
12566,25,811,3.6,0.459,3,1,24291,150258,5,0,164.9,20,28082,5,0,1
1020,35,874,1.5,0.172,1,0,16187,12186,1,1,163.4,20,72520,5,0,1
8047,29,321,1.9,0.689,1,1,4642,96294,9,1,184.0,12,21079,5,0,0
5178,48,631,0.5,0.754,2,0,16982,61959,6,0,166.3,19,12884,5,0,1
4107,31,243,1.8,0.415,1,0,3900,49796,6,0,171.5,17,46347,5,0,0
5192,51,516,17.0,0.282,3,0,3249,62220,2,1,170.6,30,82731,5,0,1
1491,35,580,14.5,0.187,2,0,10996,17704,0,0,170.9,26,77787,5,0,1
4307,51,344,2.0,0.04,4,1,4223,51826,8,1,166.3,3,80176,5,0,0
6089,28,526,4.2,0.215,0,0,4848,73161,4,2,165.3,15,28740,5,0,1
11929,58,562,12.0,0.523,2,0,17946,143524,1,1,176.4,17,22815,5,0,1
3601,29,249,0.0,0.427,2,1,13713,43630,7,3,172.2,6,75177,5,0,0
3025,66,264,8.3,0.755,2,0,6018,36526,9,3,162.4,24,52891,5,0,0
3637,32,554,14.8,0.317,3,1,2208,44112,9,1,141.4,19,62566,5,0,1
8512,48,363,0.5,0.555,3,1,4500,101804,3,1,163.9,30,51968,5,0,0
5986,66,340,0.9,0.391,0,0,38317,71772,9,2,156.4,12,39913,5,0,0
3576,46,327,16.2,0.41,2,1,17557,42973,6,2,160.8,4,88440,5,0,0
6687,43,597,3.9,0.214,2,0,25307,80287,4,0,156.8,21,64860,5,0,1
5209,35,662,0.1,0.364,3,0,9944,64048,2,2,181.6,23,28462,5,0,1
8788,49,386,1.5,0.377,3,0,6119,106004,9,2,181.5,12,45482,5,0,0
3225,39,389,3.0,0.565,1,0,16716,39230,7,0,177.6,27,82483,5,0,0
4037,55,587,5.9,0.753,1,1,22594,48300,1,1,166.7,22,11338,5,0,0
3884,34,628,6.6,0.263,2,0,5520,46574,0,2,163.3,2,22782,5,0,1
2042,40,483,26.9,0.034,1,0,4579,24886,4,0,155.1,7,95609,5,0,0
5870,41,436,1.7,0.397,2,1,2399,71191,3,2,179.1,16,16614,5,0,0
5748,67,393,3.9,0.436,5,0,4488,68548,9,1,178.7,24,10741,5,0,0
4929,25,486,3.8,0.135,4,0,13837,58911,6,0,174.9,30,40210,5,0,1
4269,58,335,2.6,0.608,3,0,5029,51128,8,0,158.9,12,76269,5,0,0
2102,23,370,0.9,0.788,4,1,17075,25353,5,2,166.6,16,23944,5,0,0
3818,22,358,19.0,0.757,0,0,39094,46202,0,1,168.8,14,66991,5,0,0
4001,61,400,9.6,0.158,0,0,8265,48370,7,2,152.3,1,11806,5,0,1
3037,46,686,3.4,0.7,0,0,7998,36671,1,0,184.3,22,23285,5,0,1
4461,45,756,4.6,0.564,1,0,12567,53151,3,2,156.5,27,86993,5,0,1
6263,28,782,1.3,0.363,2,1,5117,75070,2,2,162.2,9,77289,5,0,1
15240,18,703,3.9,0.432,1,0,4827,182211,5,1,152.3,7,50126,5,0,1
5457,60,570,5.9,0.68,1,0,4944,65973,1,3,168.0,5,90123,5,0,1
5736,36,302,3.6,0.384,0,0,3240,68848,4,1,167.5,29,15857,5,0,1
4700,26,324,23.2,0.299,3,1,16644,55817,8,0,179.8,30,43792,5,0,0
1554,44,512,4.7,0.395,3,1,5446,19824,2,2,160.5,10,97684,5,0,1
4837,51,657,2.3,0.463,2,0,19714,56770,1,1,159.1,27,64361,5,0,1
5095,61,429,7.4,0.151,2,0,12374,61108,1,1,170.8,10,46322,5,0,1
21545,21,857,0.9,0.721,1,0,7956,259197,8,1,149.2,25,85507,5,0,1
4379,53,396,2.4,0.539,0,0,15486,52305,5,1,183.3,18,21908,5,0,0
5889,35,622,2.1,0.507,1,0,3809,70750,1,1,156.8,7,74627,5,0,1
4813,32,771,2.8,0.08,0,0,4340,57995,2,1,188.2,25,73643,5,0,1
2437,68,809,7.6,0.483,4,0,14341,28100,0,1,162.1,31,31202,5,0,0
9756,30,370,3.3,0.097,2,1,1398,116527,1,0,155.7,18,80102,5,0,1
7716,36,581,7.9,0.063,1,0,8198,92561,1,1,175.8,13,69883,5,0,1
7900,66,372,4.3,0.422,5,1,12996,94758,1,1,175.3,11,89558,5,0,0
2847,23,862,2.1,0.322,1,0,23125,33490,6,1,175.5,10,53720,5,0,1
11403,65,652,8.3,0.471,2,1,27238,136826,2,3,171.0,22,49662,5,0,1
2119,29,549,1.4,0.071,3,0,7301,25695,3,2,192.4,31,37030,5,0,1
6989,68,833,1.3,0.345,1,0,15006,84512,1,0,156.5,9,49850,5,0,1
18292,54,693,3.5,0.14,1,1,4257,219608,4,2,183.6,15,95288,5,0,1
2712,34,819,1.5,0.79,2,0,5682,32089,8,0,153.9,14,45397,5,0,1
3498,40,203,0.0,0.449,1,0,24200,42262,8,0,186.5,3,66094,5,0,0
5217,43,292,5.2,0.55,1,0,7848,62948,6,0,173.5,24,30616,5,0,0
3633,46,205,3.6,0.26,2,1,9207,43514,7,2,185.6,14,75334,5,0,0
1938,50,487,2.9,0.076,0,0,3545,23067,4,1,178.9,21,16661,5,0,0
5121,44,817,17.1,0.781,3,1,11362,61222,4,0,148.3,16,67029,5,0,1
2598,42,345,4.2,0.229,1,0,14812,31489,2,1,166.6,23,36047,5,0,1
6529,27,623,10.0,0.339,1,0,14449,78277,5,1,157.5,29,49043,5,0,1
2830,64,807,0.8,0.52,1,0,3074,34126,0,1,184.9,28,56442,5,0,1
12456,40,656,4.2,0.02,3,0,18032,149099,2,2,178.0,3,71378,5,0,1
3071,38,401,10.1,0.648,3,0,3646,36888,1,1,171.5,8,35943,5,0,0
4051,38,411,4.4,0.429,1,0,7933,48061,6,1,165.9,2,44487,5,0,1
8007,60,205,6.3,0.223,2,0,2220,95791,8,1,174.2,29,84769,5,0,1
2348,30,823,2.3,0.049,2,0,7019,28199,3,0,160.4,24,79023,5,0,1
5633,54,575,0.5,0.13,2,0,3630,67224,6,0,172.8,2,34559,5,0,1
10767,50,646,3.1,0.716,1,1,5658,129005,7,0,168.8,23,81380,5,0,0
1873,41,305,2.5,0.549,2,1,8500,22855,9,1,161.8,18,51519,5,0,0
5490,61,850,10.1,0.2,2,1,15705,65731,1,2,177.0,7,21416,5,0,1
5744,28,600,1.4,0.052,0,0,15280,68745,6,1,188.9,17,32859,5,0,1
7856,34,295,17.0,0.552,3,1,1249,93827,2,1,155.7,6,97789,5,0,0
2339,21,587,15.9,0.458,1,0,13941,27807,7,0,179.4,10,28184,5,0,1
2225,64,651,1.4,0.324,4,0,9556,26696,5,0,161.9,7,37846,5,0,1
6722,42,615,2.1,0.291,3,1,5176,80980,2,3,175.8,4,52771,5,0,1
5873,47,703,11.3,0.173,4,1,4006,69708,7,2,163.8,11,96995,5,0,1
5711,26,653,17.0,0.536,3,0,7708,68933,2,1,167.0,16,25498,5,0,1
6050,38,490,2.9,0.777,0,0,9744,72409,8,3,168.0,27,79798,5,0,0
3268,37,733,1.9,0.141,2,0,10963,39168,2,1,183.6,17,42914,5,0,1
5649,36,392,3.7,0.478,2,0,6919,68140,0,2,169.1,28,62980,5,0,0
5859,36,349,5.8,0.339,1,1,1075,71420,1,0,166.6,6,55500,5,0,1
3201,29,714,1.6,0.357,1,0,5452,38684,3,1,169.2,20,44885,5,0,1
15054,54,592,6.7,0.203,1,1,3143,180402,1,0,189.0,31,48215,5,0,1
6530,59,515,0.3,0.66,4,0,41947,78452,3,2,175.6,19,74320,5,0,0
2404,34,275,0.3,0.388,1,1,8496,29058,3,1,163.9,20,96934,5,0,0
7287,54,798,2.4,0.435,2,1,14660,86742,3,0,185.0,22,39924,5,0,1
2738,65,469,2.2,0.244,0,0,13468,32314,0,2,171.8,21,65099,5,0,1
7881,56,424,1.9,0.145,1,0,10386,94773,8,1,161.4,18,73113,5,0,1
9849,45,729,3.4,0.069,4,1,5808,118452,9,2,173.9,15,10318,5,0,1
3003,58,312,1.9,0.571,0,0,5244,36225,6,2,168.5,2,87697,5,0,0
8760,52,450,1.1,0.157,2,0,1609,105445,1,0,136.2,19,87859,5,0,1
6295,64,432,1.9,0.552,0,0,9079,75354,2,1,173.3,27,15749,5,0,0
8048,65,282,18.4,0.312,3,0,10304,97116,7,0,159.2,6,19528,5,0,1
15337,35,324,2.6,0.333,2,1,7798,184954,6,1,157.3,12,31441,5,0,0
4241,31,374,2.9,0.375,2,0,9088,50569,3,0,150.6,30,18526,5,0,0
3126,52,268,4.3,0.294,2,1,3086,36882,3,3,171.3,1,47161,5,0,1
2882,61,246,20.5,0.08,1,0,6404,34547,8,1,168.5,27,11044,5,0,0
3012,58,455,1.4,0.248,2,1,4818,36583,4,1,179.5,23,88301,5,0,0
4692,24,229,5.7,0.531,2,0,13794,56634,4,0,162.0,24,28175,5,0,0
6031,58,480,6.3,0.533,3,0,8373,72443,6,2,165.2,23,58887,5,0,0
5802,30,436,4.7,0.229,3,0,4856,68468,0,1,189.8,11,61671,5,0,1
8073,35,447,0.5,0.368,1,1,7129,96529,2,1,150.3,19,10961,5,0,0
4953,54,567,5.6,0.155,3,0,3527,59988,1,0,182.2,22,79285,5,0,1
11756,30,694,0.3,0.168,3,1,6232,140199,9,2,162.2,31,61966,5,0,1
4193,53,224,4.5,0.018,4,0,12915,50326,5,1,201.1,30,26973,5,0,1
25137,48,785,6.7,0.717,0,0,2791,301357,5,1,177.2,4,93908,5,0,1
7153,19,689,1.2,0.169,1,1,7716,86162,9,1,163.7,21,53393,5,0,1
2938,33,693,9.2,0.182,0,0,4447,34422,0,3,156.1,19,48433,5,0,1
2584,26,513,0.2,0.224,1,0,2792,30857,5,1,174.1,21,80077,5,0,1
6564,26,805,9.3,0.102,0,0,36034,78846,9,1,150.9,6,40678,5,0,1
4298,55,574,3.1,0.511,2,0,22093,51400,1,1,176.9,8,28344,5,0,1
7543,28,838,1.2,0.06,5,0,5021,90817,3,0,156.1,28,55154,5,0,1
6528,39,224,0.7,0.107,0,0,6426,77565,5,2,160.3,22,18846,5,0,0
4704,50,533,15.3,0.516,6,0,1607,55886,2,0,142.0,9,43846,5,0,1
2956,53,554,0.4,0.272,0,1,2266,35308,2,0,171.3,31,80565,5,0,0
1980,62,315,1.1,0.566,4,1,3286,23928,2,2,172.8,10,68802,5,0,0
3759,40,247,2.1,0.446,2,0,7888,45364,3,3,170.3,10,26272,5,0,1
8216,62,298,4.8,0.205,3,0,7392,98678,8,1,152.8,30,58613,5,0,1
5588,62,658,3.9,0.521,1,0,10565,66596,3,1,184.3,10,99306,5,0,1
2327,51,722,0.7,0.093,4,1,13945,27625,3,2,168.4,26,23104,5,0,1
5452,26,796,1.7,0.429,2,0,10121,65976,3,2,164.8,4,25855,5,0,1
6193,41,604,1.4,0.35,1,0,3411,75326,6,0,178.0,18,47524,5,0,1
2891,25,413,1.2,0.214,0,1,10500,34996,4,0,165.6,12,76455,5,0,0
5389,24,884,2.6,0.483,3,0,13470,64840,1,3,174.4,25,52706,5,0,1
5089,53,702,6.1,0.697,4,1,5757,60491,6,1,162.2,11,44526,5,0,0
2475,35,647,1.2,0.799,2,0,1849,29798,2,1,178.2,16,19363,5,0,0
6091,20,775,2.3,0.486,4,0,20894,72249,0,1,177.9,19,62430,5,0,1
6880,45,457,2.5,0.324,3,1,8696,83216,8,1,165.5,11,59511,5,0,0
9412,23,320,18.7,0.18,2,0,881,113224,4,0,171.5,23,66738,5,0,1
9249,61,253,15.5,0.206,5,1,42455,110959,9,1,169.8,4,89791,5,0,0
2150,61,530,8.1,0.384,1,0,5524,25220,0,0,168.7,12,79346,5,0,1
2799,38,440,1.4,0.294,2,1,57023,33678,0,1,158.1,28,11440,5,0,0
6694,45,729,0.4,0.731,2,0,10958,79576,0,1,159.5,17,77255,5,0,1
6689,57,682,1.9,0.295,1,0,6890,80110,8,0,166.1,24,54213,5,0,1
6694,18,386,1.6,0.299,0,0,9385,80535,7,3,170.7,13,10555,5,0,0
49594,53,855,3.5,0.307,3,0,4594,594771,5,0,161.2,28,87648,5,0,1
6922,38,461,7.5,0.669,3,0,8510,83043,9,0,170.1,4,77833,5,0,0
9714,60,563,9.8,0.521,3,0,40477,117733,5,0,147.1,27,11535,5,0,1
8711,52,690,9.3,0.491,2,0,3948,103637,5,2,170.0,6,24931,5,0,1
7265,30,630,2.2,0.267,3,0,12415,86793,3,0,170.8,7,81818,5,0,1
4067,66,438,5.8,0.654,3,0,4555,48674,4,3,178.2,8,54262,5,0,0
7749,27,503,1.9,0.031,0,0,7083,92722,9,1,184.2,26,34587,5,0,1
3091,61,497,0.3,0.697,1,0,39390,37318,2,0,176.8,2,43040,5,0,0
4263,64,275,6.0,0.41,4,1,12347,51426,2,0,188.0,9,55543,5,0,0
3673,27,899,0.0,0.319,1,0,14713,44098,9,0,169.7,10,99177,5,0,1
5162,63,532,2.6,0.398,2,0,8575,62012,6,2,170.5,29,36573,5,0,1
19708,30,841,2.0,0.534,3,0,70009,235597,4,1,178.1,19,80680,5,0,1
1603,54,673,5.9,0.01,1,1,3790,19472,7,1,168.9,1,67262,5,0,1
7418,55,482,7.3,0.697,1,0,2290,89112,4,1,166.7,16,11688,5,0,0
1867,41,790,1.8,0.357,4,0,31219,22057,3,3,183.7,18,93515,5,0,1
3702,19,271,8.3,0.274,5,0,5971,45233,2,3,177.2,8,41803,5,0,0
9446,39,462,1.7,0.111,1,0,11250,113315,1,3,176.6,10,26154,5,0,0
5108,34,774,3.0,0.352,1,1,31987,61408,2,1,161.4,22,90659,5,0,1
2574,53,211,6.5,0.397,5,0,11371,30867,6,0,179.4,11,33998,5,0,0
3199,31,340,5.9,0.323,0,0,48274,37562,7,0,170.8,17,15786,5,0,0
7389,27,754,21.9,0.543,2,1,9035,88161,4,2,160.1,27,69059,5,0,1
3170,52,216,1.3,0.337,1,0,4598,37901,0,1,177.0,25,80665,5,0,1
5596,42,262,5.4,0.769,2,1,1233,67643,2,1,158.0,31,35777,5,0,1
5051,20,452,4.7,0.479,2,0,10305,60383,3,0,145.9,7,78381,5,0,0
3324,64,664,12.3,0.646,1,1,1354,39990,9,1,151.9,26,83984,5,0,1
17789,55,575,0.9,0.087,3,1,10506,213695,3,2,167.5,27,65290,5,0,1
7189,34,719,7.0,0.318,3,0,26046,85868,0,2,185.4,3,37139,5,0,1
1458,29,289,4.2,0.269,3,1,7993,17028,9,0,173.1,29,97254,5,0,0
5496,69,829,1.6,0.456,1,0,9434,65612,8,2,169.0,7,59030,5,0,1
3304,41,374,3.2,0.689,0,0,16857,39276,9,0,183.2,6,33581,5,0,0
8196,46,275,2.0,0.063,2,0,13844,97808,3,0,175.1,3,37993,5,0,1
3054,60,812,4.3,0.058,1,0,20504,37079,1,2,180.2,8,52048,5,0,1
4587,42,862,11.0,0.68,4,1,7979,55336,8,0,179.7,1,22923,5,0,1
6654,53,599,4.2,0.17,4,0,1338,79306,3,1,166.9,5,23084,5,0,1
8262,43,270,5.0,0.535,1,1,20760,99227,3,0,167.7,24,93096,5,0,0
2391,55,379,3.7,0.434,0,0,6693,28530,5,1,161.7,19,32567,5,0,0
4021,18,323,0.3,0.666,2,0,4012,48192,7,4,178.3,27,29481,5,0,0
3696,37,580,1.3,0.1,2,0,10601,44368,4,0,157.7,13,21422,5,0,1
3320,45,492,3.4,0.104,4,0,9407,39100,7,3,161.1,26,77260,5,0,0
14175,33,394,1.9,0.445,1,1,4448,169104,0,0,169.3,11,78164,5,0,0
6266,64,427,1.0,0.757,1,1,2897,75202,3,1,171.1,28,65296,5,0,0
2306,34,630,3.5,0.332,2,1,11786,27477,0,0,175.9,22,37875,5,0,1
8524,57,635,1.9,0.262,6,1,4105,102176,2,0,169.6,26,27734,5,0,0
17558,45,660,1.5,0.485,1,0,8879,210371,6,3,166.4,11,99645,5,0,1
9131,29,817,3.1,0.744,0,0,10924,109565,0,0,177.2,2,76155,5,0,1
1975,44,220,0.7,0.67,1,0,17580,22861,4,1,179.1,9,61700,5,0,0
3675,59,263,13.1,0.796,1,0,44147,44113,0,1,153.0,2,23786,5,0,0
10510,64,364,10.1,0.018,0,0,9796,124840,5,0,180.7,21,64395,5,0,1
3214,47,226,6.1,0.09,1,0,5765,38198,8,0,166.7,19,75171,5,0,1
6414,58,510,0.6,0.488,1,0,30538,76725,2,1,186.0,26,97463,5,0,1
7822,51,484,7.5,0.656,4,0,18741,92942,5,0,163.5,12,74763,5,0,0
2818,54,859,8.3,0.228,6,1,9271,34447,3,0,160.1,9,85265,5,0,1
4742,23,480,7.3,0.191,1,0,9790,56854,5,1,176.5,9,97773,5,0,1
702,24,363,0.6,0.63,1,0,8279,8044,1,1,191.3,23,70922,5,0,0
2658,49,423,5.2,0.045,1,0,9225,32836,3,1,153.8,10,45301,5,0,1
4223,49,345,9.0,0.296,2,1,7468,50786,6,1,178.4,5,70998,5,0,1
2324,42,229,4.3,0.405,0,1,3715,28062,5,2,175.6,9,69724,5,0,0
13087,50,244,5.2,0.448,5,0,8160,156923,8,0,169.7,23,68976,5,0,0
2083,24,670,3.1,0.583,2,0,33051,24717,6,1,190.7,18,31735,5,0,1
3774,69,233,3.8,0.284,2,1,4218,45382,0,2,150.9,10,93485,5,0,1
5315,29,852,0.2,0.49,1,0,6522,62352,5,0,181.1,17,30509,5,0,0
11669,33,626,5.1,0.468,1,1,3969,139082,2,2,179.7,26,79804,5,0,1
2076,33,420,0.4,0.438,1,1,20452,24149,7,0,182.0,10,45607,5,0,0
9876,60,733,2.9,0.512,6,0,15736,117305,0,0,180.7,14,54507,5,0,1
4945,53,891,1.7,0.208,2,0,2914,59562,9,1,172.4,4,62540,5,0,1
2727,30,566,3.9,0.068,1,0,1611,32328,1,0,166.9,10,50944,5,0,1
6485,24,749,0.7,0.095,0,0,16196,78388,2,0,163.9,24,49308,5,0,1
5538,53,781,5.9,0.18,4,1,2775,66310,2,0,175.9,22,22412,5,0,1
3428,64,315,7.9,0.4,0,1,15718,40656,6,1,169.9,30,66399,5,0,0
5124,68,438,0.9,0.672,4,1,4863,61371,7,0,167.9,18,37150,5,0,0
3900,26,534,0.6,0.561,1,0,14129,47272,8,2,164.5,5,81178,5,0,1
5261,49,640,0.8,0.631,3,0,11559,62923,6,1,165.9,9,68763,5,0,1
7312,28,347,10.5,0.281,2,0,5275,88284,7,0,177.8,6,85605,5,0,1
12728,25,208,3.8,0.324,2,0,4011,153201,5,2,170.2,16,41832,5,0,1
2338,50,487,3.1,0.315,3,0,12844,27686,1,0,182.1,22,76562,5,0,1
17673,40,587,0.6,0.153,1,0,4656,211747,0,4,156.5,23,79128,5,0,1
1523,42,249,5.2,0.049,1,0,19676,17920,2,0,176.2,16,76523,5,0,0
4486,25,716,10.1,0.473,1,1,4163,53145,8,1,159.9,29,91453,5,0,1
6995,62,837,8.8,0.791,2,0,10724,83112,6,1,182.1,11,17238,5,0,1
5817,39,786,4.9,0.133,1,1,5930,69470,1,1,182.4,21,83866,5,0,1
3382,21,876,0.4,0.037,1,0,8140,39281,0,1,155.9,15,70930,5,0,1
4337,57,477,0.6,0.624,1,0,4626,51390,1,3,162.3,19,15650,5,0,0
3656,20,499,0.3,0.202,3,1,7024,44023,2,2,162.8,3,47264,5,0,1
3450,46,788,1.5,0.664,6,1,1043,40613,5,1,182.6,16,59588,5,0,0
8182,58,848,0.7,0.563,2,0,4228,98732,8,0,164.1,21,27807,5,0,1
6088,46,817,1.5,0.757,0,0,5063,73258,7,1,176.9,20,35712,5,0,1
3243,51,806,2.4,0.327,0,0,7650,39746,9,1,163.4,5,72915,5,0,1
8431,51,334,14.3,0.53,3,0,22800,102107,8,2,180.8,30,64826,5,0,0
5909,45,779,4.7,0.372,3,1,4636,71181,7,1,181.7,9,37865,5,0,1
8004,30,346,9.0,0.504,4,0,25114,95655,6,2,186.7,5,11145,5,0,1
7170,32,689,6.2,0.36,2,0,4067,85112,5,1,168.3,4,97499,5,0,1
2988,40,677,0.6,0.151,0,1,3339,35020,7,1,170.0,13,84836,5,0,0
3511,61,358,6.7,0.406,2,0,1794,43014,5,0,168.6,20,96415,5,0,1
7695,43,583,1.6,0.423,3,0,13166,91494,1,2,170.3,17,65651,5,0,1
7088,21,362,5.1,0.648,2,0,8680,84848,8,1,165.7,26,16242,5,0,0
4853,43,640,2.1,0.588,1,0,12556,58738,8,2,180.6,20,23832,5,0,1
5273,57,388,30.3,0.531,2,0,9002,62739,2,1,162.4,12,74005,5,1,1
10578,26,614,1.5,0.091,2,0,8043,127496,8,0,168.6,30,69328,5,0,1
3446,22,538,1.6,0.576,1,0,10173,41220,1,3,171.9,20,89821,5,0,1
6824,49,806,13.3,0.4,1,1,45341,81898,2,2,174.9,25,84633,5,0,1
4353,37,380,0.1,0.715,4,1,5546,51993,5,1,158.1,27,57852,5,0,0
4313,67,487,6.0,0.736,2,0,41917,51197,3,0,167.5,20,11992,5,0,1
9502,28,386,6.5,0.044,4,0,16024,114272,7,1,170.2,7,46890,5,0,1
8064,32,337,9.1,0.657,1,0,10852,96954,0,0,178.0,1,39394,5,0,0
8007,49,329,18.3,0.03,1,0,12627,96354,5,0,167.9,30,59957,5,0,0
10756,45,393,18.6,0.294,3,1,628,129480,1,1,169.0,16,93912,5,0,0
4977,39,515,0.3,0.434,2,0,6572,59412,5,1,171.4,7,75353,5,0,1
7399,58,343,8.6,0.118,1,0,4740,88974,0,0,180.5,30,33880,5,0,1
4079,34,215,5.2,0.597,1,0,43910,49302,1,2,149.5,2,95520,5,0,0
5969,43,501,5.2,0.007,1,0,6166,71737,8,0,171.1,12,89077,5,0,1
4545,61,622,0.7,0.135,1,0,7912,54239,5,0,181.7,11,38975,5,0,1
5209,24,444,5.3,0.465,0,1,7810,62591,7,2,161.7,8,71616,5,0,0
7024,59,306,20.2,0.572,3,1,2849,83195,6,0,162.5,1,14010,5,0,1
3008,43,287,12.1,0.733,4,1,5176,36190,8,2,182.2,26,83811,5,0,0
17247,42,328,2.9,0.564,1,1,15576,206313,8,3,166.5,3,63510,5,0,0
2687,27,540,0.2,0.537,3,1,1472,32159,3,1,166.8,8,46088,5,0,0
2371,62,203,2.2,0.315,0,0,10395,28148,6,3,172.8,26,94425,5,0,0
9846,36,526,8.8,0.001,3,0,3939,118082,4,1,140.2,8,50596,5,0,1
7902,28,609,6.0,0.096,1,1,22923,93953,6,0,151.8,11,50653,5,0,1
7147,30,505,3.1,0.428,2,0,11113,86022,3,0,175.8,29,42155,5,0,1
7165,25,806,0.3,0.54,3,0,2402,86341,9,0,167.6,21,16349,5,0,1
4878,57,424,2.8,0.334,2,0,5808,57953,0,1,168.4,5,33347,5,0,1
2868,21,547,3.2,0.585,1,0,11647,33640,3,3,163.4,8,78598,5,0,1
5143,64,520,13.2,0.417,1,0,6353,61166,9,1,167.3,26,79388,5,0,1
3273,48,758,5.1,0.059,2,0,9100,39553,2,1,181.9,21,72241,5,0,1
8822,45,380,1.9,0.154,1,0,7979,105736,8,3,171.3,9,64142,5,0,0
4499,28,817,3.7,0.672,2,1,16211,53791,4,1,180.6,17,23160,5,0,1
2995,60,585,0.3,0.58,2,0,11517,35770,3,1,168.5,5,91858,5,0,0
4052,18,817,18.0,0.716,3,1,7796,48194,7,0,170.2,19,75923,5,0,1
6296,66,307,2.2,0.094,5,0,8220,75624,4,3,173.3,19,56891,5,0,1
3504,64,730,3.2,0.792,2,0,3407,42711,2,3,175.3,2,82446,5,0,1
3000,69,609,2.2,0.168,2,0,26210,35458,1,3,161.5,19,25758,5,0,1
5688,55,495,5.7,0.009,1,0,86662,68474,7,0,169.7,23,12003,5,0,1
5692,41,370,5.4,0.798,4,0,6221,68182,1,3,163.2,15,35607,5,1,0
3625,64,530,6.3,0.225,2,1,8418,43374,7,0,185.1,8,48513,5,0,1
3704,48,692,1.6,0.534,2,1,18252,45042,4,0,152.8,31,79083,5,0,1
5648,58,394,1.9,0.141,0,1,18170,68177,7,1,175.9,28,71781,5,0,0
2061,63,211,0.7,0.464,1,0,9345,24642,4,0,162.3,24,35672,5,0,0
2112,67,394,5.3,0.723,1,0,3711,25714,0,1,158.7,27,51819,5,0,0
3193,43,689,0.2,0.256,1,0,34701,37362,1,0,167.0,8,89992,5,0,1
4323,66,381,4.6,0.536,2,0,13974,50683,5,0,182.9,1,75837,5,0,0
5922,67,855,10.2,0.15,3,0,9666,70618,2,1,163.6,14,41603,5,0,1
11910,22,515,11.1,0.5,3,0,4544,142323,7,0,152.0,11,96081,5,0,1
8222,37,893,3.0,0.269,4,0,8487,98449,4,0,160.6,7,68265,5,0,1
4465,69,229,3.1,0.169,3,0,1897,54056,2,1,171.2,18,50478,5,0,1
4859,58,795,0.4,0.251,1,0,14657,58109,9,0,153.8,27,91714,5,0,1
2693,28,877,5.6,0.143,3,0,17814,32692,6,0,177.2,15,93752,5,0,1
4860,50,295,8.6,0.722,1,0,9738,58684,7,2,154.2,10,83778,5,0,0
4133,67,580,1.4,0.318,2,1,3758,48626,3,0,165.2,4,17496,5,0,1
5964,55,643,2.7,0.196,0,0,11632,71833,8,1,178.2,21,96402,5,0,1
2991,44,497,9.1,0.359,1,0,15212,36391,5,1,165.0,28,38357,5,0,0
6711,51,560,10.5,0.256,1,0,4471,81066,0,1,156.6,1,56252,5,0,1
12328,32,573,1.4,0.596,4,0,17106,147803,4,2,169.1,14,41212,5,0,1
4604,49,753,4.0,0.777,1,1,12327,55210,4,1,165.1,20,15887,5,0,1
6254,38,502,1.1,0.35,2,1,6507,75042,6,0,182.1,20,93398,5,0,1
7435,63,620,0.5,0.689,2,0,5186,89106,6,0,178.2,25,44856,5,0,1
3863,22,445,12.1,0.453,1,0,7022,45766,5,0,175.1,9,16040,5,0,0
5622,23,436,8.6,0.126,3,1,3727,66987,7,0,170.2,13,23440,5,0,1
4952,55,733,7.1,0.552,4,0,9978,59660,1,0,167.8,29,38371,5,0,1
5211,39,384,0.2,0.411,0,1,12667,62390,6,2,167.8,27,29724,5,0,0
3090,35,667,9.3,0.52,2,0,20637,37064,9,0,152.9,26,77879,5,0,1
4987,31,562,2.9,0.712,2,0,10280,60324,6,1,170.0,17,17188,5,0,1
6626,27,482,2.1,0.352,5,1,11081,79484,3,0,162.1,24,69580,5,0,1
11739,63,752,4.0,0.721,2,0,6539,140231,9,2,169.1,20,55216,5,0,1
8739,30,535,0.5,0.601,2,0,4026,105906,1,2,170.5,4,82392,5,0,1
17888,48,361,7.1,0.391,4,0,5744,214441,3,0,165.1,5,32044,5,0,1
3101,47,359,4.4,0.483,1,0,25398,36968,3,1,179.3,18,20620,5,0,0
8294,20,673,1.0,0.26,4,1,13457,99605,5,1,159.3,31,30723,5,0,1
5486,47,800,1.0,0.787,3,0,11225,65696,6,1,165.1,17,51142,5,0,1
18285,23,521,1.0,0.534,6,0,1896,219324,2,2,166.7,21,51503,5,0,1
3026,46,211,0.3,0.035,0,1,10407,35962,9,3,181.6,7,99011,5,0,0
2969,25,623,4.4,0.261,3,0,2796,36048,0,1,170.3,10,40243,5,0,1
3430,61,272,9.2,0.499,1,0,2961,41653,2,1,169.8,9,42860,5,0,0
1374,62,787,0.1,0.045,1,1,3238,17332,8,0,178.7,28,77951,5,0,1
3585,60,400,0.3,0.019,2,1,4366,43938,0,0,164.8,28,14254,5,0,0
3116,61,721,4.3,0.36,2,0,15783,36339,7,1,178.8,13,86173,5,0,1
5378,50,704,8.6,0.266,1,0,9713,64776,1,0,174.0,18,34510,5,0,1
6033,34,887,2.0,0.351,2,1,3810,71739,5,0,182.4,12,82052,5,0,1
15149,65,238,2.2,0.21,3,1,5091,182367,2,1,166.2,8,79937,5,0,1
8692,28,259,4.5,0.132,2,1,12072,104401,6,2,167.1,23,42122,5,0,1
3476,30,777,1.6,0.551,2,0,14160,41282,1,0,171.4,18,69317,5,0,1
2866,67,520,0.1,0.412,4,0,9017,33759,3,2,169.4,5,95209,5,0,0
6602,28,634,6.6,0.16,1,0,3235,78832,9,1,177.7,7,39653,5,0,1
2225,48,835,4.9,0.256,0,1,5825,26233,8,2,167.8,15,53336,5,0,1
14748,45,875,4.3,0.473,3,1,54436,177576,5,0,159.4,3,73328,5,0,1
9973,61,607,6.8,0.058,2,0,3075,119647,3,1,183.5,18,30822,5,0,1
3708,23,585,5.6,0.118,5,0,10937,43934,1,1,189.2,6,82403,5,0,1
1758,58,870,1.2,0.059,3,0,44208,21244,9,1,154.3,26,56944,5,0,1
11073,33,768,2.2,0.65,7,1,6510,133015,8,0,174.8,29,46002,5,0,1
4588,21,277,0.7,0.602,1,0,35138,54928,3,2,177.5,6,97917,5,0,0
10328,52,393,0.7,0.603,4,0,4674,124499,8,0,172.4,27,27517,5,0,0
1888,65,484,5.6,0.573,1,0,1669,22891,1,0,185.7,20,87366,5,0,0
3430,43,726,9.8,0.536,2,0,5097,41355,6,2,156.6,1,20589,5,0,1
4930,29,723,16.4,0.382,4,0,4419,58188,4,2,164.4,21,70117,5,0,1
5055,28,812,4.9,0.514,2,1,2129,60443,7,1,171.1,17,69264,5,0,1
3751,54,355,1.0,0.031,0,1,5802,45295,7,0,179.2,11,44830,5,0,0
7141,42,539,0.6,0.497,2,0,17904,85833,3,2,182.1,30,69544,5,0,1
2590,35,324,8.4,0.622,2,0,5037,31079,3,0,157.9,27,14627,5,0,0
4512,36,479,4.3,0.4,0,1,5998,54446,7,0,152.2,24,76004,5,0,0
5282,40,821,4.8,0.286,1,0,24255,63568,2,1,177.8,2,76880,5,0,1
6691,55,857,7.6,0.222,3,0,4453,80653,6,2,171.2,25,35454,5,0,1
7532,35,873,6.1,0.514,0,1,13294,90540,7,1,171.6,9,71806,5,0,1
2502,43,327,9.0,0.554,1,1,2067,30364,7,2,178.0,19,81634,5,0,0
1957,23,513,0.3,0.697,1,1,3740,23798,9,2,161.9,6,42229,5,0,0
10578,21,531,6.9,0.274,2,0,6831,126894,3,1,167.6,25,31341,5,0,1
5999,61,349,9.5,0.616,0,0,21317,71972,8,2,175.2,7,25375,5,0,0
3136,68,653,1.7,0.449,0,0,3904,37670,9,1,160.5,4,62497,5,0,1
12465,46,235,5.1,0.706,0,0,3867,148957,3,0,164.6,3,59740,5,0,1
5267,51,884,1.9,0.422,3,1,10075,62431,7,1,171.0,2,75627,5,0,0
9972,34,619,15.8,0.414,3,0,11456,119915,5,2,175.2,10,72515,5,0,1
5117,60,221,0.2,0.462,0,1,3538,61682,4,2,155.5,10,11884,5,0,0
16923,60,405,4.3,0.599,2,0,5337,203063,3,3,176.7,17,88968,5,0,0
14089,33,838,0.9,0.772,3,0,19328,169245,4,3,174.4,27,95041,5,0,1
4232,19,555,6.2,0.059,5,1,3152,51112,0,1,161.6,16,89738,5,0,1
8803,51,639,1.0,0.043,3,0,10648,105853,6,0,192.5,26,85767,5,0,1
7238,25,295,1.3,0.75,1,0,5356,87136,7,3,160.5,27,50720,5,0,0
11172,30,363,3.4,0.424,3,0,24886,133415,8,1,177.3,1,19595,5,0,0
2754,59,347,12.3,0.492,2,0,12891,33870,2,3,172.8,12,95623,5,0,0
7417,25,729,1.2,0.386,0,0,16390,89165,8,2,165.9,20,80018,5,0,1
9274,47,493,0.8,0.075,2,0,5270,111755,9,0,170.9,20,44749,5,0,1
1710,49,394,7.1,0.614,4,0,15671,20812,4,0,175.3,25,23918,5,0,0
2416,53,862,3.5,0.598,3,1,15348,28476,9,3,198.5,10,39984,5,0,0
1445,64,679,12.1,0.249,2,0,12278,16996,5,2,155.5,1,25813,5,0,1
4181,47,322,0.8,0.245,3,0,6463,49909,0,1,142.9,16,14466,5,0,0
7559,18,599,5.2,0.67,3,0,9228,91282,8,0,159.9,11,44999,5,0,1
12105,60,898,1.3,0.058,1,0,1840,144778,8,1,169.7,4,68115,5,0,1
5138,56,651,0.9,0.705,1,0,33097,61029,5,1,176.7,3,97701,5,0,1
13058,34,860,5.8,0.205,5,0,4998,156910,7,1,171.0,25,51164,5,0,1
2147,37,303,4.5,0.474,2,0,6198,26640,3,1,168.5,13,88777,5,0,0
1768,41,661,7.0,0.749,4,1,2823,20795,4,1,185.4,21,88648,5,0,0
4753,67,595,1.9,0.542,4,1,13881,57752,4,2,162.1,15,84919,5,0,0
6188,39,536,3.0,0.332,2,1,12374,74629,6,1,186.6,25,29699,5,0,1
4819,46,798,2.6,0.552,2,0,6397,57617,6,1,176.2,10,21481,5,0,1
1421,39,341,20.7,0.275,3,0,1251,16390,6,0,185.0,6,80711,5,0,0
4658,61,516,1.7,0.222,4,1,4585,55727,4,0,160.6,11,93518,5,0,1
2246,26,757,1.7,0.797,1,0,11707,26556,3,0,166.5,25,41334,5,0,0
7345,54,726,2.2,0.601,2,1,9908,88740,7,2,155.4,1,69252,5,0,1
6123,27,755,4.2,0.516,1,0,7809,73459,0,0,173.0,29,93462,5,0,1
2796,53,600,1.5,0.284,6,0,5772,33792,0,1,173.2,20,18333,5,0,1
3610,54,880,12.3,0.039,2,1,2291,43563,5,1,190.1,4,89996,5,0,1
2603,45,509,1.5,0.025,2,1,17519,30916,1,0,170.8,30,75625,5,0,1
4733,45,694,11.3,0.443,1,1,2560,56832,2,2,154.8,26,30790,5,0,1
8717,59,755,0.5,0.61,4,1,6881,105104,3,0,179.4,10,15490,5,0,0
2720,60,809,5.3,0.43,2,0,3540,32602,1,1,160.9,22,58055,5,1,1
6650,38,308,11.9,0.673,3,0,17942,79667,9,1,157.3,26,87240,5,0,1
3575,41,571,0.9,0.027,1,1,12908,43245,6,1,177.0,15,27593,5,0,1
3054,59,815,17.3,0.293,4,0,6088,35997,9,0,162.3,31,47746,5,0,1
4609,57,405,3.0,0.19,4,0,14086,54206,0,1,164.0,29,45992,5,0,1
2640,19,242,14.6,0.358,0,0,2456,31824,2,1,184.0,1,47624,5,0,1
3525,25,444,5.6,0.058,8,0,7603,42812,1,1,175.1,26,99713,5,0,1
2395,65,486,1.8,0.763,3,0,3484,29640,8,0,176.0,21,32623,5,0,0
15975,44,554,1.0,0.179,2,0,18398,191798,7,2,156.2,15,10148,5,0,1
5019,39,675,1.8,0.738,3,1,10931,60640,2,1,177.1,3,25263,5,0,1
3229,54,282,0.5,0.341,0,1,13628,39407,4,1,167.2,1,34449,5,0,1
5588,44,309,0.8,0.788,2,0,5205,67071,2,1,165.6,6,99619,5,0,0
4594,46,389,0.6,0.443,2,0,14703,54807,5,1,174.1,19,60577,5,0,0
4304,20,450,2.7,0.745,1,0,3315,51275,4,2,170.1,4,52314,5,0,0
7104,61,490,7.9,0.004,3,0,3718,85100,1,0,155.4,12,23538,5,0,1
7742,30,844,0.8,0.599,2,0,7043,93628,9,1,179.5,25,61787,5,0,1
3574,62,400,0.7,0.722,2,0,3836,43354,7,1,180.5,2,77899,5,0,0
3479,27,525,5.2,0.112,2,0,14295,41638,5,0,164.1,17,75246,5,0,1
4167,53,710,1.1,0.077,3,0,5548,50626,2,1,176.1,26,37508,5,0,1
1235,26,608,0.5,0.34,3,0,3413,15046,0,0,179.1,6,78643,5,1,1
1980,44,806,0.9,0.747,3,0,3077,23651,4,0,151.3,12,15628,5,0,0
11160,51,707,12.9,0.434,1,0,14156,134008,1,0,164.8,31,76987,5,0,1
13186,68,800,8.6,0.422,2,0,1058,158433,1,0,148.2,15,51409,5,0,1
4232,18,271,2.2,0.113,3,0,3608,50852,8,3,176.3,17,25180,5,0,1
6946,49,446,5.3,0.001,0,1,24892,84222,9,0,174.5,1,22377,5,0,1
5923,42,840,3.9,0.648,3,0,6151,71001,6,1,163.4,14,53548,5,0,1
31173,46,807,5.7,0.07,1,1,14373,373384,5,3,168.5,23,65003,5,0,1
9621,24,786,5.7,0.507,1,0,11407,115608,0,0,166.3,2,62100,5,0,1
4551,66,765,5.0,0.732,0,1,6955,54466,9,2,149.6,4,30319,5,0,1
2770,20,543,1.5,0.167,2,0,2149,32568,1,1,183.0,20,40685,5,0,1
1874,37,253,0.2,0.532,3,1,2805,22820,6,2,172.6,2,33214,5,0,0
5552,37,727,3.0,0.063,2,0,2767,64820,2,0,168.6,22,62861,5,0,1
3121,47,810,11.1,0.483,4,1,11916,37596,1,0,168.6,26,93209,5,0,1
2093,52,731,4.2,0.131,1,0,13844,23931,5,0,177.1,14,59655,5,0,1
3334,52,757,8.9,0.589,2,0,4011,40010,7,0,154.1,18,67103,5,0,1
2568,66,392,23.9,0.241,1,1,7608,31092,7,0,161.2,28,94067,5,0,0
13524,56,257,0.9,0.371,2,0,8155,162654,1,0,172.1,8,19657,5,0,1
8341,44,636,5.9,0.48,4,1,8626,100496,5,2,181.2,20,14520,5,0,0
4891,43,310,5.6,0.137,0,0,4404,58164,4,0,145.9,1,46484,5,0,1
11943,31,328,19.5,0.593,3,0,30044,143410,6,0,180.0,16,39577,5,0,0
5148,34,525,21.2,0.242,1,1,13936,61425,3,3,162.9,7,57599,5,0,1
2931,35,207,5.8,0.53,2,0,8590,34792,1,2,167.1,31,40558,5,0,0
12257,62,228,1.4,0.127,1,0,5350,147028,9,1,170.3,6,11210,5,0,1
6790,69,311,8.0,0.55,2,1,4159,81269,2,2,159.0,28,73807,5,0,0
2637,46,872,0.6,0.103,3,1,11140,31125,8,0,157.6,30,83594,5,0,0
4384,37,330,7.6,0.34,3,1,5546,52768,9,1,172.1,22,62972,5,0,1
2906,44,387,12.1,0.198,1,0,9018,35146,7,2,188.9,27,53304,5,0,1
2143,35,874,2.4,0.599,1,0,1773,25285,8,3,160.5,19,86999,5,0,0
8567,21,674,5.0,0.21,3,0,5303,102711,4,1,160.5,10,12843,5,0,1
15454,18,563,2.8,0.705,5,0,7425,185364,4,0,157.8,23,89871,5,0,1
2123,67,403,2.9,0.713,1,1,17575,25400,6,0,167.7,6,29834,5,0,0
6889,18,411,1.9,0.157,3,0,3874,82639,6,0,160.2,26,62670,5,0,0
3326,43,820,7.2,0.491,1,0,2468,40056,0,0,160.4,10,82180,5,0,1
3669,62,475,13.8,0.07,1,0,11565,44611,4,2,172.1,25,95780,5,0,1
3444,37,272,14.1,0.313,2,1,7698,41393,7,2,155.6,19,93064,5,1,0
2926,69,878,1.0,0.571,0,1,2043,34856,6,2,186.2,3,62278,5,0,0
5059,40,442,10.4,0.528,2,0,2126,60701,1,1,158.2,20,50428,5,0,1
2985,27,301,6.7,0.5,2,0,4829,35288,7,1,181.3,3,75553,5,0,0
5780,28,884,1.5,0.226,1,1,7577,68911,1,1,189.7,20,81535,5,0,1
4768,58,370,0.3,0.302,4,0,24622,57432,9,1,182.0,6,93576,5,0,0
4258,58,852,1.6,0.082,5,0,3412,49531,0,2,180.7,17,87933,5,0,1
2851,22,387,12.2,0.575,2,0,12469,34103,2,1,178.0,18,55386,5,0,0
3477,18,640,5.0,0.403,1,0,1688,42188,2,0,172.1,10,44055,5,0,1
7732,34,285,6.4,0.567,2,0,10815,92985,5,0,181.8,6,26651,5,0,0
6637,39,675,1.5,0.199,3,1,27045,80074,2,0,167.4,28,43202,5,0,1
2733,51,251,6.4,0.26,0,0,9075,32963,6,1,178.7,13,61187,5,0,0
5216,62,310,0.1,0.267,1,0,4747,63588,7,0,181.1,6,45265,5,0,0
7714,58,242,2.4,0.021,5,1,21720,91952,2,1,175.1,12,49208,5,0,0
1805,46,410,4.9,0.273,3,1,10711,21717,8,0,167.3,14,48805,5,0,0
6809,21,399,0.8,0.643,0,0,9162,82071,0,2,174.9,17,50574,5,0,0
3302,22,826,8.7,0.718,4,0,3589,39413,2,0,166.3,22,62360,5,0,1
6921,28,225,1.3,0.415,2,0,10840,83641,2,1,164.6,30,54938,5,0,0
3108,68,498,5.3,0.364,2,0,4685,37598,6,4,177.9,27,99084,5,0,1
1664,38,276,2.6,0.025,1,0,10395,19222,4,2,171.5,28,58524,5,0,1
1850,52,336,4.5,0.703,4,0,8423,22381,3,0,177.8,25,57515,5,0,0
5058,29,219,0.6,0.01,1,0,19289,61000,1,1,171.5,8,98383,5,0,0
5743,43,639,0.1,0.756,1,0,5111,69732,6,3,175.1,31,81231,5,0,1
2856,68,410,12.0,0.391,3,0,7190,34182,2,1,184.0,26,89173,5,0,1
7209,36,750,1.6,0.274,2,0,15346,86787,6,0,168.4,5,89414,5,0,1
1813,62,634,8.6,0.739,2,0,6708,21884,9,3,166.0,29,14886,5,0,1
4723,24,406,36.7,0.02,1,0,7964,56394,6,2,174.3,4,13771,5,0,1
2376,64,638,1.2,0.465,2,0,5852,28337,1,1,144.2,6,69070,5,0,1
3323,24,865,1.5,0.439,2,0,7108,38779,6,0,177.1,11,48672,5,0,1
5056,43,241,5.4,0.175,1,0,13860,60435,5,1,161.4,30,56686,5,0,1
2932,57,610,16.8,0.343,2,0,35197,35969,9,0,186.8,28,57193,5,0,1
3902,22,722,12.4,0.522,1,0,2115,46737,3,2,177.9,5,90630,5,0,1
8989,38,809,3.5,0.582,3,1,2945,108290,4,1,179.2,29,95432,5,0,1
3476,31,626,7.9,0.001,0,1,7235,41825,7,2,179.4,22,54765,5,0,1
8114,21,474,0.7,0.749,1,0,8431,97580,4,0,165.4,14,56346,5,0,0
2495,40,647,19.0,0.132,2,1,6808,30937,2,0,167.4,30,34487,5,0,1
6753,59,568,16.7,0.187,3,0,5205,80831,1,0,153.1,10,87111,5,0,1
11671,37,419,0.9,0.211,3,0,3023,139844,5,1,184.9,11,93764,5,0,1
1115,32,776,1.8,0.03,0,1,4971,13923,5,0,157.1,3,13924,5,0,1
3046,67,431,0.5,0.098,1,0,15580,36511,6,1,169.9,31,58469,5,0,0
6948,69,527,1.6,0.789,2,0,8729,83239,7,1,182.3,23,55938,5,0,1
4351,62,642,8.5,0.252,0,0,13911,52688,3,2,185.3,8,31265,5,0,1
6140,46,251,2.4,0.092,2,0,3094,73809,7,0,167.5,21,26918,5,0,1
3420,25,575,0.5,0.086,3,0,25727,40964,0,0,152.9,5,50345,5,0,1
5176,58,462,2.1,0.576,2,0,5169,61941,5,0,172.3,28,81266,5,0,0
4476,65,466,19.9,0.684,4,0,11850,53290,5,0,173.3,20,18476,5,0,0
9903,36,558,5.0,0.206,2,0,7331,118061,2,0,174.2,31,50755,5,0,1
5725,65,516,2.7,0.017,2,0,5260,69255,8,1,166.9,26,20861,5,0,1
6018,56,523,0.9,0.178,0,1,11455,72003,4,1,168.6,21,71130,5,0,1
3838,63,865,21.4,0.045,0,1,13100,45204,0,2,163.1,28,79677,5,0,1
3668,45,851,8.6,0.083,2,0,69592,44907,6,3,171.6,10,50704,5,0,1
3791,63,762,1.7,0.345,1,0,13513,45535,9,1,178.0,27,72910,5,0,1
6227,44,828,0.4,0.184,1,1,13351,74735,2,2,172.6,8,39839,5,0,0
3817,21,620,0.3,0.413,3,0,20249,45010,9,2,169.6,21,67405,5,0,1
5848,32,245,0.6,0.203,2,0,12400,70466,9,1,181.2,9,97781,5,0,1
17072,52,799,4.3,0.752,4,0,7855,204598,3,0,172.6,29,64353,5,0,1
8288,54,468,13.2,0.725,3,1,10515,99191,5,2,170.3,28,28767,5,0,0
4041,18,800,3.4,0.453,2,0,16056,48698,7,3,170.8,29,67554,5,0,1
10104,20,580,9.3,0.284,1,0,24651,121308,3,1,157.9,15,94367,5,0,1
3847,64,317,3.0,0.305,1,0,2419,45677,8,2,159.1,1,95189,5,0,1
1446,41,765,6.2,0.329,2,0,1786,16639,7,0,168.8,23,18568,5,0,1
2684,44,315,6.6,0.582,5,0,23829,32290,9,0,162.6,5,52145,5,0,0
1599,57,829,1.0,0.361,4,0,4281,19227,9,3,169.5,15,37855,5,0,1
3980,53,459,2.2,0.685,1,0,2150,49063,5,0,178.6,4,62650,5,0,0
4969,51,274,5.1,0.755,0,0,1995,58504,6,2,177.1,19,24379,5,0,0
13438,46,679,0.4,0.269,0,0,34251,161329,7,1,173.9,28,78383,5,0,1
5979,41,504,2.2,0.449,5,1,16351,70936,1,0,178.4,10,99578,5,0,1
4309,41,206,3.8,0.076,4,1,4289,51500,4,5,180.3,23,33830,5,0,0
8084,59,565,27.9,0.16,2,0,4433,96794,6,1,179.9,28,34467,5,0,1
1304,21,833,3.2,0.331,2,0,8466,15919,7,1,179.7,2,68130,5,0,1
5661,20,722,8.5,0.165,4,0,16115,68216,4,1,158.0,5,43500,5,0,1
7804,51,547,2.8,0.701,3,0,6404,94330,2,0,151.1,18,64215,5,0,1
2024,66,637,8.0,0.127,6,1,4320,24411,5,0,162.2,23,71212,5,0,1
9761,40,414,4.5,0.365,0,0,20091,117624,4,2,165.4,6,33620,5,0,1
6021,69,628,10.9,0.485,3,0,7937,72939,7,0,179.3,29,55577,5,0,1
3830,40,697,2.6,0.553,1,1,6951,46089,8,1,169.0,10,69999,5,0,1
7184,62,739,4.6,0.306,1,1,13012,86795,8,1,165.2,15,34195,5,0,1
19195,22,566,5.0,0.695,1,0,1466,230446,5,1,171.6,23,54254,5,0,1
5481,48,512,2.7,0.455,5,0,11840,65768,3,0,175.4,28,74383,5,0,1
5704,58,737,0.8,0.352,6,0,11256,68125,3,1,177.8,9,38222,5,0,1
3730,23,253,0.5,0.054,1,1,2688,44951,8,1,165.9,13,14619,5,0,0
2951,54,740,0.1,0.372,2,1,1714,35583,3,0,160.4,18,86039,5,0,0
8088,27,666,10.3,0.657,0,0,5159,97234,7,1,162.2,25,42287,5,0,1
2940,57,363,1.3,0.492,0,0,9380,35850,8,0,171.2,7,68928,5,0,0
5130,24,533,1.2,0.666,4,0,10177,62013,4,0,159.5,2,62158,5,0,0
3690,56,746,6.7,0.395,2,0,31673,43542,5,0,179.5,16,30428,5,0,1
6551,55,547,1.9,0.095,1,0,9383,77884,2,2,159.6,26,76746,5,0,1
6004,38,472,3.5,0.011,2,0,2646,72109,4,1,154.4,2,21606,5,0,1
9159,37,613,0.9,0.243,0,0,6629,109419,4,2,171.6,4,61138,5,0,1
3619,20,699,16.1,0.558,0,1,2867,43380,1,2,167.2,2,99393,5,0,1
4180,68,292,9.5,0.632,2,0,7021,49704,9,0,174.7,17,28132,5,0,0
2731,39,884,10.0,0.237,2,0,25012,32820,5,0,165.0,6,91094,5,0,1
3764,64,278,2.6,0.397,0,0,11700,44658,8,1,174.0,10,59909,5,0,1
6163,21,821,7.2,0.337,2,1,4552,74156,6,1,180.1,14,76454,5,0,1
7740,45,416,0.8,0.328,1,0,13015,92345,7,0,163.8,27,35695,5,0,0
2826,29,557,0.0,0.185,3,1,4349,33979,1,0,175.1,15,18897,5,0,0
8281,55,817,0.1,0.109,4,0,888,98528,8,0,188.0,21,97974,5,0,1
11085,68,706,4.4,0.157,4,1,3020,132454,2,0,177.7,12,31313,5,0,1
6298,53,758,3.0,0.044,2,1,11693,75928,9,1,162.1,19,78397,5,0,1
15154,64,380,3.6,0.159,4,0,15030,182489,4,1,173.3,11,63646,5,0,0
3089,58,775,0.0,0.007,4,1,32020,37523,6,2,157.0,1,44575,5,0,1
2329,22,445,2.7,0.502,2,0,10646,28326,3,1,158.4,25,78185,5,0,0
1690,30,443,6.3,0.253,2,0,23806,21020,6,1,184.9,8,14423,5,0,0
12059,40,705,2.9,0.779,0,0,13414,145190,7,1,174.1,22,52580,5,0,1
7278,67,621,6.6,0.155,4,0,17152,86570,9,0,185.4,6,74806,5,0,1
4753,47,519,1.3,0.277,3,1,19562,57512,9,2,174.3,12,45210,5,0,1
5813,54,286,8.4,0.286,2,1,11963,70224,3,4,164.5,20,83175,5,0,1
2501,42,416,4.4,0.007,3,0,19146,29075,4,0,170.4,16,12595,5,0,0
21321,65,689,1.2,0.671,3,0,4633,255515,2,0,172.7,29,97057,5,0,1
5310,44,718,1.4,0.026,2,0,1162,64509,4,1,192.1,18,55974,5,0,1
5248,68,477,4.9,0.752,6,0,13637,62911,7,0,177.0,12,55132,5,0,1
7596,31,368,8.9,0.714,1,0,10936,90581,2,0,162.6,20,79611,5,1,1
6559,65,529,2.7,0.428,2,1,4022,79139,4,0,168.1,30,85177,5,0,1
5621,64,849,1.5,0.435,2,0,2951,67314,9,0,174.7,2,95862,5,0,0
3058,53,640,10.1,0.523,2,0,8996,36502,0,1,159.1,29,44539,5,0,1
6521,56,590,5.5,0.31,3,1,14379,78688,1,2,169.8,7,64827,5,0,1
15202,33,695,3.0,0.518,2,0,12282,182625,2,0,168.0,31,60169,5,0,1
11017,39,580,3.3,0.036,3,0,3584,132144,0,2,174.9,9,71568,5,0,1
12783,38,505,1.1,0.043,1,0,4288,153561,8,2,169.0,29,35094,5,0,1
3616,38,872,4.9,0.366,1,0,13843,43304,8,0,156.0,18,94271,5,0,1
2714,25,712,2.2,0.44,0,1,8588,33024,4,2,169.5,9,52095,5,0,1
4557,66,387,27.2,0.71,6,0,18922,53975,3,1,177.7,25,94692,5,0,0
5081,33,715,3.3,0.084,2,0,6256,60875,4,1,184.5,8,19007,5,0,1
9475,48,843,3.3,0.658,6,0,14641,113493,3,0,179.6,1,60125,5,0,1
1780,59,626,4.2,0.168,2,0,7850,21512,4,2,154.0,5,52922,5,0,1
12304,27,701,12.4,0.315,1,1,4544,147084,6,1,156.6,16,70210,5,0,1
4470,49,459,8.1,0.253,1,1,17026,54389,7,2,159.4,14,69754,5,0,1
3804,51,712,3.0,0.32,0,1,3662,45277,1,2,185.1,26,23377,5,0,1
2677,26,270,6.3,0.12,2,0,8598,32653,3,1,174.9,13,11800,5,0,0
1820,34,677,4.4,0.403,2,0,9339,22142,7,1,196.4,29,27192,5,0,1
8053,28,377,3.4,0.641,5,0,7359,96743,6,1,182.8,11,64590,5,0,1
5135,49,656,1.1,0.353,1,0,17901,61743,8,0,171.0,20,47901,5,0,1
2266,27,388,3.1,0.392,1,0,12811,26263,4,1,165.4,23,10969,5,0,0
2259,39,490,1.4,0.679,2,0,11646,26855,5,0,173.7,13,46847,5,0,0
4017,34,719,12.3,0.565,2,1,8559,49829,7,1,178.4,27,61031,5,0,1
13378,21,491,2.0,0.392,2,0,35777,160642,4,1,182.1,15,91137,5,0,0
4205,65,834,15.2,0.206,0,0,26153,50665,8,0,167.1,30,46087,5,0,1
1994,69,482,3.8,0.708,3,0,16908,22968,3,0,191.9,24,47473,5,0,0
4240,64,743,5.0,0.462,3,0,14825,50758,7,2,169.6,30,49379,5,0,1
4172,42,576,3.9,0.177,3,0,5005,49885,2,1,181.8,26,40655,5,0,1
974,38,857,0.7,0.215,1,0,7791,11317,4,1,173.4,27,25259,5,0,1
4757,54,355,2.4,0.643,3,0,13475,57371,7,1,166.5,16,75923,5,0,0
4278,55,707,0.5,0.035,1,0,18793,51122,9,1,150.4,13,55814,5,0,1
7463,66,612,4.9,0.794,2,1,16541,89193,6,2,157.6,8,78025,5,0,1
14903,18,727,3.0,0.104,2,0,12897,178100,0,0,181.8,18,62996,5,0,1
9661,42,554,7.5,0.637,1,0,40154,115379,3,0,177.5,19,78426,5,0,1
4182,68,758,1.2,0.316,5,0,7270,49692,1,1,175.9,29,55100,5,0,1
2530,53,386,0.9,0.394,1,0,18225,30188,1,1,185.5,26,76258,5,0,0
23017,34,230,2.6,0.705,2,1,16533,275956,6,2,160.2,15,18947,5,0,0
5092,58,459,13.1,0.33,1,0,11559,60790,2,1,165.3,10,45018,5,0,1
4956,41,620,6.2,0.43,4,0,11901,58630,2,2,166.0,23,75461,5,0,1
4844,19,728,2.7,0.039,2,1,11710,57625,5,0,156.6,4,32510,5,0,1
5535,57,750,3.6,0.002,1,0,4598,66483,5,4,162.0,6,21207,5,0,1
4506,32,503,0.4,0.196,1,0,11166,54801,0,0,159.3,8,25073,5,0,1
3483,49,238,20.9,0.544,1,0,14744,42596,0,0,154.3,24,88183,5,0,0
3540,56,688,5.5,0.097,3,0,10483,43479,5,1,161.0,7,18190,5,0,1
4819,23,843,1.7,0.091,1,1,1856,57959,6,0,169.3,29,46855,5,0,1
3547,18,741,4.4,0.329,1,0,2278,42536,8,3,187.9,12,47846,5,0,1
3204,64,869,0.6,0.518,3,0,4210,38765,3,1,159.8,18,18142,5,0,1
5238,40,477,16.9,0.57,3,0,7409,62676,9,1,180.7,18,62470,5,0,1
4217,56,402,1.0,0.143,2,0,4395,51005,5,2,172.2,19,71805,5,0,1
12117,34,265,5.2,0.064,0,0,13585,145323,2,1,174.4,4,89949,5,0,1
1001,51,307,1.4,0.752,1,0,21027,12150,3,1,171.4,1,10768,5,0,0
9460,58,467,6.3,0.209,2,0,23551,113155,8,2,151.5,5,37255,5,0,1
10380,46,421,7.5,0.683,1,0,10608,125042,0,1,159.5,30,51946,5,0,0
1416,26,729,5.6,0.691,0,1,19289,16499,4,3,175.7,7,15557,5,0,0
4001,30,289,4.8,0.618,0,0,5166,47693,6,0,170.5,28,53319,5,0,1
3932,23,892,11.1,0.135,0,0,7177,47015,2,2,153.5,26,28691,5,0,1
2112,23,454,0.4,0.657,2,0,3185,24925,1,2,167.8,11,64463,5,0,0
3081,37,654,2.0,0.615,0,1,21279,37255,1,0,175.9,21,86309,5,0,1
2524,69,452,1.4,0.477,0,1,39056,30352,0,2,157.5,30,20263,5,0,0
14063,20,456,22.1,0.27,5,1,6131,168267,4,0,166.0,23,62142,5,0,0
8616,34,582,2.5,0.21,3,0,1427,103131,2,1,185.2,21,88922,5,0,1
10540,66,641,6.6,0.098,1,1,3773,126550,6,1,175.9,11,97917,5,0,1
7577,29,798,5.8,0.408,0,0,4816,91028,0,1,185.9,10,90794,5,0,1
2496,65,289,1.2,0.468,2,0,2804,29474,8,0,166.2,24,35993,5,0,0
3587,64,589,1.4,0.287,0,0,3553,43052,1,2,180.8,7,22324,5,0,1
6592,62,781,1.7,0.38,1,1,9544,79415,7,0,159.7,16,72432,5,0,1
2360,18,243,2.6,0.291,1,1,13736,28168,9,2,178.3,30,36162,5,0,1
7538,34,863,1.3,0.513,2,1,1553,89943,3,0,162.9,1,80203,5,0,0
4254,20,797,0.1,0.721,2,1,5293,51714,5,0,174.6,27,42383,5,0,1
3924,43,218,10.6,0.131,3,0,8351,47402,8,1,175.1,1,30786,5,0,1
7529,32,300,16.8,0.305,2,0,3451,90140,6,2,176.9,12,65357,5,0,1
6416,53,806,2.1,0.113,2,0,9788,77039,7,1,159.9,16,85954,5,0,1
3957,49,556,2.1,0.5,2,1,7374,47306,6,1,173.2,5,41259,5,0,1
9853,49,741,0.0,0.583,0,0,5659,117741,1,0,170.3,14,58879,5,0,1
2569,21,232,5.7,0.746,2,1,4057,31169,8,0,182.5,18,41651,5,0,0
7112,35,428,8.7,0.223,0,0,10084,86176,0,0,163.6,9,89591,5,0,1
7015,66,723,0.8,0.76,0,0,4399,84632,1,3,156.9,2,71080,5,0,1
4081,36,829,0.9,0.051,4,0,2025,49094,2,1,153.5,12,84659,5,0,1
5977,60,354,7.8,0.482,2,0,8247,71565,2,1,167.1,25,49756,5,0,0
2320,69,622,4.8,0.046,3,1,3007,26509,9,0,165.7,10,23755,5,0,1
8556,52,445,0.2,0.715,4,0,2171,103456,3,1,167.0,2,85270,5,0,0
4398,57,604,4.9,0.424,4,0,8987,52442,4,1,167.0,15,58704,5,0,1
3591,31,740,1.8,0.535,1,0,7112,43508,5,1,183.9,4,54666,5,0,0
9222,50,360,2.3,0.665,3,0,4051,111134,0,1,168.5,19,99123,5,0,0
3220,31,316,7.3,0.12,1,0,9731,39096,7,0,181.3,22,49661,5,0,1
2111,51,470,8.3,0.031,3,0,11374,24632,5,1,173.8,4,87277,5,0,0
1931,21,891,2.6,0.703,1,1,9816,23663,9,0,160.9,25,29528,5,0,0
7069,41,686,14.7,0.252,2,0,9535,84590,8,0,170.1,9,98802,5,0,1
2279,46,371,2.6,0.103,3,0,2243,27303,4,1,185.5,13,33854,5,0,0
14085,36,473,7.4,0.375,1,0,22801,168960,6,1,180.2,10,91242,5,0,0
1409,23,458,3.3,0.479,4,0,12657,16599,3,0,182.0,14,72236,5,0,0
13600,50,334,11.4,0.025,2,0,3787,163050,5,0,175.0,25,52494,5,0,1
5578,66,882,11.9,0.22,0,0,8027,67006,5,1,165.2,3,91412,5,0,1
4637,57,621,0.5,0.026,1,0,9345,55173,3,0,186.4,3,70480,5,0,1
3544,36,620,13.8,0.336,0,0,7852,41711,5,2,175.6,20,55802,5,0,1
6244,18,385,8.7,0.716,1,0,34011,75374,7,1,179.3,16,29058,5,0,1
4805,22,563,7.8,0.786,4,1,1709,57804,4,1,171.1,9,80084,5,0,1
9527,44,806,1.1,0.51,2,1,2487,113392,1,0,159.7,14,39502,5,0,1
5263,33,577,8.2,0.129,2,0,1288,63359,8,0,173.9,22,72197,5,0,1
5378,23,722,9.5,0.725,1,0,8637,64445,3,0,186.9,16,68204,5,0,1
3951,57,779,1.7,0.413,1,0,12521,46760,3,1,178.1,9,24263,5,0,1
4749,30,395,15.2,0.123,4,0,10821,56715,6,0,175.5,24,77088,5,0,1
5911,65,297,0.3,0.737,4,1,6429,71116,9,1,161.4,23,81550,5,0,0
1761,52,804,0.8,0.606,1,1,11217,20635,9,0,185.2,29,23106,5,0,0
2188,36,221,3.9,0.585,4,0,6392,25747,5,0,183.5,5,93312,5,0,0
7676,29,649,4.3,0.567,0,0,14655,91828,3,0,152.2,13,25396,5,0,1
5445,33,371,5.2,0.16,2,0,19650,64867,5,0,179.3,15,36455,5,0,1
4401,60,582,0.1,0.169,0,0,3847,52260,2,0,167.5,25,64490,5,0,1
4969,27,333,16.1,0.551,2,1,6437,59068,6,0,172.9,4,10648,5,0,0
6054,42,625,0.2,0.176,1,0,7328,72864,5,3,161.8,31,65546,5,0,1
3555,37,224,0.8,0.351,3,0,25345,42206,2,2,171.2,14,74396,5,0,0
3081,48,702,0.1,0.626,3,0,4226,37513,0,2,159.0,20,87145,5,0,1
5527,21,384,4.2,0.627,0,0,19499,67402,9,1,162.0,24,43588,5,0,0
2732,61,284,13.5,0.363,2,0,2507,32702,4,0,175.2,20,74202,5,0,0
6278,40,766,5.5,0.634,0,0,21913,76344,9,0,162.4,7,91456,5,0,1
1769,19,343,8.6,0.671,2,0,16018,21499,1,1,174.3,4,31829,5,0,0
9113,39,878,0.1,0.524,1,1,7154,109437,6,1,171.1,27,59058,5,0,0
6526,68,611,3.9,0.183,3,1,16870,78280,6,0,193.8,17,83231,5,0,1
5730,54,423,3.1,0.219,2,0,5427,67782,3,3,163.5,26,94715,5,0,1
8862,25,419,3.5,0.252,1,1,3872,106118,5,1,166.6,9,46984,5,0,0
13350,24,378,0.4,0.093,2,0,31734,159637,0,2,162.8,4,77670,5,0,0
9032,31,830,5.8,0.219,3,1,5255,108821,1,4,184.3,3,12177,5,0,1
1628,20,632,3.5,0.168,3,1,13927,20392,5,0,171.1,19,28683,5,0,1
2280,67,464,7.2,0.364,0,0,19674,27467,1,3,168.4,9,65133,5,0,0
3378,33,628,3.3,0.727,1,1,15445,40661,3,0,177.7,8,93303,5,0,1
4992,36,861,0.8,0.084,4,0,13087,60385,3,0,161.3,26,73276,5,0,1
6704,68,615,5.2,0.576,3,0,13962,80507,9,2,156.6,7,21693,5,0,1
3179,35,652,0.9,0.55,1,0,18881,38749,8,1,172.9,7,14142,5,0,1
5497,69,396,10.3,0.077,0,1,10448,67146,9,1,171.6,4,54622,5,0,1
3123,33,753,4.7,0.738,4,1,7850,38198,6,0,162.6,19,98564,5,0,1
3405,25,252,0.9,0.455,1,0,2710,40548,6,2,173.6,12,75440,5,0,0
2113,50,679,16.4,0.291,3,0,10451,25775,0,0,188.5,20,71291,5,0,1
2824,66,642,3.7,0.605,1,0,18447,33554,4,0,174.5,6,12472,5,0,1
2184,29,529,0.4,0.206,2,1,3359,26097,2,0,150.2,12,64646,5,0,1
2736,28,450,4.9,0.555,4,0,6746,33653,2,0,184.2,29,90836,5,0,0
9248,22,322,1.5,0.032,1,1,11387,110477,5,1,189.9,30,40549,5,0,0
2780,44,586,8.1,0.672,4,0,27170,33161,3,1,175.3,20,88554,5,0,1
23847,29,538,8.5,0.359,2,0,3207,286735,7,0,171.7,4,87934,5,0,1
6607,34,547,19.3,0.509,3,0,15287,78855,3,1,154.5,2,35826,5,0,1
5491,23,228,3.5,0.177,4,1,6086,64933,7,0,161.3,15,78646,5,0,1
2936,50,234,3.0,0.542,5,0,4727,34486,3,1,166.9,30,89142,5,0,0
7481,22,717,7.0,0.618,1,1,3887,89467,2,0,162.7,23,18801,5,0,1
3479,45,595,0.7,0.379,2,0,4796,41728,4,2,164.9,6,98491,5,0,1
5288,31,822,4.0,0.494,3,0,12079,63304,4,1,171.2,18,79310,5,0,1
22835,22,493,4.0,0.365,0,1,6753,273764,9,0,163.2,21,10258,5,0,0
4639,50,788,0.5,0.715,1,1,14348,55706,9,1,185.2,22,16868,5,0,0
9794,67,548,2.7,0.398,2,1,3302,117279,0,1,170.7,5,16817,5,0,1
3223,65,346,9.6,0.673,0,0,14151,38327,7,1,175.0,4,48512,5,0,0
4812,58,266,9.7,0.641,2,0,11464,57858,7,1,175.1,11,40856,5,0,1
14221,36,719,0.5,0.328,4,0,2425,170709,7,0,173.8,11,22092,5,0,1
3373,39,321,0.5,0.184,3,0,27037,40983,9,0,170.5,9,68259,5,0,1
14580,22,539,1.5,0.325,2,1,10635,175969,3,1,180.0,3,63094,5,0,1
7514,19,374,10.4,0.661,4,0,14948,89113,8,0,182.1,11,92157,5,0,0
3507,47,890,0.7,0.182,3,0,20433,42343,9,0,149.4,2,46123,5,0,1
7182,64,796,6.4,0.42,0,0,17583,86263,2,1,155.6,9,68031,5,0,1
8809,56,650,0.5,0.645,2,0,7325,106347,6,0,164.6,31,83440,5,0,0
7137,21,756,4.9,0.283,5,0,14474,85390,5,2,158.8,24,98521,5,0,1
1915,50,335,2.2,0.514,1,0,1904,22791,8,1,162.6,25,64858,5,0,0
3177,30,215,7.8,0.197,2,0,11103,37478,3,0,165.5,10,11158,5,0,1
4236,37,532,1.3,0.087,2,0,32402,51344,3,2,167.4,11,69473,5,0,1
4700,24,394,5.1,0.636,2,1,4645,56468,5,0,155.1,3,74720,5,0,0
7132,32,695,1.3,0.079,1,0,16854,86147,7,0,165.9,17,28134,5,0,1
5467,40,208,6.3,0.217,2,0,33469,65388,2,2,184.2,11,26786,5,0,1
2205,31,533,10.3,0.684,0,1,14063,26124,7,1,167.5,17,62990,5,0,1
6174,40,532,0.7,0.277,0,1,18404,74451,7,1,175.9,19,85963,5,0,1
7089,36,526,10.1,0.778,0,1,2308,84898,6,1,169.3,4,61692,5,0,1
6876,46,214,4.5,0.784,2,1,3835,82827,6,1,171.1,2,65030,5,0,1
9400,37,813,0.7,0.215,5,0,25432,113055,4,1,168.8,24,20494,5,0,1
8105,46,425,2.8,0.033,3,0,17470,97313,1,1,177.4,14,83026,5,0,1
6473,41,624,0.9,0.564,4,0,12049,77372,1,2,161.8,29,36273,5,0,1
4712,35,607,6.0,0.361,1,0,6557,56722,9,0,171.7,15,24760,5,1,1
1814,27,312,7.1,0.081,2,1,10175,21388,7,1,164.2,28,48302,5,0,0
6359,58,627,0.6,0.566,3,0,32549,76356,5,0,176.7,3,80822,5,0,1
5567,25,200,3.5,0.025,2,1,7468,67645,7,1,158.9,29,77149,5,0,1
5784,43,465,8.4,0.696,3,1,14177,70028,2,0,176.5,30,55540,5,0,0
2284,46,690,13.8,0.111,5,0,13882,27153,0,0,172.1,20,98499,5,0,1
2569,27,407,3.6,0.102,3,1,4756,30964,5,1,157.4,22,42430,5,0,0
9245,34,821,15.0,0.141,1,0,5059,110671,1,2,187.5,26,48419,5,0,1
4799,19,568,3.8,0.768,2,0,27490,57728,8,0,175.6,13,13552,5,0,1
7397,23,505,2.5,0.555,1,1,12785,88305,4,2,159.1,22,69571,5,0,1
4998,22,211,9.4,0.641,2,0,4701,59648,4,0,171.6,13,33622,5,0,1
5003,45,544,3.4,0.318,1,1,6316,60972,9,1,153.6,18,58829,5,0,1
8629,58,664,3.2,0.269,2,0,3683,103614,7,2,152.9,22,14996,5,0,1
3606,22,899,3.4,0.188,1,0,19019,43047,5,2,182.0,20,44232,5,0,1
5206,35,865,9.4,0.385,3,1,6624,61408,2,2,158.0,21,72083,5,0,1
3724,43,693,8.9,0.441,3,0,6695,44771,8,0,177.9,31,64034,5,0,1
3786,37,567,2.6,0.505,3,0,15878,46524,9,1,181.7,7,49379,5,0,1
4082,58,619,2.0,0.206,0,0,2114,48698,3,2,160.2,23,41002,5,0,1
5615,66,370,3.4,0.759,0,1,7867,67187,9,1,190.8,16,45868,5,0,0
3687,44,333,4.3,0.136,1,0,8032,44267,3,0,170.9,16,79649,5,0,1
10440,66,626,1.4,0.773,1,1,6447,124963,1,0,170.5,22,36532,5,0,1
2873,29,224,7.9,0.012,4,0,5220,35580,2,1,160.0,26,46861,5,0,0
4393,24,729,3.3,0.385,1,0,4591,53206,3,0,160.2,31,83660,5,0,1
3775,20,389,2.0,0.267,2,1,10157,45648,6,0,148.1,6,31235,5,0,0
11709,27,340,0.6,0.359,1,0,3611,141565,2,0,162.2,6,13579,5,0,0
5529,51,754,1.4,0.457,2,0,9218,67200,7,4,181.7,4,67944,5,0,0
9128,42,857,14.9,0.348,0,1,5206,109575,7,2,159.8,3,35619,5,0,1
2015,52,514,1.8,0.332,4,1,5491,24040,9,0,160.7,1,31829,5,0,0
5768,33,643,0.9,0.586,2,0,9486,69071,1,0,157.1,3,85107,5,0,1
8381,19,518,3.1,0.549,0,0,5442,100300,3,1,156.4,19,30912,5,0,1
5163,41,640,1.8,0.667,2,1,22328,61846,7,2,178.9,9,50334,5,0,0
9314,27,291,0.2,0.2,3,1,7244,111512,0,0,157.9,14,52001,5,0,0
3603,55,378,2.0,0.488,2,1,18719,42672,0,1,168.7,19,44341,5,0,0
11448,39,255,3.9,0.468,2,0,4404,136165,3,0,166.4,24,22663,5,0,1
19522,43,354,4.0,0.296,2,1,4327,234786,1,2,179.6,24,32104,5,0,1
3953,60,871,2.2,0.389,0,0,2142,46105,0,2,161.6,19,52323,5,0,1
3761,56,310,3.0,0.251,0,0,5465,45309,7,0,165.7,26,58277,5,0,1
11754,44,336,16.8,0.113,1,0,6727,141532,1,0,159.1,26,27640,5,0,1
12679,46,431,2.4,0.171,3,0,8618,152368,3,0,163.6,28,27511,5,0,0
3591,64,667,1.5,0.084,4,0,14155,43017,2,3,161.0,13,68367,5,0,1
3819,55,680,1.4,0.546,2,0,13357,45936,1,1,168.6,22,54654,5,0,0
4150,37,267,3.1,0.529,2,0,20100,49582,7,0,186.0,31,65233,5,0,1
2193,44,448,7.1,0.76,2,0,3984,26269,2,1,168.0,16,11049,5,0,0
2832,58,522,1.2,0.584,0,0,8305,33826,8,0,181.7,28,77837,5,0,0
2690,37,717,6.2,0.042,0,0,3640,31936,9,2,179.5,8,74760,5,0,1
3100,61,631,0.1,0.707,0,0,11286,37794,4,1,169.6,24,68498,5,0,1
4813,36,686,2.7,0.69,0,0,34317,58191,8,1,179.6,26,45966,5,0,1
5656,37,805,7.5,0.355,1,0,3111,67797,2,0,172.3,16,53705,5,0,1
12460,52,628,2.1,0.469,2,0,14045,149543,4,0,155.7,26,71490,5,0,1
2699,64,468,4.1,0.781,3,1,18749,32014,9,3,169.6,9,63645,5,0,0
8871,19,736,1.1,0.426,6,1,3967,106632,5,1,172.1,9,78231,5,0,0
4322,47,347,6.8,0.724,3,1,11488,51812,8,1,187.6,31,82181,5,0,1
4771,51,317,0.3,0.066,2,0,6075,57086,7,1,160.7,24,65032,5,0,0
7367,39,566,9.6,0.153,2,0,7354,88532,1,0,174.6,23,83685,5,0,1
2505,20,265,1.1,0.353,0,0,5916,30102,1,1,157.7,26,25032,5,0,0
6182,23,569,10.4,0.468,1,1,6768,73760,4,2,185.4,3,74221,5,0,1
5430,32,374,2.2,0.653,2,0,20423,65609,4,2,182.2,7,32243,5,0,1
6604,44,787,6.4,0.791,1,0,7605,79740,4,1,158.0,20,55915,5,0,1
5845,27,694,1.9,0.311,1,0,5007,69799,3,0,187.4,18,85969,5,0,1
21443,26,313,11.8,0.038,0,0,8562,258912,7,0,180.8,30,27379,5,0,1
3352,50,310,0.7,0.641,0,1,1483,39751,4,1,182.7,24,82401,5,0,0
3573,49,638,1.0,0.484,3,1,4215,43183,0,0,185.7,2,89146,5,0,1
3381,65,346,3.4,0.159,1,1,22001,40853,9,0,181.3,1,99416,5,0,1
3521,23,234,0.4,0.396,1,0,7213,42612,4,3,166.6,12,86251,5,0,0
3352,58,508,1.1,0.594,4,1,5527,41078,0,0,185.0,16,12631,5,0,0
10030,53,737,14.4,0.616,3,0,9305,120223,3,1,161.1,12,50452,5,0,1
11525,19,213,18.8,0.4,2,1,14607,138321,0,0,162.2,21,71196,5,0,0
3489,46,573,2.4,0.244,5,0,23458,42080,5,1,165.4,10,23830,5,0,1
2982,21,756,12.8,0.779,2,0,5648,34942,5,1,173.3,29,34596,5,0,1
6521,18,627,3.9,0.531,1,0,5753,78319,0,2,160.8,9,53484,5,0,1
3528,36,432,1.6,0.327,4,0,6778,42536,7,0,158.0,21,35772,5,0,0
7185,43,762,6.1,0.224,4,1,18459,85865,3,2,160.8,27,15116,5,0,1
5551,42,862,5.4,0.585,4,1,8481,67703,1,1,166.4,18,91839,5,0,1
1979,27,639,22.6,0.194,3,0,45830,23878,0,0,170.7,26,95053,5,0,1
12437,32,701,1.5,0.137,1,0,7123,148875,2,0,162.4,4,11636,5,0,1
14436,39,474,5.6,0.424,3,0,33216,172946,6,1,157.9,8,51590,5,0,0
3402,68,275,0.3,0.232,0,1,3966,40428,9,1,173.9,23,17811,5,0,0
3894,65,638,0.6,0.503,0,0,2665,46349,9,1,188.0,21,25223,5,0,1
5834,38,898,0.0,0.094,4,0,7471,70176,7,0,165.9,4,20581,5,0,1
6006,39,488,37.6,0.524,5,0,20161,72286,4,0,178.9,30,30919,5,0,0
7296,53,739,8.1,0.227,2,0,5532,87777,6,3,170.0,16,93018,5,0,1
16417,51,891,7.7,0.0,1,1,4948,197342,1,0,176.4,21,59441,5,0,1
4419,47,452,3.6,0.102,1,0,18398,53239,3,3,178.2,23,12604,5,0,1
3044,42,325,1.8,0.747,1,0,14243,37616,5,1,170.0,21,74655,5,0,0
2148,62,376,0.8,0.694,3,1,4298,26228,4,1,160.2,8,10207,5,0,0
3169,45,236,1.7,0.187,0,0,4102,37510,5,2,157.7,7,18463,5,0,0
4818,18,609,2.4,0.623,2,0,15731,57833,1,0,181.5,23,46446,5,0,1
14425,66,810,7.1,0.487,0,0,2196,172535,6,1,176.3,25,22671,5,0,1
3602,62,809,3.9,0.777,2,0,19218,43234,7,0,179.8,24,19476,5,0,1
5621,21,326,0.4,0.299,0,0,14093,66748,8,0,176.8,13,14986,5,0,1
4866,24,682,0.1,0.545,5,1,1306,58275,5,1,180.7,28,38590,5,0,0
10026,66,367,0.5,0.051,2,1,8204,120258,6,0,172.2,8,25526,5,0,1
22385,26,791,2.6,0.317,2,1,1663,267947,0,1,154.8,22,52001,5,0,1
3574,53,493,13.5,0.771,7,1,3090,42895,8,2,172.8,7,63242,5,0,0
3664,36,837,5.1,0.431,1,0,5418,43781,5,1,187.9,24,16803,5,0,1
9195,18,542,8.1,0.23,3,0,2938,109793,3,0,173.5,29,61446,5,0,1
7399,27,509,3.1,0.096,0,0,47787,89249,9,1,157.7,5,21905,5,0,1
14883,53,861,2.2,0.563,1,1,16175,178422,8,1,177.3,26,12461,5,0,1
6976,26,727,0.6,0.516,2,0,24196,84274,0,2,191.7,18,68687,5,0,1
3961,62,739,10.4,0.299,1,0,7242,47634,1,0,164.4,30,15673,5,0,1
7005,63,618,7.6,0.761,2,0,8303,83864,2,1,173.3,23,86490,5,0,1
9558,59,643,0.9,0.018,0,0,28697,114212,0,0,174.8,26,56772,5,0,1
8040,49,884,3.6,0.243,1,0,11464,95893,1,3,172.0,19,85956,5,0,1
6663,49,757,3.3,0.737,0,1,13224,80049,1,1,178.0,10,92863,5,0,1
9320,23,435,4.9,0.257,4,0,3909,112022,6,0,165.9,11,39564,5,0,1
9912,65,638,14.6,0.202,2,1,3894,118524,9,1,176.3,8,79692,5,0,1
11263,55,413,4.3,0.427,1,0,9984,134551,5,3,181.7,6,22251,5,0,0
7253,34,284,3.9,0.659,0,1,10920,87385,8,1,167.6,11,89056,5,0,0
4445,27,284,0.3,0.083,8,1,3649,53711,4,0,178.1,16,92085,5,0,0
5367,67,688,0.3,0.754,1,1,10794,63990,8,0,166.2,30,11905,5,0,0
10136,44,264,1.0,0.636,3,0,3049,121539,9,2,156.2,4,62208,5,0,0
3010,67,845,0.2,0.145,2,0,8193,36378,8,1,156.2,2,85051,5,0,1
6131,52,862,6.8,0.57,1,0,2565,73020,1,1,174.6,13,72094,5,0,1
3881,69,826,6.4,0.308,1,0,23444,46133,8,0,151.2,7,26734,5,0,1
5000,38,263,0.7,0.322,4,0,6317,60409,2,0,170.9,17,36886,5,0,0
10583,42,542,9.0,0.627,1,1,4652,126550,2,0,162.1,23,73611,5,0,1
5511,45,551,0.8,0.77,1,0,3240,66166,8,0,148.1,13,46077,5,0,1
5053,64,357,1.8,0.101,2,0,3000,60685,6,0,176.8,10,15661,5,0,1
2173,32,788,1.4,0.337,2,0,11488,25477,7,0,156.0,13,13838,5,1,1
7690,21,690,2.3,0.385,0,1,18088,92771,6,0,193.1,10,52073,5,0,1
7239,46,857,1.5,0.301,2,1,16697,86088,8,0,186.4,7,20378,5,0,1
17996,26,662,3.4,0.291,1,0,24767,216091,7,2,169.3,10,18058,5,0,1
4086,44,424,2.6,0.042,3,0,32811,48802,3,0,149.9,29,77525,5,0,1
5605,43,512,21.6,0.548,1,1,17436,67311,1,1,173.0,16,85113,5,0,1
5708,36,814,0.3,0.349,2,0,5419,68378,4,1,188.3,3,95404,5,0,1
12663,45,665,0.8,0.156,6,0,9279,151390,1,0,180.6,4,99806,5,0,1
4641,34,287,0.3,0.653,3,1,1331,55542,3,0,181.3,28,43884,5,0,0
5810,60,502,4.9,0.642,0,1,13494,69958,1,0,185.4,4,38527,5,0,1
7077,58,879,0.3,0.389,2,0,9130,84802,4,1,157.5,4,52187,5,0,1
5497,59,634,9.1,0.239,4,0,29032,65725,5,1,180.9,16,48735,5,0,1
3759,67,881,3.6,0.51,0,0,4470,44116,0,1,189.4,9,25981,5,0,1
5521,37,334,3.7,0.231,3,0,12239,65807,7,0,163.8,6,72457,5,0,1
9359,62,249,4.1,0.189,2,0,3631,111937,1,1,166.0,10,37080,5,0,1
2654,57,631,0.9,0.584,3,0,7420,32267,4,1,185.5,25,21797,5,0,0
5322,56,539,1.1,0.032,2,0,2190,63670,7,1,183.9,28,67056,5,0,1
3228,66,546,1.9,0.076,3,0,23976,38989,4,2,161.3,4,36457,5,0,1
10067,40,845,4.5,0.005,1,0,18809,120415,2,0,157.1,23,30917,5,0,1
1970,64,546,1.2,0.122,3,0,5551,22607,5,4,168.9,29,18871,5,0,1
3514,49,848,0.6,0.055,1,0,9991,42659,0,0,155.3,12,29053,5,0,1
6163,69,444,17.6,0.797,5,0,8356,73570,0,2,161.4,10,76727,5,0,0
12573,64,308,0.1,0.231,0,0,4964,151342,7,0,163.2,31,93050,5,0,1
4724,50,732,8.1,0.119,6,0,8942,56578,6,1,181.2,12,93323,5,0,1
3522,63,289,7.8,0.193,3,1,5686,42954,9,0,183.9,28,69415,5,0,1
15194,22,495,1.8,0.749,2,0,17752,183919,9,3,181.3,25,48398,5,0,0
2061,60,311,0.7,0.416,3,1,6845,24953,2,0,161.8,26,85058,5,0,0
1313,65,788,0.8,0.292,1,0,54853,15073,7,1,169.1,19,15030,5,0,1
6399,51,376,6.0,0.699,3,0,7613,77062,7,0,165.5,29,11381,5,0,1
3636,57,542,5.1,0.316,1,0,8868,43819,0,2,172.1,19,26753,5,0,1
2663,28,859,7.6,0.268,2,0,12363,31338,9,0,177.5,22,15092,5,0,1
7517,67,300,13.9,0.166,2,1,15829,89874,6,0,165.2,24,62946,5,0,0
5688,20,828,5.9,0.302,1,1,8624,68035,1,1,159.9,1,97620,5,0,1
3503,50,803,0.8,0.253,2,1,12150,42212,1,1,185.7,4,90093,5,0,1
2279,28,600,1.4,0.542,2,0,9379,26890,1,1,180.7,13,68520,5,0,0
8295,33,227,9.2,0.232,2,0,4346,99020,4,2,173.4,8,18567,5,0,1
7259,35,736,1.2,0.462,5,0,3503,86521,6,3,159.4,22,90152,5,0,0
4630,47,257,0.4,0.053,1,0,14177,54623,3,1,178.7,14,94680,5,0,0
14883,65,697,6.1,0.153,0,0,27276,178910,3,1,168.3,16,37866,5,0,1
2586,27,496,2.6,0.326,4,1,2197,31073,8,0,147.8,2,44711,5,0,0
1967,35,333,12.6,0.75,4,1,2571,23998,9,1,164.7,8,58743,5,0,0
3244,55,530,5.3,0.302,3,0,2551,38570,8,3,174.6,13,35386,5,0,1
4782,36,448,0.5,0.531,4,0,15064,57011,6,0,167.8,30,96842,5,0,0
5687,53,749,14.8,0.204,2,0,16104,68415,9,1,175.1,1,33013,5,0,1
4252,30,274,1.5,0.102,0,0,3710,51468,3,2,174.7,12,16885,5,0,1
6070,63,853,2.1,0.047,0,0,47317,73332,7,0,159.1,17,42821,5,0,1
2319,20,367,2.6,0.244,3,1,5955,27270,9,1,176.8,7,24045,5,0,0
11687,27,702,0.3,0.126,4,0,25553,140717,2,0,177.8,16,28780,5,0,1
4678,55,554,3.4,0.139,2,0,15472,56888,2,2,169.7,14,35550,5,0,1
9608,18,424,0.7,0.609,0,0,3765,115506,6,1,170.1,10,99771,5,0,0
6036,44,863,2.6,0.013,0,0,5799,73010,8,0,170.1,3,88377,5,0,1
6464,63,730,2.2,0.446,1,1,4032,77829,3,1,185.1,28,58284,5,0,1
6917,25,345,7.4,0.304,1,0,2764,82443,3,2,173.8,12,70238,5,0,1
6429,68,440,8.1,0.405,2,1,6617,77615,0,4,171.2,8,57184,5,0,0
7227,63,543,0.8,0.45,0,0,3106,86918,0,1,174.7,16,70623,5,0,1
10910,59,234,2.3,0.251,0,1,7044,130409,2,0,174.5,25,31305,5,0,0
5529,34,200,2.3,0.236,1,0,38038,66064,6,2,169.0,24,50021,5,0,1
7520,26,352,0.8,0.587,2,0,14148,90446,8,1,156.6,1,96759,5,0,0
4657,23,628,8.0,0.697,1,1,5188,57082,3,0,171.1,17,53184,5,0,1
11661,60,707,6.1,0.154,4,1,4861,140831,1,2,175.9,6,28942,5,0,1
3275,42,325,1.1,0.078,2,1,5878,38300,5,0,172.9,28,87418,5,0,0
14480,56,690,2.3,0.718,3,0,42484,173760,5,1,165.0,1,34714,5,0,1
4797,66,681,0.6,0.28,2,1,3392,58308,8,3,168.0,24,61672,5,0,1
2082,45,544,4.9,0.441,3,1,8091,24782,3,2,179.9,15,96557,5,0,1
5307,50,420,0.6,0.288,0,0,11758,63431,7,0,153.1,13,53201,5,1,0
3266,54,224,21.3,0.101,4,1,21426,38922,2,2,162.6,30,73296,5,0,0
8138,26,727,7.6,0.471,2,0,6209,98078,1,0,171.3,6,62979,5,0,1
3322,35,381,2.5,0.42,2,0,3751,40056,8,1,180.4,21,98549,5,0,0
3760,38,698,4.3,0.162,1,0,10214,45386,5,1,188.1,13,93257,5,0,1
1581,19,840,12.1,0.361,2,1,23195,18873,7,2,178.9,22,87817,5,0,1
3746,60,241,4.0,0.638,1,0,6513,45826,9,1,164.1,4,24008,5,0,0
1147,55,680,1.0,0.472,1,0,4140,13607,8,1,152.4,1,70196,5,0,1
1900,57,638,2.4,0.078,0,0,8849,23239,0,2,188.7,23,12294,5,0,1
7756,53,601,9.3,0.438,3,0,2210,92034,0,0,161.6,10,29061,5,0,1
7875,67,745,5.2,0.562,5,0,6802,94480,4,0,171.5,25,65733,5,0,0
6344,60,544,5.3,0.634,2,0,20794,75893,8,0,168.8,4,50004,5,0,1
2751,54,244,10.1,0.503,1,1,16315,33063,6,0,169.3,13,90625,5,0,0
4776,32,845,11.2,0.122,0,1,7222,56500,6,1,158.3,4,61293,5,0,1
4904,45,220,12.6,0.568,1,1,30560,59665,1,0,188.0,16,63682,5,0,0
2452,35,833,0.5,0.542,2,1,37342,29507,2,0,161.3,9,20237,5,0,0
12113,51,269,3.9,0.02,0,0,13784,146480,3,1,171.6,31,21694,5,0,1
8319,39,247,6.7,0.329,2,0,2504,100220,1,1,165.5,4,96472,5,0,1
4304,28,690,7.1,0.266,1,0,1800,51780,9,2,176.1,26,20468,5,0,1
4994,30,750,4.7,0.536,1,0,24508,59936,8,0,167.9,20,28461,5,0,1
5569,21,486,0.9,0.173,5,1,9855,67160,4,1,166.9,8,85376,5,0,0
1443,39,209,8.0,0.473,0,0,29984,17695,6,0,180.9,27,84062,5,0,0
4237,24,741,6.4,0.731,2,1,2776,51096,8,1,166.8,4,88000,5,0,1
3264,60,473,0.5,0.638,0,0,7122,40299,4,1,184.1,9,86599,5,0,0
2694,41,799,3.1,0.737,0,1,18459,32906,5,3,157.7,11,90280,5,0,0
4151,21,580,1.0,0.783,0,0,4519,49495,3,1,167.5,24,23064,5,0,1
14452,45,528,2.1,0.009,3,0,18248,173027,7,0,161.4,5,97276,5,0,1
7219,32,678,0.1,0.498,4,1,7345,86849,0,3,170.3,9,23589,5,0,0
3488,18,214,2.6,0.33,4,0,8287,41949,0,3,156.3,8,63324,5,0,0
6929,20,715,4.0,0.688,1,1,3143,83287,4,3,176.2,30,10932,5,0,1
11380,31,390,4.8,0.201,2,0,9908,135748,9,2,177.2,26,27019,5,0,1
8559,55,367,5.4,0.785,2,0,46827,103153,8,2,185.1,4,65835,5,0,0
5093,67,720,9.0,0.491,1,1,11052,60929,1,1,178.5,20,32157,5,0,1
3333,18,820,1.2,0.635,3,0,4301,41109,2,1,178.4,1,62381,5,0,1
7472,55,336,0.6,0.068,3,1,24746,89781,7,1,176.8,20,27574,5,0,0
6223,55,353,9.5,0.147,2,0,4406,74620,4,3,167.8,28,58312,5,0,0
8409,38,587,0.9,0.607,1,0,32108,101154,2,3,186.2,13,81044,5,0,1
7194,65,408,18.4,0.018,3,0,2922,85999,5,0,175.5,24,42779,5,0,1
9225,46,471,9.2,0.654,0,0,10078,111538,5,1,194.7,28,40888,5,0,0
3564,22,342,3.5,0.011,3,0,27475,43955,4,3,187.5,28,36025,5,0,1
10833,66,810,19.9,0.526,2,0,4050,130361,4,1,173.5,5,18060,5,0,1
5533,27,268,0.5,0.292,1,0,8660,66729,5,1,174.0,22,43216,5,0,0
17071,45,446,1.8,0.489,3,0,20451,204558,1,2,178.3,20,83197,5,0,0
3250,38,460,5.1,0.557,3,0,1333,38995,5,0,185.8,30,74617,5,0,1
13926,67,278,2.2,0.274,2,0,17009,167384,1,2,154.7,21,81421,5,0,1
5534,24,857,13.2,0.086,3,0,7552,65833,2,2,183.1,10,10426,5,0,1
3324,20,822,0.3,0.056,2,0,25682,40676,1,0,173.7,16,35491,5,0,1
3676,62,804,4.0,0.471,1,0,4179,43344,0,2,180.8,8,29553,5,0,1
4055,64,724,4.5,0.417,3,0,2671,47625,0,1,162.8,12,22918,5,0,1
6339,37,820,5.3,0.594,1,0,5247,76939,8,2,162.4,25,22513,5,0,1
6725,36,529,1.5,0.408,2,1,5160,81089,3,1,173.4,3,26830,5,0,0
3483,52,388,2.3,0.338,2,1,6869,41324,4,3,179.8,26,69254,5,0,0
4843,21,294,9.3,0.318,4,0,5569,58193,9,0,157.7,4,54695,5,0,1
17771,22,816,1.1,0.021,1,0,1625,213370,6,1,166.0,17,40171,5,0,1
13856,18,207,8.8,0.268,1,1,7510,166323,1,1,158.0,27,12250,5,0,0
6385,21,266,4.1,0.781,2,0,9754,76103,9,0,174.2,21,66263,5,0,0
5028,29,695,7.2,0.699,3,1,6942,60493,8,2,189.9,20,72114,5,0,1
5281,44,390,6.3,0.264,1,1,10193,63954,3,1,166.6,31,89144,5,0,1
7101,59,565,1.2,0.47,1,0,8672,84348,9,2,177.8,22,12681,5,0,1
2660,40,720,4.2,0.678,2,0,2682,31677,9,0,171.2,22,73503,5,0,0
4211,42,316,10.1,0.353,1,1,6369,49951,0,0,173.7,13,93321,5,0,1
1805,38,466,2.8,0.014,2,1,8876,21278,7,1,164.0,26,13407,5,0,0
6244,69,810,17.0,0.06,2,0,6702,75117,3,0,176.5,6,49529,5,0,1
7246,41,684,3.0,0.408,1,0,2454,86303,6,0,168.0,3,58901,5,0,1
3677,42,708,0.8,0.776,1,0,21557,44992,2,2,187.9,14,27427,5,0,1
12637,62,497,2.5,0.555,2,0,3722,151678,8,1,164.9,31,31747,5,0,0
2355,63,363,15.2,0.057,1,1,2999,28066,4,2,179.8,7,23555,5,0,1
2041,49,575,1.9,0.151,2,1,8372,23543,4,1,189.7,3,75927,5,0,1
5623,49,852,10.1,0.617,2,0,6294,67546,2,1,181.9,6,80355,5,0,1
9211,22,467,10.7,0.673,3,1,13110,110559,8,6,161.0,29,33263,5,0,0
13498,53,748,2.2,0.494,3,0,16287,161313,2,2,160.0,13,81520,5,0,1
3731,63,273,0.4,0.516,2,0,14421,44275,1,0,174.5,14,81899,5,0,0
9388,59,707,6.4,0.023,4,0,8091,113516,8,1,170.6,15,15127,5,0,1
4802,66,272,1.9,0.663,4,0,12614,57429,8,1,175.2,26,71453,5,0,0
4431,59,507,7.6,0.631,1,0,2326,53193,9,1,182.0,16,68389,5,0,1
8351,56,398,2.9,0.207,3,0,19447,100488,3,1,170.9,1,22512,5,0,1
7269,33,329,3.3,0.567,1,1,5861,87150,3,1,163.7,15,73722,5,0,0
1908,50,771,7.5,0.172,0,1,39181,23572,9,3,172.1,30,14037,5,0,1
11919,66,814,2.4,0.032,3,0,19927,142662,5,1,185.2,31,16854,5,0,1
11249,38,686,2.9,0.161,3,0,6920,134775,8,1,170.4,24,35733,5,0,1
3376,26,350,2.4,0.143,0,0,8243,40306,7,2,191.5,7,95169,5,0,1
6232,23,868,2.3,0.27,0,1,20894,74387,9,2,178.9,28,44311,5,0,1
6610,68,405,3.7,0.335,4,0,1328,78881,2,0,177.9,9,27175,5,0,0
5746,62,378,8.3,0.407,1,0,7128,68966,5,2,164.5,15,97090,5,0,1
3532,52,396,2.2,0.381,4,0,31607,43058,6,1,168.7,14,65195,5,0,1
3284,56,288,3.7,0.217,2,0,15928,38818,5,1,175.2,31,38090,5,0,1
4839,39,633,5.6,0.023,2,0,4145,57973,2,1,169.7,19,73479,5,0,1
9933,58,382,1.6,0.484,3,1,10421,119577,8,5,182.6,28,55636,5,0,0
6810,22,408,1.6,0.317,2,1,3709,82709,3,1,172.1,24,48866,5,0,0
3934,59,692,13.5,0.239,2,0,6166,47677,1,0,164.1,18,63934,5,0,1
7808,40,329,6.4,0.694,0,0,10583,93592,8,1,173.5,9,83334,5,0,0
889,34,864,4.3,0.597,3,0,12183,10387,2,2,166.8,1,63111,5,0,0
9791,29,212,5.2,0.686,2,1,14523,118056,5,3,177.3,12,96284,5,0,0
1730,40,833,0.1,0.396,2,0,21742,21201,4,1,165.3,10,11716,5,0,1
3954,33,305,4.8,0.105,1,0,3118,47456,1,1,189.0,7,46404,5,0,1
2510,20,574,3.6,0.557,1,0,8260,30016,0,1,155.6,14,54324,5,0,0
2260,47,781,3.9,0.165,1,0,4104,28128,8,2,167.3,26,83406,5,0,1
9862,39,897,2.2,0.353,3,0,5889,119275,2,2,172.4,30,66513,5,0,1
3712,26,298,0.4,0.052,1,0,4431,44739,6,0,165.8,1,89218,5,0,0
6050,46,793,1.1,0.66,4,0,12082,72703,8,0,148.1,15,32055,5,0,0
4778,64,786,15.1,0.101,2,0,18815,56761,8,0,190.0,22,55133,5,0,1
6543,54,391,2.6,0.722,1,0,19645,78538,9,0,178.3,1,83916,5,0,0
5146,40,524,3.1,0.691,1,0,3347,62356,5,1,158.5,13,81262,5,0,1
2276,30,666,0.3,0.372,3,0,7341,26346,7,3,159.9,20,17557,5,0,1
8935,49,566,0.2,0.595,2,0,3273,107521,8,0,156.3,23,99702,5,0,1
3654,63,517,6.3,0.496,0,0,3187,44192,2,1,169.6,2,45486,5,0,1
1931,69,343,3.9,0.642,3,1,4772,23517,5,2,185.7,3,61557,5,0,0
3801,64,583,3.6,0.345,1,0,10664,45285,4,1,168.1,4,50655,5,0,1
12093,65,415,1.4,0.629,0,0,12272,144954,6,1,166.4,16,72398,5,0,0
8185,40,560,6.8,0.37,6,0,13675,97909,6,0,180.7,22,99638,5,0,1
3987,62,523,0.9,0.753,1,0,13015,48838,8,1,174.2,29,73823,5,0,1
3985,34,214,1.1,0.389,4,0,4112,48598,0,3,170.4,12,84630,5,0,0
4052,57,416,3.1,0.37,3,1,20872,48810,5,1,178.4,25,94801,5,0,0
17086,38,691,1.7,0.628,3,0,15407,205048,4,1,153.4,4,33094,5,0,1
6180,19,746,1.4,0.657,3,0,5824,74156,3,2,175.8,31,23353,5,0,1
6361,54,382,5.2,0.444,3,1,6003,76175,9,1,183.9,22,71850,5,0,0
9119,23,469,5.3,0.144,1,1,4788,108488,0,0,158.7,12,55953,5,0,1
5671,61,666,8.7,0.374,0,1,2882,68072,3,0,167.3,7,90709,5,0,1
4207,35,811,2.7,0.774,1,1,13805,51497,9,2,151.6,20,43411,5,0,1
4368,47,718,0.4,0.602,1,1,15640,52562,6,1,166.7,22,21264,5,0,0
4708,39,741,1.6,0.649,0,0,3862,56186,3,0,164.6,3,43445,5,0,0
4806,50,666,19.6,0.026,1,0,3024,57801,0,2,188.1,5,25931,5,0,1
7605,47,504,4.5,0.374,3,0,3830,91149,9,1,166.5,12,52059,5,0,1
5070,34,343,6.2,0.517,0,1,8850,60342,0,1,174.0,12,12650,5,0,0
7628,60,310,0.0,0.664,0,1,2682,90976,0,0,184.5,27,79005,5,0,0
4682,49,431,3.7,0.039,2,0,19975,56202,9,0,149.2,26,53024,5,0,1
5152,59,890,0.2,0.682,1,0,19041,61093,4,0,172.3,20,21592,5,0,0
1481,68,783,4.2,0.439,4,1,11378,17780,6,0,160.0,23,66238,5,0,0
8516,31,791,12.7,0.158,0,1,15487,102149,8,0,160.2,22,53831,5,0,1
6050,27,699,17.3,0.254,2,0,8493,72960,7,0,162.5,7,53390,5,0,1
8944,64,794,3.9,0.226,4,1,11756,107247,1,1,166.1,22,81220,5,0,1
864,68,753,3.1,0.425,2,0,2863,9842,8,0,160.7,12,61839,5,0,1
17206,53,472,14.5,0.041,4,0,24646,206549,3,0,166.9,2,23457,5,0,0
4519,51,372,5.6,0.127,1,0,5486,54750,9,0,180.7,14,82132,5,0,1
9555,26,206,0.3,0.65,2,0,7309,114395,4,1,175.9,23,90687,5,0,0
2633,59,354,3.1,0.106,0,0,59264,32399,4,2,198.2,16,17074,5,0,1
7098,45,721,1.4,0.187,2,1,6795,85233,3,1,172.9,24,62653,5,0,1
2612,28,745,3.2,0.363,2,1,14640,31165,5,1,177.0,7,67344,5,0,1
3380,31,747,3.0,0.414,4,1,12229,40247,0,1,183.6,4,62808,5,0,0
15497,56,717,4.4,0.611,1,0,2789,186061,1,0,159.2,20,63919,5,0,1
4383,64,414,2.2,0.358,5,0,3641,52549,3,3,183.3,28,42979,5,0,0
5599,36,333,0.9,0.632,1,0,41303,66545,3,0,161.2,5,56412,5,0,0
8283,32,484,3.5,0.495,0,0,12878,100191,7,0,175.3,14,79258,5,0,0
6617,45,325,8.9,0.09,3,0,7994,79235,8,4,180.1,9,21709,5,0,1
5378,41,638,5.5,0.125,1,0,5278,65327,3,3,151.5,5,52925,5,0,1
6117,25,885,2.1,0.35,3,0,10467,72858,5,2,166.8,2,26687,5,0,1
20786,60,351,13.7,0.318,4,1,11295,249912,3,1,169.8,5,75066,5,0,0
4747,26,530,12.2,0.595,0,0,9712,57641,3,4,159.3,31,46540,5,0,1
5545,64,737,1.2,0.465,1,1,19056,67176,8,0,173.8,29,28165,5,0,1
9231,50,582,0.2,0.311,2,0,4050,110972,3,1,187.5,3,56889,5,0,1
9540,50,314,6.8,0.137,1,1,3638,114978,5,1,160.8,10,72055,5,0,0
10018,36,681,8.8,0.181,4,0,18665,120450,8,2,182.4,8,39194,5,0,1
7210,20,483,17.2,0.46,1,0,43921,86004,2,1,175.4,26,51767,5,0,0
2475,27,274,11.0,0.339,4,0,15899,29906,6,3,156.9,10,65891,5,0,0
13095,57,365,4.6,0.412,0,1,22884,156594,6,1,166.3,29,66425,5,0,0
2470,64,388,3.8,0.137,0,0,7632,29027,0,1,173.1,2,21382,5,0,1
5893,59,277,0.1,0.53,2,0,10025,70855,1,0,186.4,14,96123,5,0,0
3125,18,801,1.4,0.682,4,1,9918,37204,4,2,178.5,27,76889,5,0,0
4729,46,887,3.1,0.206,4,0,7751,57542,7,0,163.6,4,83907,5,0,1
5986,67,220,5.0,0.393,1,0,25060,72674,5,1,174.5,21,84608,5,0,1
5959,51,765,4.1,0.78,3,0,19784,72877,6,2,142.5,12,80234,5,0,1
6330,68,383,6.8,0.267,1,0,5887,75277,2,3,179.5,20,29184,5,0,1
12941,30,421,1.6,0.476,1,0,2172,154726,5,1,162.8,29,16902,5,0,0
6451,18,527,4.2,0.072,1,0,7701,77846,8,1,159.9,14,30647,5,0,1
4245,51,378,0.5,0.485,2,0,3217,50781,2,0,167.4,16,59374,5,0,0
8764,46,311,2.7,0.072,3,0,8258,104806,5,2,158.0,5,39140,5,0,1
10033,65,258,6.9,0.767,3,1,3426,120204,6,1,168.5,26,71717,5,0,0
2352,64,526,5.9,0.573,0,0,22141,28187,4,1,181.0,16,61730,5,0,1
7033,30,820,23.4,0.631,0,0,14010,84727,9,0,150.8,27,44546,5,0,1
7485,65,868,1.6,0.563,0,0,13740,88913,7,2,169.8,29,27004,5,0,1
4111,66,390,3.4,0.472,1,0,19105,49536,7,3,168.9,4,59073,5,0,1
11219,46,399,2.0,0.36,2,0,11079,134532,5,0,175.7,29,68557,5,0,1
4491,56,511,2.9,0.687,3,0,12549,53495,6,0,168.6,3,63206,5,0,1
5299,41,234,9.7,0.765,2,0,25533,64282,2,3,180.1,1,22505,5,0,0
4430,43,578,5.8,0.399,3,1,7276,52945,6,3,184.2,30,66618,5,0,1
4960,34,586,10.7,0.745,3,0,13148,59348,6,0,180.9,4,97350,5,0,1
2545,24,436,1.1,0.467,4,0,3489,30400,3,0,163.2,9,47031,5,0,0
2071,30,815,10.3,0.431,2,0,8633,25632,9,1,189.9,1,53787,5,0,1
12793,22,718,0.3,0.364,1,0,49386,153570,3,0,159.0,16,24577,5,0,1
2956,43,482,11.0,0.167,2,1,15550,35437,2,0,177.7,23,72625,5,0,0
2711,66,200,2.0,0.003,2,0,7564,32973,9,0,182.1,3,18043,5,0,0
1350,20,663,1.9,0.193,2,0,10012,15083,6,0,191.4,24,44130,5,0,1
3349,24,429,3.6,0.408,1,0,7968,40289,4,0,180.7,6,69846,5,0,0
2221,66,371,14.1,0.304,1,0,9753,26760,2,1,163.0,13,61392,5,0,1
13163,56,286,0.2,0.359,0,0,5888,158369,5,1,179.8,17,64673,5,0,1
9008,18,752,2.2,0.785,0,0,12038,108242,5,2,169.3,15,16744,5,0,1
3252,66,322,9.7,0.28,2,0,12385,38459,5,1,181.7,26,60390,5,0,0
18986,34,497,2.5,0.362,1,0,8146,227002,1,0,172.6,21,49260,5,0,1
8857,60,889,1.1,0.107,7,0,9063,106602,9,4,184.9,30,63760,5,0,1
4044,42,774,2.8,0.038,1,0,10642,48282,6,1,170.9,12,13470,5,0,1
1097,20,683,2.4,0.62,1,0,5314,12999,6,1,180.0,29,41643,5,0,1
19429,32,364,12.4,0.457,1,0,11946,232719,9,1,164.5,8,14201,5,0,0
2135,46,898,7.2,0.609,2,1,15125,25626,3,3,182.5,27,80887,5,0,0
1831,60,582,3.5,0.12,4,0,26157,21935,5,0,149.2,31,90863,5,0,1
9077,49,408,22.3,0.457,2,1,10453,108313,3,0,177.7,16,37340,5,0,0
21244,43,631,3.1,0.203,1,0,5195,255313,3,0,174.3,3,23488,5,0,1
11277,33,588,0.3,0.182,1,1,7462,134967,5,1,172.2,28,15413,5,0,1
6893,42,759,1.5,0.009,1,0,3247,83429,8,1,149.0,28,50200,5,0,1
7022,45,423,2.9,0.104,0,0,14499,84369,6,1,165.7,4,70179,5,0,1
8201,26,202,0.9,0.247,4,1,1559,98368,1,1,182.7,7,32355,5,0,0
7749,18,571,14.7,0.094,1,1,18392,92233,5,1,162.2,15,23831,5,0,1
5818,46,886,7.3,0.789,3,0,20257,70086,4,2,156.0,11,99357,5,0,1
5231,39,645,1.6,0.247,3,0,777,62752,5,0,159.9,16,86962,5,0,1
4733,33,810,4.5,0.104,3,0,22476,56881,7,0,182.6,22,74310,5,0,1
3126,58,315,6.4,0.159,2,1,18431,38170,7,0,175.2,31,46396,5,0,1
4153,68,469,14.2,0.47,2,0,6425,50270,2,1,184.9,14,72356,5,0,0
1779,61,646,10.7,0.051,3,0,3122,21905,8,0,177.6,23,60920,5,0,1
4633,68,567,3.6,0.69,2,1,4145,54390,5,2,162.0,13,48120,5,0,0
2715,58,452,7.5,0.769,0,1,4416,32475,6,2,188.9,9,57786,5,0,0
2534,24,516,4.1,0.197,3,0,23221,29612,8,2,164.6,25,27925,5,0,1
5474,31,614,4.0,0.36,2,0,5657,65924,6,3,162.4,18,56006,5,0,1
11329,46,294,0.6,0.018,4,1,16718,135006,9,3,173.2,3,77627,5,0,1
8526,36,223,0.7,0.513,2,0,7337,102838,8,0,174.8,20,20842,5,0,0
1915,36,827,3.8,0.331,1,1,8468,23764,0,0,179.0,22,85459,5,0,1
2714,19,862,1.6,0.216,3,0,2305,32476,0,0,167.3,31,89363,5,0,1
8642,58,249,0.1,0.165,2,0,3236,103875,2,0,184.7,5,34126,5,0,0
2725,62,701,6.4,0.523,2,0,22799,33476,8,3,164.1,22,83819,5,0,0
4295,32,697,0.2,0.333,0,0,7153,52584,0,3,159.7,27,80390,5,0,1
6836,20,534,4.5,0.144,0,1,10306,82875,0,1,151.0,24,68074,5,0,1
2749,28,278,3.9,0.551,4,0,34375,33257,4,0,168.3,2,47817,5,0,0
5235,63,781,17.3,0.452,1,0,7316,63626,7,1,179.0,22,15557,5,0,1
2207,47,226,3.3,0.687,2,0,6992,26001,1,1,177.8,25,14432,5,0,0
3426,57,470,0.3,0.094,1,0,21266,40769,3,1,173.7,21,22006,5,0,1
5954,35,761,4.0,0.629,1,0,8183,71915,5,1,165.8,17,39989,5,0,1
1889,68,446,9.2,0.539,1,0,10467,22681,0,2,183.0,16,68043,5,0,0
6401,65,790,28.8,0.092,2,0,17987,77149,3,0,171.3,29,47788,5,0,1
4857,19,586,2.8,0.556,3,1,8103,58741,3,0,174.4,24,74167,5,0,1
6846,49,758,1.9,0.353,2,1,15215,82617,8,0,158.8,20,62166,5,0,1
5621,25,560,11.9,0.756,1,0,7385,66526,8,1,151.9,24,36887,5,0,1
11142,39,687,1.1,0.113,1,0,17763,134044,5,0,179.1,13,32632,5,0,1
5298,23,551,4.8,0.514,2,0,11351,63260,7,0,195.7,31,76513,5,0,1
3798,29,455,2.6,0.306,1,0,6766,45703,9,2,174.9,20,96130,5,0,1
5288,64,421,0.2,0.765,3,1,8598,63233,3,1,179.2,11,49802,5,0,0
6808,57,200,2.1,0.264,2,0,1146,81484,9,0,178.9,8,44026,5,0,1
5060,53,745,1.5,0.77,1,0,21057,60409,7,1,171.2,25,93217,5,0,0
5035,32,645,5.8,0.721,3,0,2969,60799,2,2,155.0,21,85706,5,0,1
3225,45,278,14.9,0.216,3,0,3445,38616,1,0,177.8,5,82933,5,0,1
3301,69,435,1.6,0.643,4,0,5707,39487,5,0,185.8,2,40083,5,0,0
2118,66,533,8.3,0.796,0,0,1930,25249,4,0,176.0,25,11732,5,0,1
14041,62,548,0.3,0.202,4,0,11779,168785,7,1,168.4,27,12942,5,0,1
2330,35,297,3.9,0.349,2,1,10816,27532,0,1,175.0,4,69853,5,0,1
3243,19,281,0.4,0.416,2,1,5490,39710,9,1,170.1,3,19429,5,0,0
3193,30,701,13.6,0.236,0,1,4710,37988,2,0,184.0,2,47268,5,0,1
8408,62,676,7.3,0.012,1,1,4653,100677,6,0,173.0,3,67676,5,0,1
4117,32,749,5.4,0.176,4,0,13251,49414,9,1,178.2,16,32517,5,0,1
10390,37,213,8.7,0.226,2,1,2264,124916,3,1,182.3,20,73727,5,0,1
3281,46,591,5.2,0.355,3,0,5841,39280,9,0,178.2,9,38899,5,0,1
5810,59,546,17.4,0.137,2,0,2383,69602,4,0,171.6,6,25068,5,0,1
2977,46,509,6.3,0.699,7,1,14987,36265,7,1,155.9,26,75701,5,0,0
17802,20,585,12.9,0.564,2,0,6192,212488,0,0,175.4,15,88408,5,0,1
2410,36,408,3.6,0.068,3,1,12549,28631,0,1,180.3,5,96752,5,0,0
5918,20,556,0.6,0.52,0,0,22018,70603,6,0,155.0,29,39269,5,0,1
7188,31,800,3.8,0.523,2,1,22317,86053,8,1,175.2,9,22219,5,0,1
6299,57,767,0.7,0.765,3,0,3577,76284,3,3,171.1,24,94694,5,0,1
4397,21,293,4.5,0.002,3,0,10379,52422,7,2,148.4,6,69043,5,0,1
4546,69,292,3.3,0.198,3,0,19872,54504,9,2,174.3,3,35989,5,0,1
5045,28,539,4.9,0.742,3,1,14145,60813,6,1,184.8,23,75263,5,0,1
4499,48,796,0.1,0.746,1,0,15310,53596,1,0,171.3,31,52406,5,0,1
8763,60,644,1.1,0.576,2,0,1945,104012,4,1,150.2,13,99668,5,0,1
18514,49,221,3.4,0.613,2,0,13973,220888,8,0,174.6,26,26830,5,0,0
3517,44,490,15.0,0.073,1,0,4296,42870,8,0,182.0,22,38050,5,0,1
2160,47,684,2.4,0.411,1,0,13790,26146,2,1,162.5,28,42864,5,0,0
4661,60,505,2.8,0.185,3,0,13551,55768,2,1,168.6,15,53677,5,0,1
23105,19,833,6.3,0.145,4,1,12989,277088,1,0,167.3,11,29641,5,0,1
3034,66,327,4.6,0.648,1,0,7416,35982,6,0,171.9,30,23555,5,0,1
13140,26,824,1.8,0.108,0,0,23222,157760,5,0,167.0,16,96646,5,0,1
13448,45,472,2.6,0.375,2,0,12188,161737,4,0,184.2,15,33235,5,0,1
3525,48,641,1.2,0.751,1,0,10479,41852,6,0,183.9,24,38959,5,0,0
6914,51,702,16.9,0.149,2,0,3837,83097,3,1,164.6,28,50957,5,0,1
13056,32,329,0.7,0.782,3,1,11124,156240,4,1,184.2,6,71601,5,0,0
3914,65,331,2.3,0.795,2,0,39457,46922,8,1,154.2,14,74414,5,0,0
4349,42,796,0.1,0.444,0,0,2664,51907,8,1,162.6,11,98634,5,0,1
3466,53,681,1.3,0.136,1,0,14531,42046,3,2,176.9,26,25309,5,0,1
2673,25,589,7.6,0.253,1,0,16074,32079,5,4,171.6,20,24105,5,0,1
3329,26,792,1.1,0.34,0,0,32222,39372,1,0,172.1,10,59813,5,0,1
2358,54,524,0.4,0.247,4,0,14480,28254,2,1,174.5,16,70833,5,0,1
5016,65,268,3.2,0.225,1,1,8172,60685,8,0,165.9,12,84208,5,0,1
3096,62,859,0.1,0.778,2,0,11362,36548,5,1,183.2,7,40328,5,0,1
5654,56,647,0.4,0.123,0,0,6539,67710,7,1,177.7,7,73756,5,0,1
1932,49,727,8.2,0.587,4,0,21491,22985,4,0,169.7,27,89614,5,0,1
5994,69,816,7.4,0.0,0,0,2346,72032,1,1,180.0,24,47430,5,0,1
8104,34,364,12.3,0.477,1,1,5484,97141,6,1,175.3,18,50583,5,0,0
1485,52,687,9.6,0.733,2,0,11578,18003,5,0,168.3,15,46029,5,0,1
6151,54,625,5.7,0.23,3,1,20676,73453,1,0,167.9,27,10405,5,0,1
10266,36,896,0.3,0.148,1,0,8014,123105,5,0,159.3,6,64012,5,0,1
2378,61,464,7.6,0.521,2,0,4333,28433,7,0,164.6,30,13560,5,0,0
13407,46,811,9.3,0.57,4,0,6845,161779,0,1,168.9,19,21575,5,0,0
6319,24,541,8.0,0.55,6,0,6041,75984,3,0,171.6,8,87395,5,0,1
3219,45,477,3.6,0.255,0,0,6268,39050,0,0,161.6,20,23153,5,0,1
4753,26,873,1.3,0.202,1,0,5720,57956,1,2,171.2,15,52077,5,0,1
6870,45,638,9.3,0.765,1,0,5722,82565,0,3,165.3,30,37013,5,0,1
5144,23,356,6.5,0.739,2,0,2053,61613,5,0,163.6,4,16690,5,0,1
6790,46,621,19.8,0.366,0,0,10302,80986,5,0,175.9,18,97251,5,0,1
2828,34,450,0.8,0.677,3,0,13901,33319,0,1,172.5,13,71053,5,0,0
5440,33,808,1.3,0.362,5,1,26868,64200,3,0,169.4,22,76277,5,0,0
2104,40,729,1.2,0.34,1,0,16128,25690,3,2,175.9,22,86967,5,0,0
4597,48,526,7.9,0.125,4,1,15482,55392,7,0,157.9,1,17181,5,0,1
2857,20,296,1.0,0.341,2,0,10268,34167,5,0,158.7,28,41305,5,0,0
3161,38,712,0.3,0.43,2,0,1978,37802,1,0,166.7,8,17731,5,0,1
10318,43,415,32.7,0.018,3,0,10138,123315,4,0,169.0,19,69175,5,0,1
9459,53,331,0.1,0.355,2,0,8865,113755,3,0,177.6,17,82559,5,0,1
7083,59,459,9.0,0.625,4,0,18469,84695,9,3,163.7,10,10910,5,0,0
2551,54,324,2.3,0.544,2,0,12758,30480,3,1,163.9,1,47470,5,0,0
4064,39,281,9.2,0.508,7,0,7303,48212,7,0,180.9,1,57341,5,0,0
10176,59,482,4.0,0.728,1,0,38813,121644,4,0,159.2,21,97718,5,0,1
5350,29,882,11.6,0.014,2,1,15974,64665,2,2,180.2,5,66850,5,0,1
19763,59,258,13.0,0.446,3,0,10634,237712,9,0,170.1,1,39390,5,0,1
6222,30,743,0.0,0.63,1,0,11663,74045,3,1,162.2,21,74229,5,0,1
5515,28,360,0.4,0.433,1,0,8509,66477,0,2,159.0,23,73891,5,0,0
4082,33,483,1.4,0.259,3,1,8210,48614,5,1,168.1,21,14038,5,0,1
5324,25,305,5.5,0.109,2,0,1427,63638,9,2,176.5,25,38215,5,0,1
4485,57,304,11.0,0.71,1,0,3896,54420,3,1,169.9,20,95365,5,0,0
7516,57,638,3.1,0.377,4,1,5256,90048,5,1,179.2,13,42899,5,0,1
8725,62,427,4.7,0.702,2,1,11620,104552,1,0,178.9,9,53016,5,0,0
3066,19,899,1.0,0.469,1,0,2161,35971,4,2,178.1,16,32246,5,0,1
2211,47,781,8.2,0.539,2,0,5340,26363,8,3,178.5,28,59304,5,0,1
1633,47,517,17.1,0.643,3,1,4820,19283,7,1,164.7,8,28862,5,0,0
6666,29,663,1.6,0.527,1,1,8896,80221,2,0,177.8,14,67826,5,0,0
2535,27,798,3.4,0.318,0,0,11643,30148,0,3,191.3,29,32500,5,0,1
1350,61,671,0.5,0.411,1,0,4833,16811,9,0,179.8,17,92224,5,0,1
6205,28,255,4.1,0.642,0,0,5119,74658,2,1,166.1,29,91818,5,0,0
21934,32,824,3.5,0.299,1,0,4702,263306,7,2,164.2,4,12519,5,0,1
4896,33,212,0.8,0.31,2,0,5930,59103,2,0,171.1,7,16112,5,0,0
8128,34,639,2.9,0.077,1,0,7778,97636,4,1,177.7,17,10992,5,0,1
5162,43,217,2.0,0.732,4,1,23204,62307,1,1,171.8,28,15647,5,0,0
4631,19,893,3.7,0.073,1,1,3604,55498,0,0,158.9,24,17597,5,0,1
8530,67,312,4.4,0.519,2,0,32881,102315,9,3,177.6,16,74167,5,0,0
4129,29,428,0.0,0.331,0,0,3019,49145,4,2,179.4,14,67170,5,0,1
5770,68,370,7.2,0.324,0,0,17391,68883,4,4,161.2,16,35633,5,0,1
5961,43,494,6.2,0.544,5,0,5537,72182,5,1,179.6,27,26854,5,0,0
3291,40,388,2.3,0.054,0,0,3909,39725,1,2,171.2,2,79102,5,1,1
8912,35,625,0.3,0.475,0,0,23237,106174,8,0,174.9,24,51472,5,0,0
4424,49,278,7.0,0.618,1,0,8650,53616,1,1,175.0,15,78821,5,0,0
3123,66,857,15.5,0.663,0,0,8389,37538,1,0,172.9,11,87565,5,0,1
6781,55,381,1.4,0.136,1,1,6492,80975,4,1,166.0,13,88382,5,0,0
2866,64,698,2.0,0.718,1,0,5088,35284,8,0,175.0,4,88615,5,0,1
4998,20,270,1.0,0.525,3,0,7034,60605,3,0,170.5,24,84087,5,0,0
4887,55,447,4.3,0.705,1,1,613,59021,5,1,173.3,1,90636,5,0,1
9428,20,345,0.8,0.388,1,0,1839,113215,1,2,167.3,15,78813,5,0,1
6534,47,817,2.2,0.434,3,0,11090,78578,3,1,174.0,12,29015,5,0,1
4841,18,495,6.0,0.735,2,0,20873,57008,8,1,170.0,21,11757,5,0,0
8027,47,781,4.1,0.72,3,1,24121,96698,1,0,160.0,9,42085,5,0,1
11317,62,669,2.4,0.359,1,0,3768,135894,0,0,175.4,7,70118,5,0,1
6868,49,705,2.7,0.22,0,0,9454,82537,3,0,180.8,3,31863,5,0,1
4945,45,392,4.1,0.315,0,0,1401,59450,3,1,174.1,16,36098,5,0,1
2237,38,267,0.0,0.31,1,0,6117,26609,0,0,168.3,4,56220,5,0,0
2593,63,693,0.4,0.229,6,0,15661,30641,3,0,174.1,26,25295,5,0,1
4092,30,251,10.7,0.215,0,0,7990,49150,2,2,163.4,23,48555,5,0,1
3409,44,562,0.4,0.689,5,1,6214,40241,1,0,178.0,14,35821,5,0,0
4393,53,673,6.1,0.056,1,1,8017,52856,9,1,178.9,22,52372,5,0,1
5084,24,720,12.6,0.542,3,0,22612,60493,3,1,169.7,13,31833,5,0,1
6753,39,630,1.6,0.138,3,0,6662,81519,7,0,171.4,29,63990,5,0,1
4711,27,497,2.3,0.276,2,0,8587,55818,6,3,160.0,20,18549,5,0,1
6580,56,634,4.2,0.049,2,1,27323,78938,8,1,175.9,19,97968,5,0,1
5108,32,895,10.7,0.216,2,0,6750,61333,7,2,167.9,27,49498,5,0,1
1502,32,890,14.2,0.615,2,0,2188,18633,0,0,144.8,2,30519,5,0,1
2797,21,397,6.7,0.708,4,1,24214,33691,1,0,171.3,10,57376,5,0,0
4507,49,327,0.5,0.177,2,1,18260,53677,1,1,169.1,28,58547,5,0,0
2378,40,731,5.5,0.371,1,0,1375,28090,7,0,160.1,25,13141,5,0,1
7044,23,610,2.6,0.376,2,1,7301,85251,3,1,179.9,19,21068,5,0,1
12313,41,264,3.2,0.699,3,1,7960,147737,8,2,165.9,15,63705,5,0,0
10211,37,893,0.3,0.61,3,0,24219,122434,1,0,162.9,7,24256,5,0,1
4323,54,440,1.1,0.41,1,0,8010,51528,3,1,181.2,15,73721,5,0,0
12021,37,568,7.8,0.537,3,1,9253,143645,0,1,174.2,17,42964,5,0,1
5373,29,735,3.0,0.678,3,0,9486,65426,2,0,160.4,24,15830,5,0,1
4014,50,583,1.8,0.008,1,0,5581,48199,5,1,170.1,16,25868,5,0,1
3401,45,630,2.4,0.322,1,0,22874,40261,8,2,162.4,17,16679,5,0,1
4099,25,282,9.6,0.726,0,1,4299,49559,0,1,157.6,28,74061,5,0,0
3893,18,896,6.9,0.592,1,1,5495,47014,4,0,156.9,16,21722,5,0,1
5443,54,810,1.6,0.434,2,0,8064,64691,1,1,177.0,18,74578,5,0,1
5411,39,773,0.6,0.424,4,1,2778,64639,6,3,162.3,17,96045,5,0,1
4923,23,485,1.5,0.278,3,1,33267,59305,3,1,160.4,4,23989,5,1,0
6387,38,733,12.7,0.416,1,1,8097,77006,4,1,167.9,2,65701,5,0,1
10040,49,658,4.4,0.524,3,0,15672,120098,7,0,195.9,17,99098,5,0,1
8688,52,411,3.8,0.335,4,0,3766,103323,1,0,174.9,17,24919,5,0,1
2016,32,325,4.5,0.571,2,0,14319,24315,2,3,178.4,31,51306,5,0,0
1061,22,612,2.3,0.689,3,0,15325,13160,4,1,160.7,2,21036,5,0,1
8609,63,698,8.2,0.124,1,0,17200,103278,9,2,174.5,22,99974,5,0,1
2164,67,624,3.7,0.361,0,1,37197,25814,3,1,170.2,2,30999,5,0,1
4294,65,753,0.6,0.326,1,0,5184,52321,4,0,163.2,29,68582,5,0,1
2435,23,809,0.7,0.55,1,1,6979,28214,2,1,168.0,15,51543,5,0,0
1667,42,742,3.8,0.2,3,0,4120,20365,8,0,163.8,29,77244,5,0,1
6801,63,357,13.8,0.512,1,0,7502,82003,7,1,171.5,28,64560,5,0,0
7750,57,311,1.8,0.702,4,0,13784,92614,5,0,168.0,28,81913,5,0,0
3477,46,601,10.2,0.335,4,0,13202,40567,0,1,163.8,16,32788,5,0,1
1038,24,321,7.2,0.729,1,0,30109,12834,3,1,167.7,11,89805,5,0,0
3541,57,472,1.4,0.795,1,1,11993,42652,6,1,178.9,29,70048,5,0,0
6217,30,493,0.2,0.085,1,0,8106,75314,9,0,158.6,2,98141,5,0,1
2023,55,597,0.5,0.186,3,0,3383,23993,4,0,164.7,8,31221,5,0,1
5486,35,670,6.5,0.76,3,0,16204,65919,3,1,173.4,21,41757,5,0,1
4869,19,406,1.1,0.767,2,0,7149,57588,8,1,164.1,30,69115,5,0,0
6957,25,309,2.3,0.078,2,0,16501,83845,7,0,182.7,31,58275,5,0,1
5280,28,639,3.5,0.012,4,0,5768,62594,2,2,181.6,24,93605,5,0,1
2741,50,477,6.5,0.129,1,0,21174,32873,5,0,182.1,12,34324,5,0,1
10076,55,767,0.6,0.797,2,1,11037,120391,3,0,176.6,14,62753,5,0,0
4468,65,768,2.6,0.144,2,0,17922,53784,6,2,179.8,28,38734,5,0,1
4834,44,681,3.3,0.402,2,1,11033,57913,0,1,170.2,14,60605,5,0,1
2807,37,313,3.9,0.679,3,0,3865,33569,0,1,164.3,24,29590,5,0,0
3766,29,676,8.5,0.016,2,1,6049,45160,5,1,164.9,12,33096,5,0,1
2890,60,520,0.9,0.484,1,0,2909,34696,9,0,154.5,2,62142,5,0,0
4430,48,378,8.2,0.222,3,0,9392,53862,6,3,166.5,14,53261,5,0,1
13725,44,418,5.9,0.69,2,0,2514,164936,8,3,167.1,23,86986,5,0,0
2157,49,727,4.1,0.227,2,1,10250,25542,6,0,168.3,25,66698,5,0,1
1866,27,691,6.0,0.549,4,0,447,22089,8,3,195.2,12,60502,5,0,0
11881,20,260,2.7,0.539,0,0,15489,143078,9,2,162.7,24,57984,5,0,0
4334,62,253,0.7,0.177,5,0,3351,51472,8,1,167.8,29,66490,5,0,0
3289,44,879,5.5,0.028,1,0,3777,39474,7,0,191.5,9,48202,5,0,1
9172,52,737,3.7,0.327,1,0,24282,109219,6,0,163.1,29,71445,5,0,1
3417,48,264,5.1,0.231,2,0,10465,40945,2,2,159.7,8,95869,5,0,1
14700,32,811,2.1,0.647,1,0,15947,175848,2,2,168.1,20,93199,5,0,1
7381,33,785,11.9,0.64,1,0,3625,88247,4,2,163.1,16,59972,5,0,1
3667,30,370,4.4,0.366,0,0,17492,44098,6,0,180.9,10,19535,5,0,1
17932,66,472,0.4,0.485,1,0,7259,215486,9,0,171.5,7,48887,5,0,0
3417,52,898,3.0,0.483,1,0,8902,40646,6,1,159.1,15,28679,5,0,1
7671,69,734,7.1,0.662,1,1,26695,92613,0,1,173.2,25,78096,5,0,1
5881,28,590,7.9,0.34,1,0,3196,69979,7,3,171.9,9,98901,5,0,1
10732,38,892,3.4,0.22,0,1,16821,129175,0,0,156.3,4,86281,5,0,1
12542,68,526,11.3,0.212,3,0,11029,150295,3,0,174.5,31,10030,5,0,1
5010,28,307,1.6,0.429,1,1,6833,60597,1,1,175.0,23,68996,5,0,0
3127,47,361,2.6,0.359,2,0,3376,37314,4,2,156.5,6,18132,5,0,1
6476,65,651,11.4,0.352,1,0,6771,77364,5,1,157.9,28,92805,5,0,1
3272,52,405,11.3,0.073,1,0,4210,39568,3,0,166.5,12,66644,5,0,1
16449,39,789,5.8,0.575,1,1,20941,197608,3,2,163.8,15,31227,5,0,1
5334,55,215,9.8,0.171,1,0,8720,63737,6,2,176.0,19,28674,5,0,1
3947,48,526,0.5,0.158,4,0,4714,47634,3,0,165.7,26,79430,5,0,1
5490,31,807,10.0,0.33,5,0,2565,65813,1,2,168.2,22,14596,5,0,1
2190,41,858,1.9,0.182,1,0,5594,26353,3,0,159.4,24,26588,5,0,1
2743,67,201,1.0,0.467,0,0,21785,33084,6,2,179.5,2,64654,5,0,0
10099,66,209,1.4,0.297,3,0,8858,120485,0,0,162.4,31,37226,5,0,0
3313,49,633,2.7,0.359,4,0,7015,39757,3,4,159.7,28,22453,5,0,1
2622,53,324,1.4,0.43,4,0,31538,30732,5,4,170.5,19,69552,5,0,0
6781,49,280,1.9,0.163,4,1,5815,80847,7,1,180.7,24,73692,5,0,0
10010,32,684,0.7,0.125,3,0,4244,120065,7,0,174.5,31,34524,5,0,1
7565,60,851,1.8,0.704,2,0,11195,91268,8,0,164.4,20,41843,5,0,1
8934,52,349,4.2,0.347,0,1,11335,107091,4,0,165.9,20,73140,5,0,0
3121,20,539,2.9,0.33,3,0,5067,37274,1,0,156.5,2,22744,5,0,1
2094,33,328,2.1,0.028,3,0,4280,24902,2,2,189.2,15,92146,5,0,0
12098,22,637,6.9,0.398,2,1,25787,145372,1,1,185.5,27,48910,5,0,1
4049,38,700,11.2,0.443,1,0,5730,48028,8,1,172.9,26,17482,5,0,1
4228,27,257,7.1,0.447,2,0,2536,50033,5,0,169.9,12,50081,5,0,1
10904,36,397,2.0,0.566,1,1,9454,131524,0,3,158.7,29,42024,5,0,0
6861,42,410,6.8,0.142,0,1,16575,82539,2,0,168.5,1,99210,5,0,1
6460,21,244,0.8,0.202,4,0,6957,77169,6,1,178.9,23,24030,5,0,0
18015,46,296,0.7,0.649,1,0,12452,215858,6,0,177.3,14,35472,5,0,0
3340,36,478,2.1,0.758,4,0,3505,39802,4,0,165.5,4,85048,5,0,0
8575,60,734,8.2,0.109,2,0,13394,102247,2,2,178.0,22,29045,5,0,1
5085,19,609,1.4,0.398,1,0,3773,60863,6,0,181.6,24,37135,5,0,1
5774,27,660,0.3,0.171,3,0,10343,69299,4,1,170.3,11,74273,5,0,1
12296,60,590,0.7,0.048,2,1,14974,148229,5,1,179.8,7,60677,5,0,1
6665,42,243,9.8,0.26,1,1,8768,80032,2,1,186.5,13,95670,5,0,1
6788,37,226,5.0,0.115,0,0,3015,81827,5,2,189.2,14,90286,5,0,1
9353,65,296,1.5,0.568,0,0,3122,112090,6,0,164.0,7,23733,5,0,0
3948,36,747,4.1,0.427,4,0,28983,47146,7,0,174.4,22,72113,5,0,1
2970,40,820,3.7,0.115,4,0,4382,35636,1,0,177.0,11,93016,5,0,1
2625,41,766,5.3,0.007,3,0,14944,31928,1,1,169.8,20,73832,5,0,1
1510,28,418,1.3,0.647,1,1,8907,17820,5,1,182.4,20,13098,5,0,0
16877,63,384,10.0,0.141,1,0,3629,202635,7,0,170.6,25,95160,5,0,0
2535,51,268,1.9,0.485,4,1,5291,30517,4,0,168.5,11,67119,5,0,0
4303,45,329,5.9,0.27,1,0,31566,51623,0,1,156.9,21,65880,5,0,1
4162,22,766,0.1,0.468,3,0,132153,50375,0,2,153.1,9,64480,5,0,1
5910,22,808,2.3,0.253,1,0,6286,70941,9,0,166.5,31,50546,5,0,1
8017,68,798,2.2,0.07,3,0,5948,96133,8,2,141.0,27,53887,5,0,1
8236,38,830,3.9,0.178,2,1,2184,98805,3,0,182.4,28,24250,5,0,1
3463,29,533,0.4,0.15,2,1,2164,40496,9,2,178.9,25,46382,5,0,1
4445,67,353,7.8,0.342,3,0,4081,53260,0,1,176.9,4,59999,5,0,1
5822,21,746,1.2,0.527,3,0,5675,69331,7,0,181.1,2,57022,5,0,1
4233,66,278,5.7,0.211,2,0,7939,50692,1,1,167.2,2,45472,5,0,1
12892,59,778,8.1,0.01,1,1,14074,154692,1,0,172.2,25,98674,5,0,1
6598,37,612,4.1,0.415,1,1,9669,79405,0,3,166.3,9,13893,5,0,1
7638,55,745,6.8,0.485,2,0,14262,92662,0,2,181.1,19,87109,5,0,1
7315,42,808,5.4,0.77,2,0,4958,88452,8,1,144.5,15,86799,5,0,1
9937,31,368,2.2,0.472,3,0,7656,119238,0,1,181.1,21,72086,5,0,0
5478,28,880,8.3,0.377,0,0,6055,66015,5,0,151.8,21,47301,5,0,1
2257,49,862,1.7,0.459,4,0,2941,26883,6,0,167.9,18,61594,5,0,0
6246,28,782,4.2,0.742,3,0,1670,75047,3,1,159.5,16,77261,5,0,1
3324,35,714,6.8,0.663,0,1,4744,39994,4,1,168.6,2,50109,5,0,1
3578,44,513,2.4,0.258,2,0,1113,42445,3,1,164.5,26,69087,5,0,1
6987,35,231,1.8,0.19,0,0,3273,83613,3,1,166.2,12,92245,5,0,0
10331,40,486,3.1,0.21,2,1,12533,123123,9,1,175.5,29,53190,5,0,1
4977,28,793,8.5,0.404,1,0,9359,59636,0,1,172.2,1,73722,5,0,1
5915,38,242,13.3,0.595,4,0,8243,70962,5,0,180.0,2,12666,5,0,0
13647,61,816,3.9,0.403,1,0,20835,163727,9,0,174.2,14,63513,5,0,1
5678,22,200,5.4,0.054,0,0,4524,67635,9,1,154.1,27,82688,5,0,1
23412,40,772,11.7,0.579,2,0,13982,280904,6,0,193.5,7,80314,5,0,1
6900,58,469,0.5,0.645,2,0,4248,82881,6,1,150.1,17,26169,5,0,0
1708,42,379,1.3,0.232,1,1,10116,20726,7,1,173.1,15,27668,5,0,0
7723,58,717,6.2,0.531,2,0,9162,92810,6,1,177.4,17,93298,5,0,1
6177,27,302,8.7,0.341,3,1,9566,73967,5,0,172.9,9,61810,5,0,0
10655,39,209,9.7,0.711,2,0,5946,127789,7,3,168.0,13,29945,5,0,0
7360,36,782,2.7,0.676,1,1,10461,88447,2,4,184.9,2,65159,5,0,1
4522,18,289,0.5,0.42,0,0,11136,54051,8,2,181.2,27,97372,5,0,0
2357,24,425,2.9,0.553,2,0,2579,27857,2,0,169.8,15,20079,5,0,0
4335,21,869,1.3,0.707,2,0,15975,51830,3,0,165.5,20,28362,5,0,1
2950,18,325,1.7,0.397,1,0,3014,35593,9,0,161.8,11,22919,5,0,0
3469,32,408,7.4,0.251,3,0,4016,41988,5,1,162.6,19,30800,5,0,1
6996,57,296,0.4,0.603,1,1,9833,84418,7,0,169.4,14,89294,5,0,0
13385,29,273,8.8,0.176,4,0,13073,160195,2,0,153.4,27,64648,5,0,0
6227,39,826,2.8,0.311,3,0,9662,75686,9,3,169.9,4,67026,5,0,1
2398,39,390,4.5,0.693,4,0,10513,28422,5,1,178.0,27,61376,5,0,0
6417,67,881,0.5,0.58,3,1,3263,76890,4,1,164.4,30,24156,5,0,1
10076,64,255,2.1,0.323,0,0,5329,121506,4,1,169.8,11,53039,5,0,1
3408,34,752,0.5,0.172,3,1,1571,40062,4,1,173.1,16,26239,5,0,1
4535,46,231,16.3,0.285,1,1,3885,54485,8,0,174.8,23,17089,5,0,1
4958,63,726,8.2,0.227,0,0,2770,59351,6,1,168.0,26,23014,5,0,1
3068,31,773,3.1,0.141,2,0,8189,36118,8,2,187.6,30,60105,5,0,1
7251,67,866,1.3,0.595,3,1,53364,86321,8,1,170.0,2,70211,5,0,0
4570,37,483,13.5,0.202,3,0,14884,55401,5,2,156.7,2,98854,5,0,1
6321,67,693,2.1,0.363,0,0,1344,76110,5,0,166.1,9,15917,5,0,1
2885,65,386,0.9,0.309,0,1,2406,35094,3,0,183.0,22,25350,5,0,0
3780,50,697,4.1,0.786,3,1,2866,44840,7,2,182.2,27,84822,5,0,1
7581,60,641,14.4,0.313,2,1,1989,91115,1,1,152.8,31,15742,5,0,1
3929,32,329,0.0,0.064,5,0,6464,48276,4,0,167.0,31,77375,5,0,0
13851,29,838,1.4,0.072,3,0,9730,166093,0,3,164.7,23,93871,5,0,1
3866,57,491,13.9,0.473,1,0,2880,46417,9,1,177.8,21,90197,5,0,1
5624,37,313,0.9,0.479,1,0,6778,67493,1,0,158.6,29,21743,5,0,0
8600,47,398,0.6,0.335,1,0,9664,103145,0,1,185.6,21,28891,5,0,1
2098,55,212,4.2,0.345,2,0,14174,24786,5,1,155.3,31,38483,5,0,1
1708,20,470,9.9,0.043,0,0,9180,20517,1,2,168.6,4,41135,5,0,1
1967,45,800,3.2,0.413,4,1,10554,24417,3,3,158.0,8,74058,5,0,1
10483,43,414,26.1,0.404,0,1,7864,125770,4,0,176.6,23,21682,5,0,0
3529,47,643,5.7,0.12,2,1,3599,42958,6,1,149.4,26,22798,5,0,1
22809,30,711,0.4,0.083,2,0,4288,275136,9,1,168.3,18,53919,5,0,1
3503,30,646,24.7,0.099,1,0,2812,41629,0,0,168.1,15,24198,5,0,1
5490,19,273,2.6,0.081,1,1,26875,66150,4,0,161.0,2,65502,5,0,1
12397,54,736,1.7,0.488,3,0,2501,148181,3,1,182.2,22,42104,5,0,1
16377,66,300,4.1,0.157,2,0,17355,196453,6,0,187.0,28,17603,5,0,1
16931,55,375,1.8,0.201,5,0,2520,204419,9,0,166.0,11,29009,5,0,0
10147,19,626,0.5,0.139,1,0,14972,122087,6,2,171.3,17,48661,5,0,1
9085,53,316,0.0,0.766,4,0,17636,109173,7,0,163.8,7,39965,5,0,0
7012,43,365,3.0,0.684,2,1,20365,83552,3,0,157.4,31,33784,5,0,0
7840,28,240,9.1,0.184,2,1,3522,93777,3,1,158.8,8,39340,5,0,1
3530,25,628,4.2,0.262,2,0,9241,41942,9,3,159.1,30,77689,5,0,1
3008,61,543,35.7,0.168,4,0,5011,35581,4,0,182.5,10,80297,5,0,1
4904,57,623,1.7,0.394,0,1,3986,59262,4,0,174.3,24,33569,5,0,1
4437,60,565,1.6,0.016,1,0,8392,53588,2,1,160.5,3,79102,5,0,1
3744,39,319,0.9,0.537,1,0,15539,44845,4,1,161.4,13,59411,5,0,0
7463,37,808,0.9,0.419,3,1,5033,89282,4,3,160.0,23,37254,5,0,0
8718,25,856,1.7,0.719,1,1,10544,104979,7,1,151.2,17,37160,5,0,0
5182,46,428,7.9,0.132,1,1,3919,63026,6,1,175.2,13,22206,5,0,0
11926,57,329,11.8,0.643,3,0,3517,143607,7,1,168.7,31,54211,5,0,0
2477,43,551,18.5,0.634,2,0,6250,29778,4,0,187.1,27,11533,5,0,1
4375,47,517,1.3,0.102,6,1,6557,52961,1,0,149.2,19,81132,5,0,1
3196,34,848,10.7,0.319,4,0,13824,38836,7,0,178.5,29,96689,5,0,1
1603,37,536,2.0,0.136,1,1,2977,19312,8,0,179.4,22,52383,5,0,1
4676,69,472,0.6,0.204,1,0,45565,56187,1,1,180.7,9,16358,5,0,0
4568,33,316,10.2,0.211,1,1,1931,54552,0,1,172.5,21,64395,5,0,0
12186,63,567,5.1,0.445,2,0,9724,146646,5,1,179.2,29,42035,5,0,1
7175,60,293,0.9,0.329,2,0,6450,86015,2,0,173.1,16,44459,5,0,0
2658,24,367,2.8,0.758,7,0,4823,31406,0,0,162.5,30,51287,5,0,0
14949,33,540,1.7,0.101,3,0,7043,178915,5,1,166.0,5,30137,5,0,1
10225,62,860,6.7,0.779,1,0,13873,122679,7,2,165.7,9,92017,5,0,1
6969,64,894,3.0,0.185,1,0,15709,83155,8,3,181.6,28,47522,5,0,1
4290,65,351,22.7,0.618,1,1,6808,52839,5,1,182.8,9,48941,5,0,0
2763,44,785,0.3,0.271,1,0,10566,33399,5,1,178.1,6,52057,5,0,1
3931,40,473,2.2,0.114,2,0,2795,46925,0,2,170.6,21,39689,5,0,1
9445,41,753,3.3,0.686,2,0,6992,113432,4,0,149.4,10,83588,5,0,1
15225,26,695,3.5,0.247,1,1,11108,183067,2,2,178.2,18,96938,5,0,1
12406,52,300,1.9,0.527,3,0,1304,148980,6,2,177.8,11,81240,5,0,0
3665,68,756,6.5,0.453,1,0,8644,43499,8,1,172.8,24,50679,5,0,1
2510,37,281,10.4,0.377,0,1,7082,30065,5,2,174.8,28,67428,5,0,0
5348,54,728,14.0,0.397,2,0,22378,64056,4,1,161.9,24,44045,5,0,1
1700,59,272,8.2,0.586,5,0,9262,20172,6,0,166.6,15,53671,5,0,0
5966,34,213,9.5,0.07,2,0,11894,71177,8,3,161.8,7,56903,5,1,1
4498,64,632,4.0,0.535,2,1,6521,54413,4,3,168.4,14,59670,5,0,1
3715,48,356,8.7,0.717,1,0,13435,44815,4,0,178.8,8,21715,5,0,0
1887,25,331,1.8,0.046,3,1,12706,22875,9,1,174.4,19,31810,5,0,0
6688,32,537,2.5,0.113,1,1,2848,79329,3,1,159.6,15,50583,5,0,1
3570,48,603,1.9,0.573,1,0,10391,42640,4,2,188.3,19,75719,5,0,1
2435,47,575,3.1,0.35,2,1,20864,29844,6,0,171.7,18,30706,5,0,1
877,63,758,1.7,0.323,3,0,17801,10720,2,1,163.3,17,31316,5,0,1
4834,37,306,16.3,0.11,1,0,8282,57426,3,2,167.0,3,46595,5,0,1
14233,56,819,1.9,0.405,4,0,10481,171629,8,2,164.5,3,69655,5,0,0
13316,29,464,0.5,0.101,3,1,16846,158579,1,2,172.3,7,12497,5,0,0
3735,66,404,3.7,0.381,3,0,3258,44883,7,3,156.8,28,23562,5,0,1
3424,34,278,0.3,0.611,2,0,11843,41945,8,0,172.9,31,18757,5,0,0
6511,59,354,0.6,0.207,4,0,1674,77347,4,1,178.4,10,98195,5,0,1
2699,47,446,1.2,0.385,3,0,16153,32149,6,2,176.6,25,19018,5,0,0
5890,46,730,3.1,0.794,2,0,5956,69977,5,0,172.6,28,39277,5,0,1
7782,36,737,2.8,0.549,3,0,7561,94089,0,1,175.8,17,54077,5,0,1
10261,63,353,8.0,0.673,2,0,5196,122722,7,0,173.9,15,92269,5,0,0
4628,28,353,6.7,0.332,1,0,7841,56033,8,3,180.5,8,59250,5,0,1
4349,51,885,2.8,0.614,2,0,9939,52882,9,1,167.6,17,93689,5,0,1
2902,67,291,2.0,0.032,4,0,14815,34181,0,4,160.9,3,44572,5,0,0
2992,24,632,1.9,0.098,3,1,22916,35156,7,3,173.7,4,52020,5,0,1
4290,61,537,7.4,0.162,5,1,8423,51719,2,1,180.8,27,67264,5,0,1
6126,51,679,0.3,0.322,2,0,2144,73899,5,1,166.1,8,14170,5,0,1
8502,37,892,0.1,0.677,0,0,23029,101988,9,2,186.0,13,69449,5,0,1
3035,67,330,7.9,0.277,1,1,2495,36432,7,1,173.8,1,92321,5,0,0
12035,55,649,3.2,0.524,1,1,5780,145159,4,2,179.3,28,51147,5,0,1
4176,41,472,0.7,0.567,0,0,5473,49992,7,2,158.4,18,54944,5,0,0
4852,27,787,1.3,0.469,0,0,8178,58912,6,2,177.9,11,34714,5,0,1
3139,49,376,13.5,0.286,4,0,2948,37379,6,2,174.7,21,59294,5,0,1
1147,69,895,9.8,0.462,2,0,2836,14962,6,0,191.1,6,42711,5,0,1
8353,32,842,6.2,0.274,4,0,7964,99793,8,1,175.2,16,10220,5,0,1
7647,54,248,3.3,0.067,1,1,4280,92356,5,2,176.5,21,79776,5,0,0
4151,37,766,3.7,0.794,1,0,23786,49328,5,1,161.8,29,49769,5,0,1
5116,20,865,18.5,0.102,1,0,5215,61785,8,3,173.2,19,71949,5,0,1
6697,54,554,16.9,0.058,6,1,3559,80360,5,0,181.5,26,87828,5,0,1
1924,57,507,1.2,0.703,2,1,30867,23226,6,0,166.5,23,38604,5,0,0
3578,25,829,8.3,0.241,2,1,11801,43268,6,1,162.9,28,26771,5,0,1
7915,57,245,1.1,0.52,3,1,71222,95102,1,0,190.1,17,71182,5,0,0
2315,61,501,1.2,0.263,6,0,1740,27858,7,4,167.2,18,86759,5,0,1
5861,40,607,5.6,0.313,4,1,9568,69402,5,0,179.1,11,42714,5,0,1
2177,57,388,2.6,0.21,2,1,11950,26813,3,4,165.2,14,40429,5,0,0
6501,28,328,13.4,0.274,1,0,8285,78776,6,1,165.6,12,48759,5,0,1
4810,63,760,0.5,0.329,2,0,6065,57666,7,1,168.8,25,76095,5,0,1
1864,25,736,3.6,0.576,2,0,21949,22646,0,1,175.7,30,11839,5,0,1
9885,46,465,12.5,0.409,1,1,11767,119302,9,2,181.7,20,77307,5,0,1
3162,47,317,11.7,0.755,0,0,2097,38244,3,2,164.4,24,34940,5,0,0
3022,27,663,0.9,0.034,0,0,4042,35998,3,1,181.2,25,17676,5,0,1
5543,56,343,2.3,0.402,1,0,3193,65915,9,0,171.4,7,93988,5,0,1
9790,45,641,4.8,0.467,2,0,7354,117797,8,0,168.2,17,26900,5,0,1
2671,66,399,0.9,0.736,4,0,17310,32121,5,1,175.6,5,71375,5,0,0
5100,53,356,17.2,0.039,0,0,5982,61197,3,1,184.3,22,52180,5,0,1
6356,30,686,12.3,0.459,4,1,6617,75891,0,2,175.2,14,76196,5,0,1
7449,49,333,0.9,0.683,5,0,3702,89217,7,3,162.7,27,75913,5,0,0
5463,53,347,0.6,0.194,2,0,14899,65724,8,0,171.5,24,21474,5,0,1
3943,54,535,0.4,0.701,1,0,21722,47168,4,2,175.6,26,10159,5,0,1
2991,43,270,12.0,0.015,2,0,7895,35908,4,0,164.1,31,25929,5,0,1
5175,39,432,1.1,0.586,1,0,28681,62084,9,1,172.8,13,46942,5,0,0
2583,21,533,2.7,0.746,1,0,5243,31324,7,0,162.8,24,12199,5,0,1
851,48,865,3.0,0.526,2,0,2650,9493,7,0,176.3,29,22980,5,0,1
6386,35,289,4.6,0.351,0,0,15421,76453,4,1,184.6,12,52997,5,0,1
8453,55,533,0.4,0.036,0,0,7504,100885,3,0,169.2,14,53359,5,0,1
1190,41,398,1.3,0.736,3,0,5089,14357,5,0,177.5,25,56006,5,0,0
2681,40,360,13.4,0.376,2,0,8615,31766,9,0,180.2,9,16276,5,0,0
7125,39,737,12.0,0.023,2,0,2281,85969,4,0,165.7,31,28372,5,0,1
16890,19,320,7.6,0.552,0,0,2001,202474,7,1,174.2,4,98697,5,0,0
4976,48,500,0.1,0.385,1,1,8725,59423,8,0,181.4,22,18168,5,0,0
3175,28,774,2.0,0.099,0,1,11469,37683,0,1,186.4,19,34966,5,0,1
4403,45,635,4.9,0.171,1,0,24713,52961,8,0,167.2,1,14915,5,0,1
11214,63,267,1.6,0.052,0,0,16470,133933,8,3,158.7,29,49009,5,0,0
3335,49,658,12.0,0.459,2,0,13470,39973,5,1,175.8,13,58921,5,0,1
3042,22,713,5.0,0.498,3,0,22389,36445,9,1,172.3,6,74267,5,0,1
3678,55,597,0.4,0.405,2,1,11991,43874,4,2,170.3,1,91733,5,0,1
2773,27,819,12.0,0.654,5,1,6152,33385,6,2,164.8,25,39011,5,0,0
5290,57,485,15.8,0.689,4,1,16813,63248,7,2,178.8,27,93474,5,0,0
13027,63,760,0.4,0.492,2,1,16325,156466,8,0,164.1,22,14047,5,0,0
5966,41,339,3.8,0.01,1,1,8052,71319,8,0,163.2,17,26515,5,0,1
4224,52,755,1.8,0.556,2,0,3103,50316,9,0,168.7,27,79215,5,0,1
4125,61,789,2.5,0.334,1,0,1942,49627,2,0,179.3,29,32737,5,0,1
1923,65,809,1.0,0.452,2,1,15897,23479,7,2,156.4,3,94996,5,0,0
8348,40,481,4.3,0.519,3,0,11883,101604,0,1,159.9,17,39048,5,0,0
4690,34,860,15.8,0.28,2,0,13296,56109,6,1,161.8,2,22927,5,0,1
4410,18,777,3.5,0.734,0,0,16379,53306,4,2,189.8,22,74565,5,0,1
33385,48,656,0.4,0.107,3,1,3947,400397,1,2,172.8,7,44289,5,0,1
5879,48,286,4.8,0.537,7,0,1805,70926,1,2,159.6,1,62421,5,0,0
3130,59,278,2.1,0.003,2,0,12242,38211,7,0,168.7,26,59592,5,0,0
3805,59,404,9.7,0.74,2,1,21124,45724,4,2,177.7,21,85469,5,0,0
9789,51,536,2.9,0.09,2,1,10737,117823,2,1,190.0,22,95311,5,0,1
5260,26,453,1.1,0.076,2,1,2467,63342,0,2,154.6,15,24836,5,0,1
2073,39,503,1.1,0.266,2,0,9823,24881,6,2,159.3,4,95641,5,0,1
8531,30,579,7.3,0.299,1,0,3295,102158,2,1,166.6,6,55078,5,0,1
3291,42,329,1.5,0.171,1,1,2359,39316,6,2,167.0,21,49543,5,0,1
15123,65,795,7.3,0.468,3,0,8053,180814,1,3,166.8,13,99080,5,0,1
9395,35,475,1.2,0.354,3,0,9228,113258,3,0,168.9,29,25953,5,0,1
3757,68,898,1.9,0.027,2,0,7488,46019,1,2,190.3,27,67027,5,0,1
10600,29,757,3.1,0.256,2,0,11504,126495,3,3,157.3,23,84931,5,0,1
5118,57,382,14.3,0.648,2,0,4304,61935,4,0,171.6,13,61039,5,0,0
8198,34,467,13.4,0.552,0,0,8677,98353,7,2,175.6,20,79806,5,0,1
6573,32,521,1.2,0.58,3,0,5495,78556,1,2,155.5,1,83925,5,0,1
2957,59,711,2.2,0.558,2,1,6625,35555,9,1,184.3,2,87253,5,0,1
3340,32,811,0.8,0.249,2,0,10043,39678,2,1,168.4,6,43512,5,0,1
9117,32,277,3.6,0.08,1,0,18915,109521,9,3,159.2,30,31930,5,0,1
4020,56,538,3.1,0.218,3,0,10237,48093,4,1,185.5,29,59604,5,0,1
3857,30,873,11.6,0.665,5,0,13349,46112,8,1,176.8,26,13262,5,0,1
2770,34,755,13.3,0.784,0,1,8169,33828,9,4,164.6,29,21213,5,0,0
6336,49,708,2.4,0.395,0,0,11969,75157,4,1,177.3,11,34129,5,0,1
16941,26,437,3.4,0.008,1,1,18527,203008,8,2,173.9,18,76034,5,0,1
2590,57,333,11.3,0.112,2,0,36437,30090,3,2,154.6,13,70606,5,0,1
4986,37,391,8.2,0.258,2,0,21346,59897,9,0,155.6,21,26524,5,0,1
11468,43,555,0.0,0.463,1,0,7753,137368,4,0,173.4,12,28098,5,0,1
4685,44,477,1.9,0.06,5,0,20246,55859,8,2,152.3,20,86548,5,0,0
6447,38,217,2.7,0.755,0,0,12572,77505,3,1,180.1,7,69811,5,0,0
2598,35,723,1.3,0.292,1,0,4985,31481,4,1,156.2,20,59827,5,0,1
6354,30,379,1.1,0.73,2,0,12711,76839,4,3,179.2,7,46273,5,0,0
4392,33,322,0.2,0.624,2,1,3284,54169,3,2,184.2,27,72903,5,0,0
8878,26,445,5.2,0.604,3,1,12726,106251,3,1,174.9,24,79138,5,0,0
10020,29,572,1.5,0.485,0,0,32906,119902,4,1,133.1,7,33059,5,0,1
23242,61,250,0.3,0.501,2,0,15647,278906,5,2,181.2,2,51877,5,0,0
6958,55,270,1.3,0.51,0,0,21105,83539,6,0,165.6,11,52782,5,0,0
5975,36,679,8.1,0.503,1,1,5987,72566,5,1,169.4,1,32888,5,0,1
5522,24,759,9.5,0.443,4,0,11904,66524,0,0,162.6,21,38398,5,0,1
3976,52,218,3.3,0.789,6,0,14165,47239,1,1,186.8,29,20795,5,0,0
6021,65,283,2.7,0.586,0,0,6347,71751,6,0,171.8,13,96723,5,0,0
4116,35,354,19.1,0.622,3,0,14002,49732,2,1,165.9,12,93650,5,0,0
5437,33,764,1.1,0.698,0,0,11658,65140,9,2,183.4,13,87156,5,0,1
10835,56,818,1.2,0.173,0,0,14127,130727,1,0,178.8,7,81512,5,0,1
2686,21,556,1.7,0.067,1,1,3554,32489,5,0,158.7,12,39232,5,0,0
9739,42,846,0.9,0.386,4,1,22491,116345,3,2,173.3,17,23284,5,0,1
10832,49,642,2.4,0.411,3,0,11620,129396,4,2,172.2,27,72630,5,0,1
4578,57,268,12.1,0.663,0,0,7372,55108,5,0,155.3,8,44574,5,0,0
1375,30,722,4.8,0.355,0,0,7516,16329,2,0,178.3,3,71702,5,0,1
3412,62,342,2.7,0.457,0,1,7855,41513,0,1,169.7,7,75139,5,0,0
10702,34,391,13.6,0.422,2,1,4174,128593,2,0,191.5,19,73683,5,0,0
4847,66,586,0.2,0.031,4,0,20980,58323,2,1,184.1,20,84081,5,0,1
2698,54,577,1.2,0.492,2,0,17509,31761,5,1,172.2,8,43708,5,0,1
3630,23,780,4.2,0.662,3,0,18476,43321,3,2,169.1,14,17787,5,0,1
8138,36,734,4.8,0.126,0,0,27188,97632,6,0,149.6,14,79481,5,0,1
6822,30,892,0.2,0.475,3,0,9431,80926,1,2,178.4,2,98978,5,0,0
4258,43,492,2.6,0.475,5,1,2154,51407,3,0,169.3,6,38718,5,0,0
3943,31,208,5.2,0.131,2,0,13401,47742,7,4,165.3,16,64000,5,0,1
3885,48,470,6.0,0.099,4,0,13007,46355,5,1,170.2,26,18421,5,0,1
2825,21,586,5.1,0.784,2,1,28087,34534,9,3,185.5,9,87210,5,0,0
12954,56,292,1.9,0.315,3,0,19257,156060,2,0,183.6,26,40596,5,0,1
4050,25,728,0.5,0.182,1,1,9019,48861,9,0,183.6,25,64004,5,0,1
10201,42,353,2.8,0.137,1,0,7219,122381,1,0,159.6,21,65611,5,0,1
12243,30,604,0.7,0.534,1,1,18086,147413,2,2,185.8,15,96777,5,0,0
8946,49,348,14.7,0.488,5,0,968,106606,0,1,165.1,19,72540,5,0,0
3793,55,466,3.2,0.515,2,0,9829,45553,0,2,177.5,15,83274,5,0,0
6261,55,621,1.9,0.07,3,0,17266,74709,1,0,176.3,22,79308,5,0,1
4843,45,817,7.3,0.715,0,0,7355,57784,2,1,168.6,12,66887,5,0,1
2857,47,671,3.4,0.311,1,0,5968,34508,8,0,172.1,9,22365,5,0,1
5970,20,746,1.9,0.251,3,1,10258,71237,7,2,153.6,16,86334,5,0,1
2422,45,830,8.4,0.37,2,1,23850,28298,8,2,170.6,6,49855,5,0,1
10022,20,725,10.1,0.312,1,0,11624,121374,6,1,167.6,20,74137,5,0,1
3719,62,702,5.6,0.691,1,0,4714,44325,6,0,192.0,28,25775,5,0,1
5545,51,213,0.2,0.743,1,1,21452,66118,4,1,170.3,27,77520,5,0,0
5825,33,851,4.2,0.243,1,1,25067,70497,6,1,162.9,15,48022,5,0,1
4207,39,563,7.2,0.691,1,0,4247,50182,3,1,171.2,13,75886,5,0,1
6988,49,318,0.7,0.625,2,1,76027,83221,4,2,163.3,21,76448,5,0,0
3696,55,437,1.3,0.745,2,0,8098,43894,0,0,155.8,23,47213,5,0,0
8289,25,745,10.7,0.197,0,0,17304,99252,3,1,174.1,10,68648,5,0,1
2191,25,368,0.1,0.462,1,0,14500,25756,2,1,170.1,14,20715,5,0,0
5301,23,721,7.0,0.22,1,1,4635,63195,1,2,179.9,29,43059,5,0,1
15730,31,833,3.2,0.659,4,0,5646,188536,1,1,184.6,3,66902,5,0,1
2696,49,856,3.0,0.004,1,0,8554,32837,7,1,188.9,30,91314,5,0,1
3272,52,715,0.0,0.452,1,0,1815,40300,0,1,172.3,12,25223,5,0,1
6689,27,596,8.6,0.271,0,0,15627,80822,7,1,176.9,25,43235,5,0,1
5473,20,305,2.2,0.258,0,0,1778,65562,8,0,172.8,1,78813,5,0,1
6065,29,284,3.9,0.516,1,0,8198,72074,5,0,146.8,24,64513,5,0,1
6591,66,413,5.7,0.681,4,0,4734,79442,0,1,182.4,21,24641,5,0,0
7192,48,320,6.1,0.487,1,0,12875,85792,9,0,175.5,16,64455,5,0,0
9564,46,331,15.6,0.683,1,1,1389,114583,6,0,175.6,10,62727,5,0,0
6284,22,396,3.8,0.212,1,0,2143,76215,4,0,164.9,9,21391,5,0,1
4252,69,218,2.6,0.416,1,1,5027,51876,8,0,163.6,18,98512,5,0,0
7358,42,841,15.4,0.36,1,0,12271,88385,6,0,169.3,1,30709,5,0,1
15366,58,211,5.1,0.009,0,0,9674,185005,4,1,175.6,10,43832,5,0,1
4538,48,280,1.8,0.445,1,0,18773,55051,1,0,150.5,7,47656,5,0,1
2738,38,529,0.7,0.529,1,0,8833,33184,3,1,172.0,10,21655,5,0,0
9549,37,591,9.2,0.474,3,0,7988,114452,1,0,186.9,12,23111,5,0,1
4572,56,836,2.2,0.589,5,1,3438,54586,8,3,168.7,11,36269,5,0,0
1334,39,506,5.4,0.457,7,1,6777,16030,1,4,150.2,9,72275,5,0,0
8171,21,466,3.2,0.053,5,0,7977,97410,1,0,168.1,30,74532,5,0,1
3564,30,646,1.1,0.093,0,0,1565,42529,1,1,172.9,5,28778,5,0,1
4654,62,640,4.6,0.477,3,1,3975,56147,0,1,173.8,27,56418,5,0,1
5998,59,851,0.3,0.22,4,0,11739,71661,8,1,171.5,4,75539,5,0,1
5509,67,201,2.7,0.064,1,0,9354,66880,7,0,189.4,20,72660,5,0,1
7522,66,719,4.0,0.344,1,1,6618,90387,1,1,171.4,28,48708,5,0,1
3784,37,850,2.9,0.443,4,1,4984,45799,1,0,171.9,13,68865,5,0,1
6686,69,835,6.9,0.263,1,0,2009,80125,4,0,164.3,8,61129,5,0,1
4206,30,508,8.8,0.576,0,0,1421,50787,3,3,179.4,16,52434,5,0,1
7656,34,721,7.4,0.515,1,0,6340,91307,1,0,187.0,1,84858,5,0,1
7109,53,668,0.2,0.266,2,1,26666,85519,7,0,163.7,17,35977,5,0,1
2803,50,411,1.1,0.604,0,1,8345,33894,7,0,168.9,15,69319,5,0,0
9429,18,311,3.8,0.519,3,0,18345,113789,3,1,146.8,24,88759,5,0,1
3563,32,207,13.7,0.51,2,1,3161,41752,3,0,161.6,15,89702,5,0,1
7981,30,676,9.0,0.443,5,1,10163,95436,8,0,189.7,18,93670,5,0,0
6126,34,659,9.2,0.009,3,0,4614,72621,3,0,167.0,26,84872,5,0,1
14807,41,452,1.8,0.557,3,1,4474,177264,9,0,172.3,6,36214,5,0,0
4298,25,725,2.8,0.301,1,0,14701,51522,8,0,162.7,2,51108,5,0,1
3985,67,637,3.2,0.754,2,0,7358,48115,2,0,174.5,5,41667,5,0,1
4857,44,860,0.9,0.654,4,0,2674,59407,1,0,168.3,19,30631,5,0,0
4097,62,435,0.2,0.47,2,1,8764,49839,7,1,174.1,7,99652,5,0,0
7942,40,505,14.7,0.202,1,0,4569,95060,2,1,171.0,9,42421,5,0,1
1863,63,677,1.4,0.163,2,0,2551,22716,1,1,184.4,2,32419,5,0,1
2611,25,878,1.4,0.272,5,1,3654,31944,7,1,171.7,7,53313,5,0,0
2589,25,219,0.4,0.381,3,0,41635,31018,7,0,161.7,29,77579,5,0,0
8692,43,415,13.2,0.237,1,1,21373,104272,4,2,163.6,29,11702,5,0,1
13716,64,334,4.3,0.412,4,0,1617,164477,8,1,151.3,24,48715,5,0,0
4616,30,328,5.5,0.132,0,0,6969,55633,5,2,171.3,14,53889,5,0,1
4441,56,609,12.1,0.782,2,0,7388,53498,4,0,169.4,26,22762,5,0,1
5125,54,621,2.1,0.086,2,1,6549,61571,2,1,185.1,31,44155,5,0,1
9868,66,493,4.9,0.746,2,0,4764,119284,6,2,158.3,24,23382,5,0,0
2817,45,445,0.2,0.731,5,0,14730,34305,8,1,163.0,23,39852,5,0,0
5670,42,755,1.0,0.42,1,1,17225,67230,3,0,163.1,30,58843,5,0,0
8823,33,285,8.9,0.58,1,0,18754,104976,6,2,167.5,15,64978,5,0,1
6638,19,755,7.3,0.349,1,1,10552,79864,2,1,157.4,12,42130,5,0,1
5506,35,574,2.2,0.504,1,1,13186,66021,1,1,167.2,20,20188,5,0,1
8960,34,645,2.4,0.272,2,0,6151,106645,0,1,170.2,4,38268,5,0,1
970,47,577,3.8,0.241,3,0,2295,10689,5,0,170.5,26,57898,5,0,1
7381,56,589,0.0,0.463,3,0,2248,88447,4,0,182.7,13,56618,5,0,1
3319,30,856,1.4,0.399,2,0,4099,39956,1,0,169.7,29,35826,5,0,1
1638,49,250,1.2,0.464,1,1,6901,19802,2,3,169.5,9,41995,5,0,0
6678,67,441,1.4,0.229,1,1,2902,79833,8,0,181.5,31,14462,5,0,1
11205,46,493,8.2,0.294,4,0,3281,134181,2,1,170.0,12,44804,5,0,1
4525,63,762,1.6,0.067,2,0,5986,54048,6,1,157.8,10,98325,5,0,1
8705,47,465,1.1,0.042,1,0,16176,104706,0,2,159.2,9,33173,5,0,1
12930,35,319,3.5,0.203,1,0,10587,154395,6,3,159.3,21,59689,5,0,1
10817,30,447,10.0,0.059,5,0,4060,129813,8,0,157.8,23,69496,5,0,1
13147,60,269,1.4,0.083,1,0,8409,158273,7,3,190.0,7,18982,5,0,0
7671,38,256,0.4,0.65,2,0,2799,91876,6,0,159.3,25,82399,5,0,0
5142,47,581,2.2,0.031,4,0,4060,61784,9,1,169.6,12,28332,5,0,1
1879,38,238,6.9,0.527,2,1,2152,22755,7,1,170.5,16,89525,5,0,0
4240,65,642,4.0,0.218,2,0,11419,50550,3,1,168.2,15,31488,5,0,1
2963,34,217,8.5,0.697,1,1,6462,35505,1,3,162.2,7,96063,5,0,0
18080,57,551,16.0,0.388,1,0,7142,216309,8,0,174.6,8,88483,5,0,1
4422,36,497,7.9,0.244,1,1,15440,53307,2,1,154.8,7,54209,5,0,1
5291,69,482,4.6,0.414,2,0,3648,63573,3,2,159.3,11,29232,5,0,1
6842,32,785,3.4,0.306,2,1,11771,82687,6,3,181.2,4,63685,5,0,1
5045,26,309,0.2,0.451,0,1,39653,60978,1,2,159.0,28,26545,5,1,0
13589,69,379,20.8,0.092,3,0,3693,163658,7,0,183.0,18,87640,5,0,1
3382,27,743,2.4,0.798,3,0,2320,41198,9,0,183.8,19,67847,5,0,1
5523,61,224,0.8,0.34,1,1,2962,65914,7,0,184.0,7,23347,5,0,0
3147,48,256,5.5,0.279,3,1,11057,38003,4,0,178.4,30,12634,5,0,1
2226,40,379,1.7,0.568,4,1,32762,27049,8,2,156.2,27,15101,5,0,0
3404,69,431,4.4,0.291,4,1,31706,40536,7,1,154.6,27,97686,5,0,0
4806,47,542,4.4,0.667,2,0,15929,58288,0,0,158.8,13,35970,5,0,1
3798,50,676,3.0,0.363,1,0,16373,45521,8,0,160.5,9,27893,5,0,1
3243,69,775,9.0,0.576,0,0,11750,39235,4,2,157.0,29,28703,5,1,1
2113,26,654,1.5,0.086,3,1,14473,25907,8,1,163.2,30,32489,5,0,1
4675,64,431,3.0,0.677,2,0,10332,56313,8,1,177.7,27,68098,5,0,0
1992,18,488,3.9,0.589,0,0,4273,24810,9,1,176.5,18,46767,5,0,0
7754,61,412,5.4,0.169,5,1,31912,94257,9,1,173.0,30,70186,5,0,0
5163,52,457,7.7,0.116,4,1,23584,61964,2,1,167.9,7,91912,5,0,0
2049,28,729,2.5,0.253,1,0,4352,25066,7,1,169.3,20,29733,5,0,1
4082,51,886,5.2,0.781,4,0,13613,50168,6,0,173.0,16,86942,5,0,1
3129,33,428,0.8,0.205,3,0,26081,37239,6,1,165.3,23,40659,5,0,1
5952,26,425,13.5,0.365,4,0,11326,70030,9,0,179.8,28,59543,5,0,1
10984,49,795,2.4,0.024,3,1,6875,132289,1,0,156.9,5,17951,5,0,1
1595,32,634,6.5,0.318,1,0,25432,18946,1,1,162.2,7,74417,5,0,1
5265,29,601,0.1,0.457,3,1,9939,62578,1,0,160.7,6,94693,5,0,1
4464,50,821,1.1,0.762,2,1,4903,53211,1,3,174.6,29,44006,5,0,0
7352,62,287,3.3,0.413,2,0,3228,87443,3,1,158.0,2,65864,5,0,0
5585,31,783,10.5,0.655,2,0,776,67869,6,1,160.8,28,10740,5,0,1
3130,25,741,3.7,0.438,1,0,39281,38286,1,0,174.2,7,87860,5,0,1
4058,25,883,13.3,0.033,5,0,4148,48581,4,0,161.3,21,41099,5,0,1
3048,44,508,3.3,0.252,4,0,17521,36503,6,0,178.4,31,19727,5,0,1
9373,29,542,3.4,0.46,1,1,3880,112573,8,2,178.1,9,75904,5,0,1
4978,18,635,0.6,0.76,3,0,9261,60572,7,2,164.6,13,36533,5,0,0
15378,60,376,8.1,0.687,3,1,11611,184005,8,1,171.3,29,40408,5,0,0
4739,57,338,1.4,0.183,4,0,3006,56785,6,1,190.6,27,75305,5,0,0
3212,59,393,11.5,0.176,1,0,17424,39167,2,2,178.7,17,25038,5,0,1
1981,68,385,12.1,0.161,1,1,6914,23604,0,0,174.9,17,60799,5,0,0
1665,28,417,14.4,0.738,2,0,12608,19562,9,0,185.5,15,85759,5,0,0
1899,56,363,3.7,0.682,1,0,25941,22871,6,0,160.4,18,59061,5,0,0
5769,60,360,5.7,0.62,1,0,14642,68336,5,1,182.6,24,36254,5,0,0
6669,48,724,7.5,0.314,0,0,7511,80213,1,0,173.6,15,36722,5,0,1
1903,34,800,0.7,0.404,2,1,38377,22709,0,1,184.6,11,29208,5,0,0
8408,50,241,4.6,0.371,2,0,7818,101213,9,1,164.8,25,70640,5,0,1
3678,49,409,0.2,0.203,1,0,8729,43788,3,0,183.9,27,96090,5,0,0
5367,46,474,3.4,0.404,1,0,7108,64630,3,0,152.6,27,65061,5,0,0
12930,38,478,0.8,0.024,3,1,3039,155265,5,2,166.2,12,30165,5,0,0
8417,38,450,1.0,0.105,2,0,2783,100413,4,1,172.7,23,29512,5,0,1
4183,57,509,2.3,0.709,1,0,5201,49723,8,0,176.6,17,85000,5,0,1
2879,40,339,2.8,0.601,1,0,3601,35162,7,1,149.1,12,11979,5,0,0
1351,23,745,4.9,0.338,1,0,6489,16690,8,0,157.5,7,16612,5,0,1
3192,39,729,0.4,0.414,2,0,15692,37438,9,1,159.2,29,36763,5,0,1
4329,67,256,3.5,0.296,4,0,5841,51730,6,1,160.6,24,16022,5,0,1
2718,55,311,1.0,0.593,1,0,9662,32773,8,1,162.5,7,69750,5,0,0
4542,54,204,4.3,0.627,0,0,5406,54770,2,1,171.6,29,85304,5,0,0
5146,62,609,5.1,0.611,1,0,62070,61889,8,1,184.8,28,38055,5,0,1
4294,68,613,4.1,0.578,2,1,27081,51717,1,2,166.2,21,70889,5,0,1
3327,25,381,6.7,0.164,0,1,6646,39744,8,0,185.5,28,83368,5,0,1
5438,58,212,2.0,0.27,3,0,10074,65343,5,1,170.8,23,27639,5,0,1
6407,66,538,7.2,0.376,1,0,2773,76394,3,1,167.9,10,71032,5,1,1
2554,52,458,2.8,0.265,1,0,6825,30464,1,2,180.5,16,10299,5,0,1
11459,68,289,3.3,0.604,7,1,5012,136465,9,1,168.4,11,94962,5,0,0
4632,28,815,5.2,0.263,1,0,14681,55055,2,0,162.2,16,93200,5,0,1
4970,41,897,0.1,0.111,1,1,3849,59199,4,0,183.3,2,23028,5,0,1
7517,66,449,5.3,0.319,0,0,30521,89788,8,2,169.6,25,35437,5,0,1
5652,38,454,4.8,0.784,5,0,7689,68188,6,1,187.9,2,14589,5,0,0
8706,68,787,1.9,0.181,1,1,4041,103685,2,0,166.5,18,83669,5,0,1
5838,19,307,0.4,0.49,2,1,8314,69736,3,0,156.7,5,72645,5,0,0
3403,57,867,0.5,0.346,0,1,14609,41158,1,2,162.3,14,69917,5,0,1
6105,36,793,12.8,0.057,2,0,12287,72597,7,0,163.3,31,90995,5,0,1
2474,56,788,5.8,0.39,2,0,9184,30322,5,0,169.0,8,29168,5,0,1
5245,45,684,0.7,0.562,4,0,16351,63029,2,1,162.1,6,73845,5,0,1
4817,34,457,2.2,0.411,2,0,15571,58148,4,2,157.5,28,82934,5,0,1
4337,23,838,4.5,0.698,2,0,15633,51571,4,1,166.8,9,33092,5,0,1
4549,36,481,9.0,0.231,2,0,6499,54208,0,1,170.9,6,22377,5,0,1
1589,55,287,0.2,0.069,0,0,6463,18996,4,3,174.1,21,84839,5,0,0
3536,45,403,1.4,0.749,5,0,6864,42837,5,1,169.8,17,56635,5,0,0
5196,19,215,11.0,0.303,1,1,5457,62742,9,0,183.7,8,65402,5,0,1
5409,55,350,0.0,0.461,6,1,8817,65106,9,0,170.6,3,99889,5,0,0
2652,54,453,1.1,0.634,3,0,8066,31714,1,3,148.2,12,90801,5,0,0
10503,68,387,16.0,0.259,3,0,30456,125651,2,3,172.5,13,92433,5,0,1
2922,69,528,4.8,0.573,2,0,5410,35589,9,0,170.1,18,18312,5,0,1
8792,21,743,1.5,0.108,1,1,3679,105327,4,1,177.4,23,94767,5,0,1
6350,39,596,0.3,0.233,5,0,13583,75429,2,3,158.8,11,72263,5,0,1
3335,43,716,0.1,0.116,0,1,8580,39539,4,0,180.6,2,43885,5,0,1
14259,66,658,1.4,0.649,2,1,4679,170756,4,0,172.7,14,67848,5,0,1
2401,60,529,10.7,0.178,3,0,15149,28640,7,0,171.4,31,73494,5,0,1
8531,53,368,2.7,0.574,1,0,6482,102335,9,0,179.4,1,53951,5,0,0
8958,30,892,6.4,0.755,2,1,27430,106811,8,2,181.6,27,50629,5,0,1
3286,69,565,12.5,0.422,1,0,3789,39189,7,0,180.6,31,45006,5,0,1
11333,49,377,2.6,0.432,2,0,5091,135817,2,2,146.5,15,89567,5,0,1
4230,34,854,1.1,0.369,1,1,8974,50659,0,0,155.8,29,77969,5,0,1
5844,58,561,3.6,0.261,1,0,24010,69738,2,1,165.6,18,35378,5,0,1
5745,53,838,11.9,0.381,4,1,4578,70176,0,1,158.1,22,33393,5,0,1
4534,63,239,8.2,0.482,3,1,10951,54229,8,1,163.0,18,17166,5,0,0
7994,36,615,0.3,0.789,3,1,3193,95630,2,2,169.5,17,77007,5,0,0
7911,52,554,5.9,0.75,1,0,16871,94383,7,1,165.3,1,84554,5,0,1
1721,63,454,4.2,0.69,1,0,4810,21033,5,1,169.8,14,39616,5,0,0
10749,57,342,11.9,0.711,3,0,13293,128060,2,2,183.6,20,40771,5,0,1
1812,45,776,0.7,0.374,5,1,13853,20854,8,0,187.8,24,27812,5,0,0
9131,18,210,3.8,0.526,1,1,1895,109555,7,3,173.7,22,64026,5,0,0
9662,59,819,10.6,0.716,5,0,9580,116176,2,0,183.4,16,25029,5,0,1
2554,35,225,2.6,0.314,1,0,5406,30603,6,1,166.0,4,79842,5,0,1
3841,65,620,3.3,0.769,2,0,12073,47106,4,1,163.8,22,23177,5,0,1
2531,57,862,0.4,0.333,2,1,4026,30112,1,1,169.2,6,79317,5,0,1
4320,50,420,1.6,0.481,1,1,5089,51688,7,0,166.9,25,36601,5,0,0
4085,29,695,2.0,0.568,2,1,21136,48999,0,1,176.8,16,28701,5,0,0
7846,25,436,14.5,0.76,2,1,19867,94172,3,1,170.1,20,16688,5,0,0
10787,41,436,1.7,0.196,2,1,3658,129382,3,0,185.1,6,27390,5,0,0
11354,33,418,3.1,0.597,2,1,34101,136161,9,0,171.2,15,47879,5,0,0
3507,67,686,5.6,0.417,3,0,1026,41430,4,4,162.9,26,99369,5,0,1
4334,21,660,0.9,0.215,0,0,9620,52352,3,0,165.3,1,88221,5,0,1
1789,55,862,3.3,0.621,4,1,2899,21957,0,0,164.1,7,42492,5,0,0
3030,61,834,6.7,0.442,1,0,10906,36124,6,4,177.3,23,29671,5,0,1
8768,44,343,10.1,0.529,0,0,6572,105193,9,0,168.9,11,59790,5,0,0
12956,26,388,4.9,0.258,1,0,3589,156249,1,0,171.2,1,84220,5,0,1
2343,64,454,5.5,0.385,0,0,4492,27739,9,0,174.2,8,37574,5,0,1
3444,33,267,0.7,0.494,1,0,4318,41430,2,0,175.4,14,81261,5,0,0
4837,29,815,14.6,0.324,1,0,8613,58093,4,1,180.6,5,21849,5,0,1
5814,48,535,0.7,0.159,2,0,17672,70570,7,0,173.4,13,61327,5,0,1
3023,41,870,7.5,0.769,2,0,38833,37204,9,1,160.4,31,41171,5,0,1
6338,31,608,1.5,0.409,0,0,7067,76454,7,3,165.1,15,42651,5,0,1
3698,62,499,13.6,0.587,2,1,10291,46147,1,0,165.1,9,16581,5,0,0
4872,42,801,6.4,0.329,2,0,20930,58478,8,1,162.7,8,74767,5,0,1
6821,51,556,7.0,0.284,3,0,5658,79619,5,1,180.4,19,63695,5,0,1
4933,20,455,1.2,0.326,5,0,4330,58940,8,2,168.5,17,15221,5,0,1
3782,41,552,2.9,0.327,2,0,38512,45158,3,1,171.8,19,62900,5,0,1
4601,59,720,4.8,0.435,1,0,7017,55987,2,0,173.3,30,91663,5,0,1
4660,26,723,7.3,0.435,2,1,9641,55826,4,2,172.1,18,15032,5,0,1
3936,43,893,0.5,0.398,0,1,2246,47895,4,1,173.1,18,49194,5,0,1
4207,37,483,16.4,0.108,5,0,5329,50886,3,0,194.1,27,46777,5,0,1
12825,57,511,11.0,0.397,1,0,36669,154047,6,0,176.8,31,90631,5,0,1
6881,27,298,1.6,0.135,1,0,11733,82773,7,0,160.8,4,31707,5,0,0
4116,36,396,8.7,0.101,1,1,7919,49534,4,2,173.2,2,97363,5,0,1
7466,20,681,3.7,0.746,2,1,24710,90160,8,2,171.1,24,40620,5,0,1
4022,41,425,3.1,0.484,1,0,2173,48138,6,1,156.1,5,81843,5,0,1
9935,22,814,1.9,0.528,3,0,5815,119029,6,1,146.2,17,45896,5,0,1
6135,20,817,4.3,0.321,4,1,50010,73825,7,2,171.4,22,47069,5,0,1
4608,44,564,6.5,0.727,2,1,7785,55393,3,0,167.2,28,81563,5,0,1
6429,33,567,2.6,0.51,2,0,7742,77043,9,2,158.5,7,69539,5,0,1
1915,66,769,5.0,0.615,2,1,20812,24072,5,0,164.6,29,92866,5,0,0
2499,32,789,6.0,0.295,2,0,22002,30345,4,0,167.4,16,69337,5,0,1
2401,52,274,6.2,0.768,1,0,2860,28532,0,1,164.2,1,78976,5,0,0
5354,29,241,0.3,0.656,2,1,11411,64547,8,1,172.7,29,11545,5,0,0
13898,58,621,9.8,0.683,2,0,33012,166305,1,0,171.8,12,55612,5,0,1
18746,61,380,3.1,0.138,2,1,4844,224379,5,0,178.0,19,62659,5,0,1
7207,43,744,1.5,0.217,5,0,6015,86884,7,1,181.6,9,41480,5,0,1
6637,64,270,1.4,0.229,2,0,8292,79214,2,3,176.4,16,42797,5,0,0
1667,51,767,3.3,0.217,3,0,14121,20024,4,1,163.2,29,38336,5,0,1
3548,40,304,10.9,0.684,0,0,2586,42056,6,3,171.7,30,90300,5,0,0
3063,48,399,2.4,0.026,2,0,671,36611,3,3,153.9,7,67872,5,0,1
3386,67,300,6.9,0.061,2,1,9627,40415,4,1,165.3,30,97067,5,0,0
4443,37,506,0.5,0.219,1,0,20592,53268,0,0,144.6,29,75661,5,0,1
3702,29,785,3.2,0.16,2,1,6313,45577,3,2,166.5,15,47676,5,0,1
1498,40,882,23.9,0.185,1,0,4972,18617,6,1,164.6,12,38432,5,0,1
7698,21,576,7.4,0.638,2,1,7089,92319,9,0,176.9,4,16642,5,0,1
2582,40,854,1.2,0.451,4,0,29086,30880,6,3,160.3,31,62410,5,0,0
5673,65,877,3.5,0.005,3,0,4761,67723,9,1,171.7,6,51613,5,0,1
17059,65,598,1.3,0.343,1,0,12787,204189,9,0,166.2,6,56416,5,0,1
2830,18,420,2.6,0.326,3,0,3220,33885,3,0,165.7,15,61413,5,0,1
1076,42,794,7.6,0.091,3,0,3345,13578,5,1,162.3,28,50721,5,0,1
4139,19,381,7.4,0.541,4,0,15931,48088,4,0,173.0,3,34866,5,0,0
9514,47,506,1.3,0.562,3,1,29956,114678,0,4,168.4,2,86719,5,0,1
15914,20,721,12.8,0.577,1,1,16501,191541,7,0,160.4,5,70985,5,0,1
2350,38,595,4.5,0.583,2,1,1567,27133,6,3,171.3,8,86305,5,0,0
6621,42,203,2.4,0.0,2,0,5790,79470,4,0,173.1,19,20931,5,0,1
3717,37,480,3.5,0.763,2,1,9809,44385,9,1,185.3,21,28077,5,0,0
4612,66,414,4.6,0.651,3,1,8498,55260,9,3,164.2,30,63796,5,0,0
24019,69,809,4.1,0.723,2,0,1744,288335,6,0,166.1,16,35895,5,0,1
1994,39,619,3.3,0.013,0,0,2870,24086,9,0,157.1,19,78357,5,0,1
5722,38,300,3.5,0.747,1,0,4266,67978,2,1,165.5,30,62814,5,0,0
6506,50,720,1.0,0.648,1,0,7676,78885,7,0,159.4,23,90290,5,0,1
9428,69,772,8.4,0.67,1,0,1724,112898,4,0,181.0,31,58793,5,0,1
5212,55,508,3.9,0.075,1,0,13097,63859,1,0,175.1,16,73848,5,0,1
5912,32,857,0.7,0.591,3,1,7522,70472,1,2,159.2,6,91754,5,0,0
3885,63,709,7.3,0.768,0,0,3517,46091,3,3,160.2,22,54189,5,0,1
5776,69,262,13.5,0.543,2,0,9460,69473,6,1,164.5,1,64346,5,0,1
4000,32,832,14.7,0.456,1,1,2560,48449,9,2,183.0,18,11395,5,0,1
7136,63,425,2.3,0.757,2,1,7772,86268,3,0,163.9,22,62119,5,0,0
3937,42,304,0.7,0.354,1,1,1918,46750,8,0,168.2,8,13961,5,0,0
6162,38,624,3.7,0.479,1,0,2156,73777,1,0,185.3,5,45382,5,0,1
4829,41,454,0.6,0.381,1,0,5635,58880,5,0,174.2,12,98790,5,0,0
9658,22,628,13.6,0.746,2,0,4568,115711,3,1,155.5,18,27928,5,0,1
4765,23,633,1.0,0.061,2,0,11019,57625,5,0,151.7,5,22093,5,0,1
1696,66,406,1.5,0.401,2,0,7983,19404,9,2,170.9,25,90238,5,0,0
10479,60,227,2.6,0.55,2,0,43491,124941,8,0,193.0,22,55457,5,0,0
2854,65,881,2.4,0.634,1,1,6554,34731,9,2,183.6,29,17986,5,0,1
3320,61,535,7.9,0.466,1,0,578,39765,8,3,173.8,13,36726,5,0,1
3437,64,787,3.0,0.727,2,0,1591,41622,8,0,177.9,21,88196,5,0,1
11211,40,827,0.9,0.754,2,0,3112,134218,8,0,178.6,26,63585,5,0,1
1364,21,268,1.6,0.051,3,1,121495,15539,2,0,153.6,22,82570,5,0,0
32294,44,712,3.6,0.322,2,0,7868,387574,8,0,172.1,29,68400,5,0,1
9261,35,366,0.8,0.019,1,0,19669,110433,2,0,183.1,12,74619,5,0,0
5619,38,567,4.7,0.264,2,0,18138,67490,9,1,190.9,16,23580,5,0,1
4755,45,450,4.2,0.429,2,0,2940,56577,2,0,175.1,14,93016,5,0,0
5833,52,885,6.3,0.729,2,0,1930,70322,4,1,156.4,11,69225,5,0,1
6718,39,369,13.9,0.677,2,0,13546,80480,5,1,175.7,28,11204,5,0,0
7238,57,289,12.2,0.102,2,0,1371,86705,8,3,175.5,9,34331,5,0,1
6859,40,760,14.6,0.074,1,1,17714,82478,0,1,178.7,23,13583,5,0,1
5186,20,645,1.4,0.471,0,0,7378,62696,7,0,174.1,10,91792,5,0,1
4365,57,493,0.7,0.426,1,1,13264,52471,3,1,188.6,16,54099,5,0,0
4488,67,349,1.8,0.213,5,0,10329,54747,9,2,171.9,19,17539,5,0,1
4372,27,331,11.3,0.72,4,0,10780,53334,6,0,170.6,10,54379,5,0,0
9703,42,632,17.9,0.742,3,0,8809,116085,5,1,167.4,26,66292,5,0,1
7017,69,258,9.8,0.322,2,0,10150,83645,5,0,171.0,21,97846,5,0,1
841,66,398,0.6,0.712,2,0,8407,9480,6,2,172.8,4,18223,5,0,0
7284,25,414,14.7,0.307,2,0,2694,88309,3,1,171.2,27,85696,5,0,1
5523,28,760,2.8,0.589,2,1,5913,65666,5,1,177.8,21,94894,5,0,1
4859,22,671,0.0,0.381,0,1,45973,58113,2,2,149.3,8,41339,5,0,1
3892,62,446,2.9,0.098,1,1,10418,46709,4,1,168.6,11,74590,5,0,0
9647,54,581,0.2,0.742,1,0,20210,116649,1,0,175.2,30,21522,5,0,1
8677,62,438,3.9,0.363,0,0,3690,103468,2,1,172.8,6,38014,5,0,1
3091,55,566,2.1,0.588,4,0,3639,37635,8,0,157.3,4,54082,5,0,1
6274,46,367,3.2,0.294,2,0,3094,75295,5,3,175.3,21,83834,5,0,1
2743,22,759,4.7,0.015,0,0,2792,32852,2,0,170.5,27,62945,5,0,1
2147,26,250,10.2,0.08,2,0,2212,25750,1,1,177.6,23,75737,5,0,0
3374,65,809,5.4,0.397,0,1,9765,40136,4,3,175.8,30,83492,5,0,1
8245,19,888,2.8,0.552,3,0,6095,98732,9,2,173.2,24,17385,5,0,1
8706,18,579,8.6,0.268,2,0,16324,104109,4,1,170.0,5,74552,5,0,1
6686,57,673,11.8,0.556,1,0,6321,79576,0,1,172.9,18,81543,5,0,1
7593,68,279,0.6,0.559,1,0,1184,90527,2,0,172.9,22,44562,5,0,0
6698,47,896,3.8,0.563,3,1,11555,80967,6,1,183.3,25,76944,5,0,1
3344,28,566,1.7,0.394,3,0,1596,39952,8,0,199.9,3,10916,5,0,1
6368,45,660,0.2,0.732,3,1,9619,76751,4,2,159.3,7,75226,5,0,0
7944,61,738,5.5,0.391,0,0,4371,95239,3,2,143.5,24,63583,5,0,1
7727,29,651,9.9,0.36,0,0,9759,92626,2,0,164.7,22,83314,5,0,1
10030,56,663,0.9,0.16,3,1,2553,120322,9,2,160.6,12,81882,5,0,1
7517,43,677,8.4,0.246,3,0,15103,90569,8,3,178.4,3,45934,5,0,1
6068,30,619,9.6,0.034,1,0,8350,72472,6,1,184.9,17,26448,5,0,1
9340,25,413,12.3,0.507,4,0,6152,112002,6,1,178.2,3,63471,5,0,0
4837,45,568,1.5,0.199,0,0,2088,58496,7,0,166.9,11,46418,5,0,1
2895,47,313,11.7,0.243,1,1,34490,35281,9,1,177.3,6,24715,5,0,1
4456,26,702,1.9,0.617,3,1,3922,54214,0,0,182.1,11,44783,5,0,0
3143,56,835,4.0,0.262,2,1,10000,37234,3,0,176.7,4,35897,5,0,1
