customerID,gender,SeniorCitizen,Partner,Dependents,tenure,tenure_months,PhoneService,MultipleLines,InternetService,OnlineSecurity,OnlineBackup,TechSupport,StreamingTV,StreamingMovies,Contract,PaperlessBilling,PaymentMethod,MonthlyCharges,TotalCharges,AvgMonthlyCharge,ChargesRatio,Country,ActiveService,PromoCode2019,Currency,Churn,LegacyPlanCode,InternalScore
CUST-00000,Male,0,No,No,1,2,Yes,No,Fiber optic,No,No,Yes,No,Yes,Two year,Yes,Credit card,63.25,51.44,51.44,120.614,Brazil,1,0,BRL,No,,
CUST-00001,Female,0,No,No,6,6,Yes,No,DSL,No,Yes,Yes,Yes,Yes,Month-to-month,Yes,Electronic check,51.62,377.76,62.96,13.6287,Brazil,1,0,BRL,Yes,,
CUST-00002,Male,1,Yes,No,53,54,Yes,No,DSL,No,Yes,No,No,Yes,One year,No,Credit card,45.25,2433.84,45.92,1.8584,Brazil,1,0,BRL,Yes,,
CUST-00003,Male,0,No,No,43,43,Yes,No,DSL,Yes,No,No,Yes,Yes,Month-to-month,Yes,Mailed check,59.74,2542.52,59.13,2.3487,Brazil,1,0,BRL,No,,
CUST-00004,Male,0,No,No,12,13,Yes,No,Fiber optic,Yes,No,No,No,No,One year,Yes,Electronic check,69.21,810.21,67.52,8.5317,Brazil,1,0,BRL,No,,55.4
CUST-00005,Female,0,No,Yes,14,15,Yes,No,Fiber optic,No,Yes,Yes,Yes,No,Month-to-month,No,Bank transfer,112.54,1594.59,113.9,7.0532,Brazil,1,0,BRL,No,,
CUST-00006,Male,0,No,No,22,22,Yes,No,Fiber optic,No,Yes,Yes,No,No,Month-to-month,No,Credit card,95.91,2081.39,94.61,4.6058,Brazil,1,0,BRL,Yes,,44.7
CUST-00007,Male,1,Yes,No,1,1,Yes,Yes,Fiber optic,,No,Yes,No,No,One year,No,Credit card,81.64,80.02,80.02,100.7652,Brazil,1,0,BRL,No,,
CUST-00008,Male,0,No,Yes,8,8,Yes,No,DSL,Yes,No,Yes,No,Yes,Month-to-month,No,Electronic check,75.54,670.15,83.77,11.2553,Brazil,1,0,BRL,No,LP003,
CUST-00009,Female,0,Yes,No,7,7,Yes,No,DSL,Yes,No,Yes,No,Yes,One year,Yes,Electronic check,59.63,375.95,53.71,15.8191,Brazil,1,0,BRL,Yes,LP002,
CUST-00010,Male,0,No,Yes,8,9,Yes,No,Fiber optic,No,No,No,Yes,No,Month-to-month,Yes,Mailed check,73.27,563.78,70.47,12.9732,Brazil,1,0,BRL,Yes,,
CUST-00011,Male,1,Yes,No,49,49,Yes,No,Fiber optic,No,No,No,Yes,No,Month-to-month,No,Bank transfer,84.97,4148.16,84.66,2.0479,Brazil,1,0,BRL,No,,
CUST-00012,Male,1,Yes,No,9,9,No,No phone service,Fiber optic,No,Yes,No,No,Yes,Month-to-month,No,Bank transfer,91.54,981.76,109.08,9.3146,Brazil,1,0,BRL,No,,
CUST-00013,Male,0,Yes,No,6,5,Yes,Yes,DSL,Yes,No,Yes,No,No,Month-to-month,Yes,Electronic check,66.49,429.35,71.56,15.4502,Brazil,1,0,BRL,Yes,,
CUST-00014,Female,0,No,Yes,21,21,Yes,Yes,DSL,Yes,Yes,Yes,No,No,Month-to-month,No,Credit card,59.44,1304.84,62.14,4.5519,Brazil,1,0,BRL,No,LP002,
CUST-00015,Male,1,Yes,Yes,60,59,Yes,No,DSL,Yes,Yes,No,Yes,Yes,Month-to-month,No,Bank transfer,52.77,3204.61,53.41,1.6462,Brazil,1,0,BRL,No,,
CUST-00016,Female,0,No,Yes,8,8,Yes,Yes,DSL,No,No,No,No,No,Month-to-month,No,Credit card,18.0,185.77,23.22,9.6375,Brazil,1,0,BRL,No,LP003,
CUST-00017,Female,0,Yes,No,2,2,Yes,Yes,DSL,No,No,No,No,No,Two year,No,Mailed check,48.47,120.62,60.31,39.8536,Brazil,1,0,BRL,No,,
CUST-00018,Female,1,Yes,No,13,13,Yes,No,Fiber optic,Yes,Yes,No,Yes,Yes,Month-to-month,Yes,Mailed check,56.31,750.29,57.71,7.4951,Brazil,1,0,BRL,No,,
CUST-00019,Male,0,No,No,41,41,Yes,No,DSL,No,No,No,No,Yes,One year,No,Credit card,62.4,,60.63,2.5092,Brazil,1,0,BRL,No,,55.2
CUST-00020,Female,0,Yes,No,24,24,Yes,Yes,DSL,Yes,,Yes,No,No,Month-to-month,No,Bank transfer,52.13,1269.01,52.88,4.1047,Brazil,1,0,BRL,No,,
CUST-00021,Male,0,Yes,No,50,49,Yes,Yes,No,No internet service,No internet service,No internet service,No internet service,No internet service,Two year,Yes,Credit card,18.83,936.08,18.72,2.0094,Brazil,1,0,BRL,No,,
CUST-00022,Female,1,No,No,72,72,Yes,No,Fiber optic,No,Yes,No,Yes,Yes,Month-to-month,No,Credit card,43.25,3141.27,43.63,1.3764,Brazil,1,0,BRL,No,,
CUST-00023,Female,1,Yes,No,47,47,Yes,Yes,No,No internet service,No internet service,No internet service,No internet service,No internet service,Month-to-month,Yes,Bank transfer,18.0,842.46,17.92,2.1341,Brazil,1,0,BRL,No,,
CUST-00024,Female,1,Yes,No,27,27,Yes,No,Fiber optic,No,,Yes,Yes,No,Month-to-month,Yes,Mailed check,64.47,1778.85,65.88,3.6222,Brazil,1,0,BRL,No,,
CUST-00025,Female,0,Yes,No,20,20,Yes,Yes,Fiber optic,No,No,No,No,Yes,Month-to-month,Yes,Electronic check,56.62,1179.4,58.97,4.7967,Brazil,1,0,BRL,No,,
CUST-00026,Female,1,No,Yes,1,1,Yes,No,DSL,,No,No,No,No,One year,Yes,Electronic check,67.03,0.0,0.0,6703.0,Brazil,1,0,BRL,Yes,,
CUST-00027,Female,1,No,Yes,72,72,Yes,No,Fiber optic,No,No,No,Yes,No,Month-to-month,Yes,Electronic check,79.78,5722.47,79.48,1.3939,Brazil,1,1,BRL,Yes,,41.6
CUST-00028,Female,0,No,No,14,14,Yes,No,DSL,Yes,Yes,Yes,No,Yes,Two year,No,Electronic check,41.68,490.65,35.05,8.4776,Brazil,1,0,BRL,No,,
CUST-00029,Female,0,No,Yes,4,5,Yes,Yes,DSL,No,Yes,Yes,No,No,Month-to-month,Yes,Electronic check,69.47,289.83,72.46,23.8868,Brazil,1,0,BRL,No,,
CUST-00030,Male,0,Yes,No,32,32,Yes,No,No,No internet service,No internet service,No internet service,No internet service,No internet service,Month-to-month,Yes,Electronic check,25.28,793.92,24.81,3.1802,Brazil,1,0,BRL,Yes,,
CUST-00031,Male,0,Yes,No,10,10,No,No phone service,Fiber optic,No,Yes,No,Yes,Yes,One year,Yes,Mailed check,74.56,813.39,81.34,9.1553,Brazil,1,0,BRL,No,,
CUST-00032,Female,0,No,No,26,25,Yes,Yes,No,,,No internet service,No internet service,No internet service,Month-to-month,Yes,Mailed check,28.13,741.74,28.53,3.7873,Brazil,1,0,BRL,No,,
CUST-00033,Female,0,Yes,No,26,26,No,No phone service,DSL,Yes,No,No,No,No,Two year,No,Electronic check,56.48,1444.2,55.55,3.9081,Brazil,1,0,BRL,No,,
CUST-00034,Female,0,Yes,Yes,17,17,Yes,No,DSL,Yes,,No,Yes,No,Month-to-month,No,Electronic check,67.81,1199.7,70.57,5.6475,Brazil,1,0,BRL,No,,50.1
CUST-00035,Male,0,Yes,No,54,53,Yes,No,Fiber optic,Yes,No,No,No,No,One year,No,Bank transfer,88.61,4769.03,88.32,1.8576,Brazil,1,0,BRL,Yes,LP002,
CUST-00036,Female,0,Yes,No,9,9,Yes,Yes,Fiber optic,No,No,Yes,No,No,Month-to-month,No,Mailed check,72.47,627.33,69.7,11.5337,Brazil,1,0,BRL,Yes,,
CUST-00037,Male,0,No,No,17,16,Yes,Yes,Fiber optic,Yes,No,No,Yes,Yes,Two year,Yes,Mailed check,42.87,748.47,44.03,5.72,Brazil,1,0,BRL,No,,
CUST-00038,Male,0,Yes,No,23,23,Yes,No,No,No internet service,No internet service,No internet service,No internet service,No internet service,One year,No,Bank transfer,24.56,,28.07,3.7987,Brazil,1,0,BRL,No,,
CUST-00039,Male,0,No,No,32,31,Yes,No,DSL,Yes,No,No,No,No,Month-to-month,No,Credit card,97.11,3150.2,98.44,3.0817,Brazil,1,0,BRL,No,,
CUST-00040,Male,0,Yes,No,45,45,Yes,No,Fiber optic,No,No,No,Yes,No,Month-to-month,Yes,Mailed check,87.15,3950.1,87.78,2.2057,Brazil,1,0,BRL,No,,
CUST-00041,Male,0,No,No,15,16,Yes,No,DSL,No,Yes,No,Yes,No,Month-to-month,No,Bank transfer,69.24,,78.41,5.882,Brazil,1,0,BRL,Yes,,
CUST-00042,Female,0,Yes,Yes,31,31,Yes,Yes,DSL,No,,No,No,No,Two year,No,Credit card,45.83,1384.11,44.65,3.3088,Brazil,1,0,BRL,No,,
CUST-00043,Female,0,Yes,No,4,4,Yes,No,Fiber optic,No,No,Yes,No,No,Month-to-month,No,Credit card,82.01,290.3,72.58,28.1531,Brazil,1,0,BRL,No,,
CUST-00044,Female,1,No,No,72,72,Yes,Yes,Fiber optic,No,,Yes,No,Yes,Month-to-month,Yes,Mailed check,82.97,5981.12,83.07,1.387,Brazil,1,0,BRL,No,,
CUST-00045,Female,0,No,No,14,14,Yes,No,DSL,No,Yes,Yes,No,Yes,Month-to-month,No,Bank transfer,77.07,1154.73,82.48,6.6685,Brazil,1,0,BRL,No,,
CUST-00046,Female,0,Yes,No,39,39,Yes,No,DSL,No,No,Yes,Yes,Yes,Month-to-month,Yes,Electronic check,55.82,2129.9,54.61,2.6196,Brazil,1,0,BRL,No,,
CUST-00047,Male,0,Yes,No,1,1,Yes,No,Fiber optic,No,No,No,Yes,Yes,One year,Yes,Mailed check,96.41,184.14,184.14,52.0741,Brazil,1,0,BRL,No,,
CUST-00048,Female,1,Yes,No,6,6,Yes,No,Fiber optic,No,No,Yes,No,No,Two year,Yes,Credit card,90.46,470.8,78.47,19.1734,Brazil,1,0,BRL,Yes,,
CUST-00049,Female,0,Yes,No,20,20,Yes,Yes,DSL,Yes,No,No,No,Yes,Month-to-month,Yes,Mailed check,29.54,584.74,29.24,5.0432,Brazil,1,0,BRL,No,,32.5
CUST-00050,Male,1,Yes,Yes,63,63,Yes,No,DSL,No,No,No,No,Yes,Two year,Yes,Credit card,49.96,3156.15,50.1,1.5824,Brazil,1,0,BRL,No,,74.0
CUST-00051,Female,0,No,No,22,21,Yes,Yes,DSL,Yes,Yes,No,Yes,Yes,Month-to-month,Yes,Mailed check,57.87,1229.01,55.86,4.7048,Brazil,1,0,BRL,Yes,LP001,
CUST-00052,Male,1,Yes,Yes,72,72,Yes,Yes,No,No internet service,No internet service,No internet service,No internet service,No internet service,Month-to-month,No,Credit card,26.25,1858.94,25.82,1.4113,Brazil,1,0,BRL,No,,
CUST-00053,Female,0,Yes,Yes,19,19,Yes,Yes,No,No internet service,No internet service,No internet service,No internet service,No internet service,Month-to-month,No,Bank transfer,19.13,403.3,21.23,4.7316,Brazil,1,0,BRL,No,,
CUST-00054,Male,1,No,No,20,20,Yes,No,Fiber optic,,Yes,No,No,No,One year,No,Electronic check,83.02,1732.48,86.62,4.7892,Brazil,1,0,BRL,Yes,LP002,
CUST-00055,Female,0,No,No,3,3,Yes,Yes,No,No internet service,No internet service,No internet service,No internet service,No internet service,Two year,Yes,Bank transfer,26.01,0.0,0.0,2601.0,Brazil,1,0,BRL,No,,
CUST-00056,Female,0,No,No,48,49,Yes,No,Fiber optic,No,No,No,Yes,No,Two year,No,Electronic check,101.03,4858.45,101.22,2.079,Brazil,1,0,BRL,No,,
CUST-00057,Male,0,Yes,Yes,8,9,Yes,No,DSL,No,No,Yes,No,Yes,Month-to-month,No,Electronic check,56.29,444.65,55.58,12.631,Brazil,1,0,BRL,Yes,,
CUST-00058,Male,0,Yes,No,68,68,Yes,No,DSL,No,Yes,No,No,Yes,Month-to-month,Yes,Credit card,56.54,3850.09,56.62,1.4682,Brazil,1,0,BRL,No,LP002,
CUST-00059,Male,0,No,No,72,72,Yes,Yes,No,No internet service,No internet service,No internet service,No internet service,No internet service,Month-to-month,No,Electronic check,34.14,2442.24,33.92,1.3973,Brazil,1,0,BRL,No,,
CUST-00060,Male,1,Yes,No,72,72,Yes,Yes,Fiber optic,No,No,Yes,No,No,Two year,No,Credit card,93.51,6668.2,92.61,1.4021,Brazil,1,0,BRL,No,,
CUST-00061,Male,1,Yes,No,22,22,Yes,No,No,No internet service,No internet service,No internet service,No internet service,No internet service,Two year,Yes,Electronic check,29.03,715.77,32.53,4.0501,Brazil,1,0,BRL,No,,
CUST-00062,Male,0,No,No,33,33,Yes,No,No,No internet service,No internet service,No internet service,No internet service,No internet service,Two year,No,Electronic check,25.71,,27.47,2.8334,Brazil,1,0,BRL,No,,
CUST-00063,Male,0,No,No,45,46,Yes,Yes,Fiber optic,No,No,Yes,No,Yes,Month-to-month,No,Credit card,90.81,4081.25,90.69,2.2245,Brazil,1,0,BRL,No,LP002,
CUST-00064,Male,0,No,No,4,4,Yes,No,DSL,,Yes,No,Yes,Yes,Month-to-month,Yes,Mailed check,39.24,132.54,33.14,29.3845,Brazil,1,0,BRL,No,,
CUST-00065,Female,0,Yes,Yes,27,28,Yes,No,DSL,No,Yes,Yes,Yes,No,Month-to-month,Yes,Bank transfer,59.34,1571.71,58.21,3.7731,Brazil,1,0,BRL,No,,
CUST-00066,Female,0,Yes,No,1,1,Yes,No,DSL,No,No,No,No,Yes,Month-to-month,Yes,Bank transfer,63.08,,0.0,6308.0,Brazil,1,0,BRL,Yes,,53.5
CUST-00067,Male,0,No,No,20,19,Yes,No,DSL,,Yes,No,No,No,Month-to-month,Yes,Mailed check,56.82,1154.09,57.7,4.9191,Brazil,1,0,BRL,No,LP001,
CUST-00068,Female,0,Yes,No,5,6,Yes,No,Fiber optic,Yes,No,No,No,No,Month-to-month,Yes,Credit card,58.1,329.52,65.9,17.5784,Brazil,1,0,BRL,No,,49.4
CUST-00069,Female,0,No,Yes,6,7,No,No phone service,DSL,No,Yes,No,No,No,Month-to-month,Yes,Bank transfer,63.92,390.42,65.07,16.3303,Brazil,1,0,BRL,No,LP002,
CUST-00070,Female,0,No,No,13,13,No,No phone service,DSL,Yes,,Yes,No,No,Two year,Yes,Mailed check,52.14,673.5,51.81,7.7302,Brazil,1,0,BRL,No,,
CUST-00071,Female,0,No,No,16,14,Yes,No,Fiber optic,Yes,No,Yes,No,No,One year,No,Credit card,50.5,814.67,50.92,6.1912,Brazil,1,0,BRL,No,,
CUST-00072,Male,0,Yes,No,29,29,Yes,No,Fiber optic,Yes,No,No,No,No,Month-to-month,Yes,Electronic check,71.52,2031.42,70.05,3.519,Brazil,1,0,BRL,No,,
CUST-00073,Female,0,Yes,Yes,2,2,Yes,Yes,Fiber optic,Yes,No,Yes,No,Yes,Month-to-month,Yes,Mailed check,81.76,138.54,69.27,58.5925,Brazil,1,0,BRL,No,LP002,57.2
CUST-00074,Male,1,No,No,21,21,No,No phone service,Fiber optic,Yes,No,No,Yes,No,Month-to-month,Yes,Credit card,103.89,2173.37,103.49,4.7779,Brazil,1,0,BRL,No,,
CUST-00075,Female,0,No,No,6,6,Yes,Yes,Fiber optic,Yes,,No,Yes,Yes,One year,Yes,Bank transfer,73.75,477.33,79.55,15.4182,Brazil,1,0,BRL,Yes,,
CUST-00076,Female,0,No,No,25,26,Yes,Yes,No,No internet service,No internet service,No internet service,No internet service,No internet service,Two year,Yes,Credit card,24.74,687.44,27.5,3.5936,Brazil,1,0,BRL,No,,51.6
CUST-00077,Female,0,Yes,Yes,30,31,Yes,Yes,DSL,No,No,No,Yes,No,Two year,Yes,Bank transfer,85.28,2546.94,84.9,3.347,Brazil,1,0,BRL,No,LP002,50.4
CUST-00078,Male,0,Yes,No,24,24,Yes,No,DSL,Yes,No,No,No,No,One year,Yes,Credit card,32.37,724.64,30.19,4.4609,Brazil,1,0,BRL,No,,
CUST-00079,Female,1,No,No,40,40,Yes,No,No,No internet service,No internet service,No internet service,No internet service,No internet service,Month-to-month,No,Credit card,25.97,1040.58,26.01,2.4933,Brazil,1,0,BRL,No,LP002,
CUST-00080,Male,0,No,Yes,12,12,Yes,No,Fiber optic,No,No,No,No,Yes,Month-to-month,No,Electronic check,73.24,979.45,81.62,7.47,Brazil,1,0,BRL,Yes,LP001,
CUST-00081,Female,0,No,Yes,43,43,Yes,No,Fiber optic,No,No,No,No,No,Month-to-month,Yes,Electronic check,25.79,1061.08,24.68,2.4283,Brazil,1,0,BRL,No,,
CUST-00082,Male,0,Yes,No,17,17,Yes,Yes,DSL,Yes,No,No,Yes,No,Month-to-month,Yes,Mailed check,32.54,597.47,35.15,5.4372,Brazil,1,0,BRL,No,,
CUST-00083,Female,1,No,Yes,19,19,Yes,No,No,No internet service,No internet service,No internet service,No internet service,No internet service,One year,No,Bank transfer,24.74,536.86,28.26,4.5997,Brazil,1,0,BRL,Yes,,
CUST-00084,Male,1,No,Yes,31,30,Yes,No,No,No internet service,No internet service,No internet service,No internet service,No internet service,Month-to-month,No,Electronic check,28.67,870.77,28.09,3.2887,Brazil,1,0,BRL,No,,
CUST-00085,Male,0,No,No,1,1,Yes,No,Fiber optic,Yes,Yes,No,Yes,Yes,Month-to-month,Yes,Electronic check,49.17,14.13,14.13,324.9835,Brazil,1,0,BRL,No,,
CUST-00086,Female,0,Yes,No,31,31,Yes,No,DSL,No,Yes,No,No,No,Month-to-month,No,Mailed check,45.21,1430.26,46.14,3.1588,Brazil,1,0,BRL,No,,
CUST-00087,Male,0,Yes,Yes,28,27,Yes,Yes,No,No internet service,No internet service,No internet service,No internet service,No internet service,Two year,Yes,Credit card,26.75,766.66,27.38,3.4846,Brazil,1,0,BRL,No,,
CUST-00088,Female,1,No,No,11,11,Yes,No,No,No internet service,No internet service,No internet service,No internet service,No internet service,Month-to-month,Yes,Bank transfer,31.07,376.51,34.23,8.2302,Brazil,1,0,BRL,No,,
CUST-00089,Female,0,Yes,Yes,2,2,Yes,No,Fiber optic,No,No,No,No,No,One year,No,Mailed check,94.04,291.77,145.88,32.1208,Brazil,1,0,BRL,No,,
CUST-00090,Female,1,Yes,Yes,2,2,Yes,Yes,DSL,No,No,No,No,No,Month-to-month,No,Electronic check,62.11,132.57,66.28,46.5,Brazil,1,0,BRL,No,,
CUST-00091,Female,0,No,Yes,72,72,Yes,No,No,No internet service,No internet service,No internet service,No internet service,No internet service,Month-to-month,No,Mailed check,23.16,1607.91,22.33,1.4395,Brazil,1,0,BRL,No,,
CUST-00092,Female,0,Yes,No,35,35,Yes,No,DSL,Yes,No,No,No,No,Month-to-month,Yes,Electronic check,74.05,2595.08,74.15,2.8524,Brazil,1,0,BRL,No,,
CUST-00093,Female,0,No,Yes,4,4,Yes,Yes,DSL,,No,Yes,No,No,One year,Yes,Electronic check,36.88,159.6,39.9,22.9639,Brazil,1,0,BRL,No,,
CUST-00094,Female,0,Yes,Yes,13,12,Yes,No,Fiber optic,No,Yes,No,Yes,Yes,Month-to-month,Yes,Credit card,69.32,964.52,74.19,7.1796,Brazil,1,0,BRL,No,,
CUST-00095,Female,0,No,No,26,26,Yes,No,DSL,Yes,Yes,Yes,No,Yes,Two year,Yes,Credit card,55.25,1426.66,54.87,3.87,Brazil,1,0,BRL,No,,
CUST-00096,Female,0,No,No,54,54,Yes,No,Fiber optic,No,No,No,No,No,Month-to-month,No,Electronic check,96.56,5193.79,96.18,1.8588,Brazil,1,0,BRL,Yes,,
CUST-00097,Female,0,Yes,Yes,1,1,Yes,Yes,Fiber optic,,No,No,Yes,No,Month-to-month,No,Electronic check,48.49,0.0,0.0,4849.0,Brazil,1,0,BRL,No,,
CUST-00098,Female,0,Yes,No,8,7,Yes,Yes,DSL,No,No,No,No,Yes,Two year,No,Electronic check,64.1,540.17,67.52,11.8447,Brazil,1,0,BRL,No,,
CUST-00099,Male,0,Yes,Yes,66,65,Yes,Yes,Fiber optic,No,No,No,No,No,Month-to-month,No,Mailed check,51.8,3586.21,54.34,1.444,Brazil,1,0,BRL,No,,
CUST-00100,Male,0,Yes,No,1,1,Yes,No,No,No internet service,,No internet service,No internet service,No internet service,One year,Yes,Electronic check,30.95,19.82,19.82,148.6551,Brazil,1,0,BRL,No,,
CUST-00101,Female,1,No,No,6,5,Yes,No,DSL,Yes,Yes,No,Yes,No,Two year,No,Electronic check,83.92,526.12,87.69,15.9205,Brazil,1,0,BRL,Yes,,
CUST-00102,Female,1,No,No,72,72,Yes,No,Fiber optic,No,No,No,Yes,No,Month-to-month,No,Electronic check,73.24,5245.89,72.86,1.3959,Brazil,1,0,BRL,Yes,,
CUST-00103,Female,1,Yes,No,28,28,Yes,Yes,Fiber optic,No,Yes,Yes,No,No,One year,Yes,Bank transfer,113.8,3122.34,111.51,3.6435,Brazil,1,0,BRL,No,,
CUST-00104,Female,1,Yes,No,9,8,Yes,Yes,Fiber optic,Yes,No,No,No,No,Month-to-month,No,Bank transfer,118.36,1086.95,120.77,10.8792,Brazil,1,0,BRL,Yes,,
CUST-00105,Female,0,Yes,Yes,2,2,Yes,No,DSL,Yes,No,No,No,No,Month-to-month,Yes,Bank transfer,66.44,,67.14,49.1093,Brazil,1,0,BRL,Yes,,
CUST-00106,Female,0,No,No,1,1,Yes,No,Fiber optic,No,No,Yes,No,No,Month-to-month,No,Mailed check,90.83,0.0,0.0,9083.0,Brazil,1,0,BRL,Yes,,50.8
CUST-00107,Female,0,Yes,Yes,8,7,Yes,No,DSL,No,No,No,No,No,Two year,Yes,Credit card,51.5,492.5,61.56,10.4357,Brazil,1,0,BRL,No,,
CUST-00108,Female,0,No,No,63,63,Yes,No,No,No internet service,No internet service,No internet service,No internet service,No internet service,Month-to-month,Yes,Credit card,30.06,1914.58,30.39,1.5692,Brazil,1,0,BRL,No,LP003,
CUST-00109,Male,0,No,No,16,15,Yes,No,Fiber optic,No,Yes,Yes,No,Yes,One year,No,Electronic check,88.74,1423.53,88.97,6.2294,Brazil,1,0,BRL,Yes,,
CUST-00110,Female,0,No,No,38,38,Yes,No,Fiber optic,No,Yes,No,No,Yes,Two year,No,Electronic check,69.52,2620.66,68.96,2.6518,Brazil,1,0,BRL,No,,
CUST-00111,Male,0,Yes,No,72,72,Yes,No,Fiber optic,Yes,Yes,No,No,No,Month-to-month,Yes,Mailed check,46.25,3350.26,46.53,1.3801,Brazil,1,0,BRL,No,,
CUST-00112,Female,0,No,No,15,15,No,No phone service,Fiber optic,No,No,Yes,No,Yes,Month-to-month,Yes,Electronic check,52.2,805.57,53.7,6.4718,Brazil,1,0,BRL,Yes,LP002,
CUST-00113,Female,0,Yes,No,6,6,Yes,No,Fiber optic,Yes,No,No,No,Yes,Month-to-month,Yes,Mailed check,120.0,740.07,123.35,16.1928,Brazil,1,0,BRL,Yes,,53.0
CUST-00114,Male,0,Yes,Yes,21,21,Yes,No,Fiber optic,Yes,No,Yes,No,Yes,Month-to-month,Yes,Bank transfer,86.45,1868.85,88.99,4.6234,Brazil,1,0,BRL,No,,
CUST-00115,Female,0,No,No,71,71,Yes,Yes,Fiber optic,Yes,Yes,No,No,Yes,Month-to-month,No,Mailed check,75.09,5396.15,76.0,1.3913,Brazil,1,0,BRL,No,,
CUST-00116,Male,0,No,No,48,48,Yes,Yes,DSL,No,No,Yes,No,No,One year,No,Electronic check,71.33,3524.12,73.42,2.0235,Brazil,1,0,BRL,No,,
CUST-00117,Female,1,Yes,No,2,2,Yes,Yes,DSL,No,No,Yes,No,Yes,Two year,Yes,Mailed check,30.17,18.5,9.25,154.7179,Brazil,1,0,BRL,No,,
CUST-00118,Female,0,Yes,No,35,35,Yes,No,Fiber optic,Yes,,No,No,Yes,Two year,No,Credit card,91.66,3179.43,90.84,2.882,Brazil,1,0,BRL,Yes,,57.5
CUST-00119,Male,0,Yes,Yes,25,25,Yes,Yes,No,No internet service,No internet service,No internet service,No internet service,No internet service,Two year,Yes,Electronic check,23.54,606.56,24.26,3.8745,Brazil,1,0,BRL,No,LP002,
CUST-00120,Female,1,Yes,No,71,71,Yes,Yes,DSL,No,No,Yes,No,No,Two year,No,Bank transfer,25.15,1746.7,24.6,1.439,Brazil,1,0,BRL,No,,
CUST-00121,Male,1,Yes,No,3,3,Yes,No,DSL,Yes,,No,Yes,Yes,Month-to-month,Yes,Electronic check,41.72,94.26,31.42,43.7959,Brazil,1,0,BRL,No,,
CUST-00122,Female,1,Yes,Yes,22,22,Yes,Yes,DSL,No,Yes,No,Yes,Yes,One year,Yes,Electronic check,27.55,629.86,28.63,4.3671,Brazil,1,0,BRL,No,,55.5
CUST-00123,Male,0,Yes,No,63,63,Yes,No,No,No internet service,No internet service,No internet service,No internet service,No internet service,Two year,No,Mailed check,24.32,1577.2,25.03,1.541,Brazil,1,0,BRL,No,,
CUST-00124,Male,0,No,No,15,15,Yes,No,No,No internet service,No internet service,No internet service,No internet service,No internet service,Month-to-month,Yes,Electronic check,23.11,410.45,27.36,5.6167,Brazil,1,0,BRL,No,,
CUST-00125,Female,0,No,No,19,19,Yes,No,Fiber optic,No,Yes,No,No,No,Two year,No,Electronic check,79.94,1509.23,79.43,5.2932,Brazil,1,0,BRL,Yes,,
CUST-00126,Female,0,No,No,2,2,Yes,Yes,No,No internet service,,No internet service,No internet service,No internet service,Month-to-month,No,Electronic check,30.18,83.52,41.76,35.7075,Brazil,1,0,BRL,No,,
CUST-00127,Male,0,Yes,Yes,9,9,Yes,Yes,Fiber optic,No,,No,No,Yes,One year,Yes,Mailed check,55.05,507.59,56.4,10.824,Brazil,1,0,BRL,No,,
CUST-00128,Female,0,No,No,11,12,Yes,Yes,No,,No internet service,No internet service,No internet service,No internet service,One year,Yes,Bank transfer,28.39,313.17,28.47,9.0365,Brazil,1,0,BRL,No,LP001,
CUST-00129,Female,0,No,No,72,72,Yes,No,DSL,No,,Yes,No,Yes,Two year,No,Electronic check,54.72,3899.04,54.15,1.4031,Brazil,1,0,BRL,No,,49.1
CUST-00130,Female,0,No,No,9,9,Yes,No,DSL,No,No,No,No,No,Month-to-month,No,Bank transfer,55.51,452.43,50.27,12.2422,Brazil,1,0,BRL,No,,
CUST-00131,Male,0,No,No,18,18,No,No phone service,Fiber optic,Yes,Yes,No,No,No,One year,Yes,Electronic check,79.1,1457.13,80.95,5.4248,Brazil,1,0,BRL,Yes,,
CUST-00132,Male,0,No,Yes,33,33,No,No phone service,Fiber optic,No,Yes,No,No,No,Month-to-month,Yes,Bank transfer,120.0,3918.36,118.74,3.0617,Brazil,1,0,BRL,Yes,,
CUST-00133,Male,0,No,Yes,5,5,Yes,Yes,Fiber optic,No,Yes,No,Yes,No,Month-to-month,No,Mailed check,82.53,323.8,64.76,25.4095,Brazil,1,0,BRL,Yes,,
CUST-00134,Male,0,Yes,No,19,19,Yes,No,DSL,No,No,Yes,Yes,No,Two year,Yes,Bank transfer,61.35,1164.06,61.27,5.2658,Brazil,1,0,BRL,No,,
CUST-00135,Male,0,No,No,40,39,Yes,No,Fiber optic,Yes,No,Yes,No,No,One year,Yes,Credit card,82.02,3353.56,83.84,2.445,Brazil,1,0,BRL,No,LP001,
CUST-00136,Male,1,No,No,60,59,Yes,No,DSL,No,Yes,No,No,No,One year,Yes,Credit card,64.79,,62.46,1.7284,Brazil,1,0,BRL,No,,
CUST-00137,Male,0,No,Yes,29,29,Yes,No,DSL,No,No,No,No,Yes,Month-to-month,No,Electronic check,62.16,1788.22,61.66,3.4741,Brazil,1,0,BRL,Yes,,
CUST-00138,Male,0,No,No,33,33,Yes,No,No,,No internet service,No internet service,No internet service,No internet service,Month-to-month,No,Credit card,19.92,691.12,20.94,2.8781,Brazil,1,0,BRL,No,,
CUST-00139,Male,0,Yes,No,4,4,Yes,No,No,No internet service,,No internet service,No internet service,No internet service,One year,No,Electronic check,32.38,38.35,9.59,82.2872,Brazil,1,0,BRL,Yes,,
CUST-00140,Female,0,Yes,No,72,72,Yes,No,No,No internet service,No internet service,No internet service,No internet service,No internet service,Month-to-month,No,Credit card,18.0,1285.33,17.85,1.3993,Brazil,1,0,BRL,No,,32.9
CUST-00141,Male,0,No,Yes,4,3,No,No phone service,Fiber optic,Yes,No,No,Yes,No,Month-to-month,No,Electronic check,82.22,271.91,67.98,30.1271,Brazil,1,0,BRL,No,LP002,
CUST-00142,Female,0,No,No,44,46,Yes,No,Fiber optic,Yes,No,No,No,No,Two year,Yes,Mailed check,111.98,4876.76,110.84,2.2957,Brazil,1,0,BRL,No,,
CUST-00143,Female,0,No,No,9,10,Yes,No,Fiber optic,No,,No,No,No,Month-to-month,No,Electronic check,84.86,743.62,82.62,11.3964,Brazil,1,0,BRL,No,,
CUST-00144,Female,0,Yes,No,72,72,Yes,No,DSL,No,,Yes,No,No,One year,Yes,Electronic check,64.88,4615.2,64.1,1.4055,Brazil,1,0,BRL,No,,
CUST-00145,Male,1,Yes,No,38,38,No,No phone service,DSL,No,No,Yes,No,No,Month-to-month,No,Bank transfer,28.17,1010.14,26.58,2.786,Brazil,1,0,BRL,No,,
CUST-00146,Male,0,No,No,42,42,Yes,No,DSL,No,Yes,Yes,No,Yes,Month-to-month,Yes,Credit card,33.93,1422.1,33.86,2.3842,Brazil,1,0,BRL,No,,
CUST-00147,Male,0,No,No,7,6,Yes,Yes,No,No internet service,No internet service,No internet service,No internet service,No internet service,Month-to-month,Yes,Bank transfer,23.61,276.63,39.52,8.5041,Brazil,1,0,BRL,No,,
CUST-00148,Male,1,No,No,17,17,No,No phone service,DSL,No,No,Yes,No,No,Month-to-month,No,Bank transfer,51.3,909.99,53.53,5.6312,Brazil,1,0,BRL,No,,
CUST-00149,Female,1,Yes,Yes,28,28,Yes,Yes,No,No internet service,No internet service,No internet service,No internet service,No internet service,Month-to-month,No,Bank transfer,32.06,948.21,33.86,3.3775,Brazil,1,0,BRL,No,,42.4
CUST-00150,Male,0,No,No,44,44,Yes,No,Fiber optic,No,No,No,No,No,Month-to-month,Yes,Electronic check,82.99,3691.42,83.9,2.2476,Brazil,1,0,BRL,Yes,,50.3
CUST-00151,Male,0,Yes,Yes,3,2,Yes,No,Fiber optic,No,No,No,Yes,No,Month-to-month,No,Electronic check,99.71,264.25,88.08,37.591,Brazil,1,0,BRL,No,,
CUST-00152,Male,0,No,No,72,72,No,No phone service,DSL,No,No,No,Yes,No,Month-to-month,Yes,Electronic check,55.56,4015.86,55.78,1.3832,Brazil,1,0,BRL,No,LP001,46.6
CUST-00153,Male,0,Yes,No,66,66,Yes,No,DSL,No,No,No,No,No,Month-to-month,Yes,Mailed check,41.97,2824.9,42.8,1.4852,Brazil,1,0,BRL,No,,
CUST-00154,Male,0,Yes,No,9,9,Yes,No,No,No internet service,No internet service,No internet service,No internet service,No internet service,Month-to-month,No,Electronic check,31.21,322.31,35.81,9.6533,Brazil,1,0,BRL,Yes,,
CUST-00155,Female,0,No,No,51,51,Yes,Yes,DSL,No,No,No,No,No,Month-to-month,Yes,Electronic check,63.8,3263.53,63.99,1.9543,Brazil,1,0,BRL,No,,
CUST-00156,Male,0,No,Yes,21,21,Yes,No,DSL,,No,No,No,Yes,Two year,No,Electronic check,46.33,998.93,47.57,4.6333,Brazil,1,0,BRL,No,,
CUST-00157,Female,1,Yes,No,18,19,Yes,No,DSL,No,No,Yes,No,No,One year,Yes,Electronic check,41.17,864.2,48.01,4.7584,Brazil,1,0,BRL,No,,
CUST-00158,Male,1,No,No,11,11,Yes,No,DSL,No,Yes,No,No,Yes,One year,No,Credit card,94.39,1080.26,98.21,8.7296,Brazil,1,0,BRL,No,,
CUST-00159,Female,0,Yes,Yes,26,25,Yes,Yes,DSL,Yes,Yes,No,Yes,No,Month-to-month,No,Electronic check,53.61,1378.1,53.0,3.8873,Brazil,1,0,BRL,No,,
CUST-00160,Male,0,Yes,No,39,39,Yes,No,Fiber optic,Yes,No,No,Yes,No,Two year,Yes,Mailed check,94.53,3682.97,94.44,2.566,Brazil,1,0,BRL,No,,
CUST-00161,Male,0,Yes,Yes,15,15,Yes,No,Fiber optic,Yes,Yes,No,No,No,One year,Yes,Bank transfer,61.42,868.59,57.91,7.0631,Brazil,1,0,BRL,No,,
CUST-00162,Female,0,Yes,No,29,28,Yes,No,Fiber optic,No,No,No,Yes,No,Two year,No,Mailed check,109.47,3291.98,113.52,3.3243,Brazil,1,0,BRL,No,,
CUST-00163,Female,0,No,No,36,35,Yes,No,DSL,Yes,,Yes,Yes,No,Month-to-month,No,Electronic check,38.71,1473.75,40.94,2.6249,Brazil,1,0,BRL,No,,
CUST-00164,Female,0,Yes,Yes,37,37,Yes,No,No,No internet service,No internet service,No internet service,No internet service,No internet service,Two year,Yes,Electronic check,22.26,827.78,22.37,2.6859,Brazil,1,0,BRL,No,,
CUST-00165,Male,0,No,No,1,1,Yes,No,No,No internet service,No internet service,No internet service,No internet service,No internet service,Two year,Yes,Electronic check,18.0,127.04,127.04,14.0581,Brazil,1,0,BRL,No,LP003,
CUST-00166,Female,0,No,Yes,58,57,Yes,No,DSL,No,No,No,No,Yes,Two year,Yes,Mailed check,78.65,4593.32,79.2,1.7119,Brazil,1,0,BRL,Yes,,
CUST-00167,Male,0,Yes,Yes,18,18,Yes,No,Fiber optic,Yes,No,Yes,No,No,Month-to-month,Yes,Electronic check,73.68,1304.7,72.48,5.643,Brazil,1,0,BRL,No,,
CUST-00168,Male,0,No,Yes,9,9,Yes,No,DSL,No,Yes,No,No,Yes,Month-to-month,Yes,Mailed check,50.85,502.97,55.89,10.0899,Brazil,1,0,BRL,Yes,,52.1
CUST-00169,Female,0,Yes,No,8,9,Yes,Yes,No,No internet service,No internet service,No internet service,No internet service,No internet service,Month-to-month,Yes,Bank transfer,24.9,219.13,27.39,11.3115,Brazil,1,0,BRL,No,,
CUST-00170,Female,0,No,No,19,20,Yes,No,Fiber optic,No,No,Yes,No,Yes,Month-to-month,No,Mailed check,91.66,1783.43,93.86,5.1367,Brazil,1,0,BRL,No,,
CUST-00171,Male,1,Yes,No,65,65,Yes,Yes,No,No internet service,No internet service,No internet service,No internet service,No internet service,Two year,No,Mailed check,26.73,1669.0,25.68,1.6006,Brazil,1,0,BRL,No,LP001,
CUST-00172,Male,0,Yes,Yes,14,15,Yes,Yes,DSL,Yes,No,Yes,Yes,No,Month-to-month,No,Mailed check,86.83,1175.1,83.94,7.3829,Brazil,1,0,BRL,No,,
CUST-00173,Female,0,Yes,Yes,41,40,Yes,Yes,Fiber optic,Yes,No,No,No,No,Month-to-month,No,Credit card,116.29,4842.31,118.11,2.401,Brazil,1,0,BRL,No,,
CUST-00174,Female,0,Yes,No,3,4,No,No phone service,DSL,No,No,No,No,Yes,Month-to-month,No,Electronic check,62.31,271.59,90.53,22.8585,Brazil,1,0,BRL,No,,
CUST-00175,Female,0,Yes,No,19,19,Yes,No,Fiber optic,No,Yes,No,No,Yes,Month-to-month,Yes,Bank transfer,88.61,1754.35,92.33,5.048,Brazil,1,0,BRL,No,,
CUST-00176,Male,0,No,No,72,72,Yes,No,Fiber optic,Yes,No,No,No,Yes,Month-to-month,No,Bank transfer,86.6,6346.13,88.14,1.3644,Brazil,1,0,BRL,No,,
CUST-00177,Male,0,No,Yes,44,44,Yes,Yes,DSL,No,Yes,No,Yes,Yes,Two year,No,Mailed check,62.18,2764.79,62.84,2.2482,Brazil,1,0,BRL,No,LP003,
CUST-00178,Male,0,No,No,7,7,Yes,No,Fiber optic,No,No,No,Yes,No,One year,No,Electronic check,82.26,601.17,85.88,13.6606,Brazil,1,0,BRL,Yes,,
CUST-00179,Male,0,No,No,20,21,Yes,No,Fiber optic,Yes,No,No,No,Yes,Month-to-month,Yes,Mailed check,81.99,1594.14,79.71,5.14,Brazil,1,0,BRL,Yes,,
CUST-00180,Male,1,Yes,No,7,7,Yes,No,No,No internet service,No internet service,No internet service,No internet service,No internet service,Month-to-month,No,Electronic check,24.18,140.23,20.03,17.121,Brazil,1,0,BRL,No,,
CUST-00181,Male,0,Yes,No,15,15,Yes,No,DSL,No,No,No,No,No,Month-to-month,No,Electronic check,45.44,582.19,38.81,7.7916,Brazil,1,0,BRL,No,,
CUST-00182,Female,0,Yes,Yes,45,45,Yes,No,No,No internet service,No internet service,No internet service,No internet service,No internet service,Month-to-month,No,Electronic check,20.87,923.08,20.51,2.2585,Brazil,1,0,BRL,No,LP001,
CUST-00183,Male,1,Yes,No,44,44,Yes,Yes,No,No internet service,No internet service,No internet service,No internet service,No internet service,One year,Yes,Electronic check,27.13,1090.79,24.79,2.4849,Brazil,1,0,BRL,No,,45.5
CUST-00184,Male,0,No,No,7,7,Yes,Yes,No,No internet service,No internet service,No internet service,No internet service,No internet service,One year,No,Mailed check,18.19,181.38,25.91,9.9737,Brazil,1,0,BRL,No,,
CUST-00185,Male,1,No,No,72,72,Yes,Yes,Fiber optic,Yes,No,No,No,Yes,One year,No,Credit card,114.62,8272.06,114.89,1.3855,Brazil,1,0,BRL,Yes,,49.1
CUST-00186,Female,0,Yes,No,26,26,Yes,Yes,No,No internet service,No internet service,No internet service,No internet service,No internet service,One year,Yes,Electronic check,24.43,533.87,20.53,4.5675,Brazil,1,0,BRL,No,,
CUST-00187,Male,0,Yes,No,14,14,Yes,No,Fiber optic,,Yes,No,No,No,Month-to-month,No,Credit card,83.66,1161.75,82.98,7.195,Brazil,1,0,BRL,No,,
CUST-00188,Male,0,No,No,20,21,Yes,Yes,DSL,,Yes,No,No,No,Two year,Yes,Credit card,38.97,877.78,43.89,4.4346,Brazil,1,0,BRL,No,,
CUST-00189,Female,0,No,Yes,27,27,Yes,Yes,Fiber optic,No,,No,No,Yes,Two year,No,Credit card,69.6,1872.92,69.37,3.7141,Brazil,1,0,BRL,No,,65.1
CUST-00190,Male,0,Yes,No,24,24,No,No phone service,Fiber optic,Yes,No,No,Yes,No,Two year,No,Credit card,93.52,2194.56,91.44,4.2595,Brazil,1,0,BRL,No,,
CUST-00191,Male,0,No,No,19,19,Yes,No,No,No internet service,No internet service,No internet service,No internet service,No internet service,Month-to-month,Yes,Mailed check,24.36,373.56,19.66,6.5036,Brazil,1,0,BRL,Yes,,
CUST-00192,Male,0,No,No,21,21,Yes,Yes,Fiber optic,No,Yes,Yes,No,No,Two year,Yes,Electronic check,103.81,2092.23,99.63,4.9593,Brazil,1,0,BRL,No,,
CUST-00193,Male,0,Yes,No,5,4,Yes,No,DSL,No,Yes,Yes,Yes,No,Two year,No,Mailed check,48.3,268.28,53.66,17.9367,Brazil,1,0,BRL,No,LP001,
CUST-00194,Male,0,Yes,Yes,50,51,Yes,Yes,Fiber optic,No,No,No,No,Yes,Two year,Yes,Mailed check,57.91,2873.81,57.48,2.0144,Brazil,1,0,BRL,No,,
CUST-00195,Female,1,No,No,23,23,Yes,Yes,No,No internet service,No internet service,No internet service,No internet service,No internet service,Month-to-month,Yes,Credit card,21.12,468.21,20.36,4.5012,Brazil,1,0,BRL,No,LP002,
CUST-00196,Female,1,No,No,4,4,Yes,Yes,DSL,No,Yes,Yes,No,No,One year,No,Credit card,35.48,120.43,30.11,29.2185,Brazil,1,0,BRL,No,,
CUST-00197,Female,1,No,Yes,43,44,No,No phone service,DSL,No,No,Yes,Yes,Yes,Two year,Yes,Mailed check,69.34,2974.61,69.18,2.3303,Brazil,1,0,BRL,No,,
CUST-00198,Male,0,Yes,No,72,72,Yes,Yes,Fiber optic,No,No,No,No,Yes,One year,Yes,Mailed check,91.52,6528.08,90.67,1.4017,Brazil,1,0,BRL,No,,
CUST-00199,Male,0,Yes,Yes,72,71,Yes,No,DSL,Yes,Yes,No,No,No,One year,No,Electronic check,92.24,6657.09,92.46,1.3854,Brazil,1,0,BRL,No,,
CUST-00200,Male,0,No,No,13,13,Yes,No,DSL,Yes,No,No,No,No,Two year,Yes,Electronic check,44.37,505.67,38.9,8.7572,Brazil,1,0,BRL,No,,
CUST-00201,Female,0,No,No,4,4,Yes,No,DSL,No,No,No,Yes,No,Month-to-month,Yes,Mailed check,42.12,130.69,32.67,31.9842,Brazil,1,0,BRL,Yes,,
CUST-00202,Male,0,Yes,No,21,21,Yes,Yes,No,No internet service,No internet service,No internet service,No internet service,No internet service,One year,No,Mailed check,21.62,504.56,24.03,4.2764,Brazil,1,0,BRL,No,,44.9
CUST-00203,Male,0,No,No,3,2,Yes,Yes,DSL,No,Yes,Yes,No,Yes,Month-to-month,No,Credit card,70.87,231.42,77.14,30.4922,Brazil,1,0,BRL,No,,
CUST-00204,Female,0,No,No,72,72,Yes,Yes,Fiber optic,Yes,No,No,Yes,Yes,Two year,No,Mailed check,105.38,7621.64,105.86,1.3825,Brazil,1,0,BRL,No,,
CUST-00205,Male,0,No,No,6,4,Yes,No,Fiber optic,Yes,No,Yes,No,No,Month-to-month,No,Credit card,95.41,679.98,113.33,14.0107,Brazil,1,0,BRL,Yes,,38.5
CUST-00206,Female,0,No,No,8,7,Yes,No,No,No internet service,No internet service,No internet service,No internet service,No internet service,Month-to-month,No,Bank transfer,21.91,172.3,21.54,12.6428,Brazil,1,0,BRL,Yes,LP002,
CUST-00207,Female,0,No,No,15,15,Yes,No,No,No internet service,No internet service,No internet service,No internet service,No internet service,One year,Yes,Credit card,25.26,379.97,25.33,6.6304,Brazil,1,0,BRL,No,,
CUST-00208,Female,0,Yes,No,14,14,Yes,No,Fiber optic,Yes,No,No,No,Yes,Two year,Yes,Electronic check,71.32,985.26,70.38,7.2314,Brazil,1,0,BRL,No,,
CUST-00209,Male,1,No,Yes,47,46,Yes,No,No,No internet service,No internet service,No internet service,No internet service,No internet service,One year,Yes,Credit card,26.11,1205.0,25.64,2.165,Brazil,1,0,BRL,No,,
CUST-00210,Male,0,Yes,No,18,18,No,No phone service,DSL,No,,No,Yes,No,Two year,Yes,Bank transfer,54.67,933.53,51.86,5.85,Brazil,1,0,BRL,No,,
CUST-00211,Male,0,No,Yes,5,5,Yes,Yes,Fiber optic,No,Yes,Yes,Yes,No,Two year,No,Electronic check,66.11,334.75,66.95,19.6902,Brazil,1,0,BRL,No,,
CUST-00212,Male,0,Yes,No,9,10,Yes,No,Fiber optic,No,No,Yes,No,No,Month-to-month,No,Electronic check,79.14,730.01,81.11,10.8261,Brazil,1,0,BRL,Yes,,
CUST-00213,Male,0,No,No,21,22,Yes,Yes,DSL,No,Yes,No,No,No,Month-to-month,Yes,Credit card,43.28,929.42,44.26,4.6517,Brazil,1,0,BRL,No,,
CUST-00214,Male,0,Yes,No,4,4,Yes,No,Fiber optic,No,No,Yes,Yes,No,Month-to-month,No,Electronic check,83.39,336.78,84.2,24.6877,Brazil,1,0,BRL,No,,
CUST-00215,Male,0,Yes,No,28,28,Yes,Yes,DSL,Yes,No,Yes,No,Yes,Month-to-month,Yes,Mailed check,41.77,1215.87,43.42,3.4326,Brazil,1,0,BRL,Yes,,
CUST-00216,Female,0,Yes,No,25,24,Yes,Yes,No,No internet service,No internet service,No internet service,No internet service,No internet service,Month-to-month,Yes,Electronic check,28.03,702.22,28.09,3.986,Brazil,1,0,BRL,Yes,,
CUST-00217,Male,0,Yes,No,37,37,Yes,No,Fiber optic,No,No,No,Yes,No,Two year,No,Bank transfer,103.23,3799.04,102.68,2.7166,Brazil,1,0,BRL,Yes,LP001,55.3
CUST-00218,Female,0,No,Yes,72,72,Yes,No,Fiber optic,No,Yes,Yes,No,Yes,Two year,Yes,Credit card,30.79,2170.53,30.15,1.4179,Brazil,1,0,BRL,No,,
CUST-00219,Male,0,No,Yes,72,72,Yes,Yes,DSL,No,No,No,No,Yes,Month-to-month,Yes,Mailed check,43.34,3043.03,42.26,1.4238,Brazil,1,0,BRL,No,,64.5
CUST-00220,Male,1,No,Yes,72,72,Yes,Yes,DSL,,No,No,Yes,Yes,Month-to-month,Yes,Mailed check,62.18,4549.98,63.19,1.3663,Brazil,1,0,BRL,No,,
CUST-00221,Male,0,Yes,No,8,8,No,No phone service,No,,No internet service,No internet service,No internet service,No internet service,One year,Yes,Credit card,23.77,155.21,19.4,15.2167,Brazil,1,0,BRL,No,,
CUST-00222,Female,0,Yes,Yes,4,4,No,No phone service,Fiber optic,No,Yes,Yes,No,Yes,Month-to-month,No,Bank transfer,95.24,334.68,83.67,28.3723,Brazil,1,0,BRL,No,,
CUST-00223,Female,1,Yes,No,10,10,No,No phone service,No,No internet service,No internet service,No internet service,No internet service,No internet service,Month-to-month,No,Credit card,27.47,253.82,25.38,10.7802,Brazil,1,0,BRL,No,,
CUST-00224,Female,0,Yes,No,67,67,Yes,No,DSL,Yes,Yes,No,Yes,No,Two year,Yes,Mailed check,19.88,1318.04,19.67,1.5072,Brazil,1,0,BRL,No,,
CUST-00225,Female,0,No,Yes,72,72,Yes,Yes,DSL,No,No,No,Yes,Yes,Two year,Yes,Electronic check,73.56,5378.25,74.7,1.3675,Brazil,1,0,BRL,No,,
CUST-00226,Male,0,Yes,No,58,59,Yes,No,Fiber optic,No,No,No,Yes,No,Month-to-month,No,Mailed check,81.27,4697.25,80.99,1.7298,Brazil,1,0,BRL,Yes,,
CUST-00227,Female,0,Yes,No,3,3,Yes,No,Fiber optic,Yes,Yes,No,Yes,No,Two year,No,Bank transfer,73.18,351.21,117.07,20.7774,Brazil,1,0,BRL,No,,
CUST-00228,Male,1,Yes,Yes,72,72,Yes,No,DSL,Yes,Yes,No,No,Yes,Month-to-month,Yes,Electronic check,63.47,4573.02,63.51,1.3876,Brazil,1,0,BRL,No,,
CUST-00229,Male,0,Yes,No,16,16,Yes,Yes,Fiber optic,No,Yes,No,No,No,One year,Yes,Electronic check,72.64,1265.09,79.07,5.7373,Brazil,1,0,BRL,No,,
CUST-00230,Female,1,No,No,1,1,Yes,No,Fiber optic,No,No,No,Yes,Yes,Month-to-month,No,Electronic check,60.53,105.23,105.23,56.9801,Brazil,1,0,BRL,No,,
CUST-00231,Female,0,No,No,17,17,Yes,No,DSL,Yes,Yes,Yes,No,No,Month-to-month,No,Mailed check,56.69,981.78,57.75,5.7683,Brazil,1,0,BRL,No,,
CUST-00232,Female,0,Yes,No,1,1,No,No phone service,DSL,No,,Yes,Yes,No,Two year,Yes,Credit card,56.86,135.75,135.75,41.5795,Brazil,1,0,BRL,No,,
CUST-00233,Female,0,Yes,No,23,22,Yes,No,Fiber optic,No,No,No,Yes,No,Month-to-month,No,Electronic check,56.31,1351.24,58.75,4.1642,Brazil,1,0,BRL,No,,46.0
CUST-00234,Female,0,Yes,No,12,12,Yes,No,Fiber optic,No,No,No,Yes,No,One year,Yes,Bank transfer,65.99,823.61,68.63,8.0026,Brazil,1,0,BRL,No,,
CUST-00235,Female,0,Yes,Yes,19,20,Yes,No,Fiber optic,Yes,Yes,No,Yes,Yes,Month-to-month,Yes,Credit card,62.56,1304.52,68.66,4.792,Brazil,1,0,BRL,No,,
CUST-00236,Female,1,Yes,No,28,28,Yes,Yes,Fiber optic,No,No,No,No,No,Month-to-month,Yes,Electronic check,108.12,3002.44,107.23,3.5999,Brazil,1,0,BRL,Yes,,
CUST-00237,Female,0,No,No,60,60,Yes,Yes,DSL,Yes,No,No,Yes,Yes,Month-to-month,No,Bank transfer,23.3,1348.25,22.47,1.7269,Brazil,1,0,BRL,No,,
CUST-00238,Male,1,No,Yes,32,32,Yes,No,No,No internet service,No internet service,No internet service,No internet service,No internet service,Month-to-month,Yes,Credit card,30.55,943.79,29.49,3.2335,Brazil,1,0,BRL,No,LP002,
CUST-00239,Female,0,No,No,17,17,Yes,No,No,No internet service,No internet service,No internet service,No internet service,No internet service,One year,Yes,Credit card,25.65,523.66,30.8,4.8889,Brazil,1,0,BRL,No,LP001,
CUST-00240,Female,1,Yes,No,51,51,No,No phone service,Fiber optic,No,No,No,Yes,No,Month-to-month,Yes,Electronic check,109.04,5633.58,110.46,1.9352,Brazil,1,0,BRL,No,,36.3
CUST-00241,Male,0,Yes,No,70,70,Yes,No,DSL,No,,No,No,Yes,One year,No,Electronic check,72.4,5041.74,72.02,1.4357,Brazil,1,0,BRL,No,,
CUST-00242,Female,0,No,No,3,3,Yes,Yes,Fiber optic,Yes,No,Yes,Yes,No,One year,Yes,Electronic check,71.79,97.64,32.55,72.7798,Brazil,1,0,BRL,Yes,,
CUST-00243,Male,1,No,No,22,22,No,No phone service,Fiber optic,No,No,No,No,No,One year,Yes,Bank transfer,72.75,1590.21,72.28,4.572,Brazil,1,0,BRL,No,,
CUST-00244,Male,0,No,No,10,10,Yes,No,No,No internet service,No internet service,No internet service,No internet service,No internet service,Month-to-month,Yes,Bank transfer,18.83,137.64,13.76,13.5819,Brazil,1,0,BRL,No,LP001,
CUST-00245,Female,0,Yes,No,1,1,Yes,No,No,No internet service,No internet service,No internet service,No internet service,No internet service,Two year,No,Bank transfer,18.0,0.0,0.0,1800.0,Brazil,1,0,BRL,No,,
CUST-00246,Male,0,No,No,33,34,Yes,Yes,No,No internet service,No internet service,No internet service,No internet service,No internet service,Month-to-month,Yes,Electronic check,21.87,668.99,20.27,3.2642,Brazil,1,0,BRL,No,,
CUST-00247,Male,0,Yes,No,59,58,Yes,No,DSL,Yes,No,No,Yes,Yes,Month-to-month,Yes,Electronic check,60.1,3465.42,58.74,1.7338,Brazil,1,0,BRL,Yes,,
CUST-00248,Male,1,No,No,5,4,Yes,No,No,No internet service,No internet service,No internet service,No internet service,No internet service,Month-to-month,Yes,Bank transfer,24.22,215.26,43.05,11.1995,Brazil,1,0,BRL,Yes,,
CUST-00249,Male,0,No,No,50,51,Yes,No,Fiber optic,Yes,Yes,Yes,No,No,Month-to-month,No,Mailed check,73.9,3660.82,73.22,2.0181,Brazil,1,0,BRL,No,,
CUST-00250,Female,0,No,No,57,57,Yes,Yes,No,No internet service,No internet service,No internet service,No internet service,No internet service,Month-to-month,Yes,Bank transfer,18.0,1096.63,19.24,1.6399,Brazil,1,0,BRL,No,,
CUST-00251,Male,0,Yes,No,72,71,Yes,No,Fiber optic,Yes,Yes,No,No,No,One year,No,Mailed check,48.82,3503.97,48.67,1.3929,Brazil,1,0,BRL,No,,
CUST-00252,Female,0,No,No,9,9,Yes,No,DSL,Yes,No,Yes,Yes,Yes,Month-to-month,No,Electronic check,48.19,377.17,41.91,12.7429,Brazil,1,0,BRL,No,,65.1
CUST-00253,Male,0,Yes,Yes,70,70,Yes,Yes,Fiber optic,No,,No,Yes,Yes,Month-to-month,No,Electronic check,70.22,4940.85,70.58,1.4209,Brazil,1,0,BRL,Yes,,
CUST-00254,Male,0,Yes,No,11,12,Yes,No,DSL,Yes,Yes,Yes,Yes,No,Two year,Yes,Electronic check,70.98,761.23,69.2,9.3121,Brazil,1,0,BRL,No,,
CUST-00255,Male,0,Yes,No,24,24,No,No phone service,Fiber optic,Yes,No,No,No,No,Month-to-month,No,Electronic check,87.07,2079.32,86.64,4.1854,Brazil,1,0,BRL,No,,
CUST-00256,Male,0,No,Yes,1,2,Yes,Yes,No,No internet service,No internet service,No internet service,No internet service,No internet service,Month-to-month,Yes,Electronic check,19.22,26.47,26.47,69.9672,Brazil,1,0,BRL,Yes,,
CUST-00257,Female,0,Yes,No,1,1,Yes,No,DSL,Yes,Yes,No,Yes,No,Month-to-month,Yes,Mailed check,61.68,21.07,21.07,279.4744,Brazil,1,0,BRL,Yes,,
CUST-00258,Female,0,Yes,No,38,39,Yes,No,DSL,No,Yes,Yes,No,Yes,Two year,No,Electronic check,50.25,1828.44,48.12,2.7467,Brazil,1,0,BRL,No,,
CUST-00259,Male,0,No,No,17,17,Yes,No,DSL,,No,No,Yes,No,Month-to-month,Yes,Electronic check,39.97,676.93,39.82,5.8959,Brazil,1,0,BRL,No,,
CUST-00260,Male,0,Yes,Yes,8,9,Yes,No,Fiber optic,Yes,No,No,No,No,Month-to-month,Yes,Bank transfer,73.01,632.28,79.04,11.5289,Brazil,1,0,BRL,Yes,,
CUST-00261,Female,0,No,No,6,7,Yes,Yes,No,No internet service,,No internet service,No internet service,No internet service,Month-to-month,Yes,Electronic check,24.05,99.22,16.54,23.9972,Brazil,1,0,BRL,Yes,,
CUST-00262,Male,0,Yes,No,33,33,Yes,No,DSL,No,No,Yes,No,Yes,One year,No,Bank transfer,68.73,2275.79,68.96,3.0187,Brazil,1,0,BRL,No,,42.3
CUST-00263,Male,0,Yes,Yes,1,1,Yes,Yes,DSL,No,Yes,No,No,Yes,One year,Yes,Bank transfer,52.74,128.02,128.02,40.8774,Brazil,1,0,BRL,No,,
CUST-00264,Male,0,No,No,49,49,Yes,No,No,No internet service,No internet service,No internet service,No internet service,No internet service,Two year,No,Bank transfer,28.92,1412.59,28.83,2.0459,Brazil,1,0,BRL,No,,
CUST-00265,Female,0,Yes,No,2,1,Yes,Yes,No,No internet service,No internet service,No internet service,No internet service,No internet service,Month-to-month,No,Credit card,28.15,60.6,30.3,45.6981,Brazil,1,0,BRL,No,,
CUST-00266,Female,0,Yes,Yes,6,6,Yes,Yes,DSL,Yes,Yes,No,No,No,Month-to-month,No,Electronic check,41.22,250.08,41.68,16.4171,Brazil,1,0,BRL,No,,
CUST-00267,Female,0,No,No,14,14,Yes,No,Fiber optic,No,Yes,Yes,No,Yes,Month-to-month,Yes,Bank transfer,86.74,1180.24,84.3,7.3431,Brazil,1,0,BRL,Yes,,
CUST-00268,Male,0,No,No,19,19,Yes,Yes,Fiber optic,No,No,Yes,Yes,No,Month-to-month,No,Credit card,41.51,,38.9,5.6093,Brazil,1,0,BRL,Yes,,
CUST-00269,Male,0,No,No,13,13,Yes,No,Fiber optic,No,No,No,Yes,No,Month-to-month,Yes,Credit card,80.62,998.6,76.82,8.0652,Brazil,1,0,BRL,Yes,LP001,
CUST-00270,Female,0,Yes,Yes,11,11,Yes,No,Fiber optic,,No,Yes,Yes,No,Month-to-month,Yes,Electronic check,44.02,502.63,45.69,8.7405,Brazil,1,0,BRL,No,LP003,
CUST-00271,Female,1,Yes,Yes,72,71,Yes,No,No,No internet service,No internet service,No internet service,No internet service,No internet service,Month-to-month,Yes,Electronic check,18.0,1333.89,18.53,1.3484,Brazil,1,0,BRL,No,,
CUST-00272,Female,0,No,Yes,30,30,Yes,No,DSL,No,No,No,No,Yes,One year,Yes,Electronic check,69.78,2133.65,71.12,3.2689,Brazil,1,0,BRL,No,,
CUST-00273,Female,0,No,No,1,1,Yes,Yes,DSL,No,No,No,Yes,No,Month-to-month,Yes,Bank transfer,44.55,25.62,25.62,167.3554,Brazil,1,0,BRL,No,LP001,
CUST-00274,Male,0,No,No,16,16,Yes,Yes,Fiber optic,No,Yes,No,Yes,Yes,One year,Yes,Bank transfer,97.25,1610.67,100.67,6.0341,Brazil,1,0,BRL,No,,
CUST-00275,Female,0,No,Yes,62,62,Yes,Yes,Fiber optic,Yes,Yes,No,Yes,No,Month-to-month,Yes,Electronic check,100.95,6274.27,101.2,1.6087,Brazil,1,0,BRL,Yes,,45.4
CUST-00276,Male,0,No,Yes,10,11,Yes,No,No,No internet service,No internet service,No internet service,No internet service,No internet service,Month-to-month,Yes,Mailed check,22.07,224.24,22.42,9.7984,Brazil,1,0,BRL,No,,
CUST-00277,Female,1,No,No,2,3,Yes,No,Fiber optic,No,No,No,No,No,Month-to-month,No,Bank transfer,78.84,0.0,0.0,7884.0,Brazil,1,0,BRL,Yes,LP001,
CUST-00278,Male,0,Yes,No,42,41,Yes,Yes,DSL,Yes,No,Yes,No,No,Month-to-month,No,Mailed check,44.49,1827.71,43.52,2.4329,Brazil,1,0,BRL,No,,
CUST-00279,Female,0,No,No,27,27,No,No phone service,Fiber optic,Yes,No,No,Yes,No,Month-to-month,No,Credit card,82.38,2148.21,79.56,3.833,Brazil,1,0,BRL,No,,
CUST-00280,Female,0,Yes,No,25,26,No,No phone service,Fiber optic,Yes,,No,No,Yes,Month-to-month,Yes,Bank transfer,63.37,1615.6,64.62,3.92,Brazil,1,0,BRL,No,LP001,
CUST-00281,Female,0,Yes,No,1,1,Yes,Yes,No,No internet service,,No internet service,No internet service,No internet service,Two year,Yes,Electronic check,20.49,25.24,25.24,78.0869,Brazil,1,0,BRL,Yes,,
CUST-00282,Female,0,No,Yes,4,4,No,No phone service,Fiber optic,No,No,No,No,No,One year,No,Bank transfer,72.33,235.72,58.93,30.5551,Brazil,1,0,BRL,Yes,,
CUST-00283,Male,0,No,No,29,30,Yes,No,Fiber optic,No,Yes,Yes,No,Yes,Month-to-month,Yes,Electronic check,56.47,1652.85,56.99,3.4145,Brazil,1,0,BRL,Yes,,
CUST-00284,Female,0,Yes,No,6,6,Yes,Yes,Fiber optic,Yes,No,Yes,Yes,Yes,Two year,No,Mailed check,97.38,513.11,85.52,18.9415,Brazil,1,0,BRL,Yes,,
CUST-00285,Male,0,Yes,No,21,21,Yes,No,Fiber optic,No,No,Yes,No,No,One year,Yes,Credit card,91.69,1873.3,89.2,4.892,Brazil,1,0,BRL,No,,51.1
CUST-00286,Male,0,Yes,No,23,23,Yes,No,Fiber optic,No,Yes,No,Yes,No,One year,No,Credit card,53.31,1190.62,51.77,4.4737,Brazil,1,0,BRL,No,,
CUST-00287,Male,0,No,Yes,10,10,Yes,Yes,DSL,No,No,No,No,Yes,Two year,Yes,Mailed check,55.82,585.21,58.52,9.5222,Brazil,1,0,BRL,No,,
CUST-00288,Male,0,No,Yes,72,72,Yes,No,No,No internet service,No internet service,No internet service,No internet service,No internet service,Month-to-month,Yes,Electronic check,19.76,1492.69,20.73,1.3229,Brazil,1,0,BRL,No,,
CUST-00289,Female,0,Yes,No,55,55,No,No phone service,Fiber optic,Yes,No,No,Yes,No,Month-to-month,No,Electronic check,47.97,2609.05,47.44,1.8379,Brazil,1,0,BRL,No,,
CUST-00290,Male,0,Yes,Yes,38,38,Yes,No,Fiber optic,No,No,Yes,No,Yes,Month-to-month,Yes,Mailed check,51.7,2030.72,53.44,2.5446,Brazil,1,0,BRL,Yes,,
CUST-00291,Male,0,No,Yes,2,3,Yes,No,No,No internet service,No internet service,No internet service,No internet service,No internet service,Month-to-month,Yes,Electronic check,28.76,59.89,29.94,47.2327,Brazil,1,0,BRL,No,,
CUST-00292,Male,0,Yes,Yes,3,4,Yes,Yes,No,No internet service,No internet service,No internet service,No internet service,No internet service,Month-to-month,Yes,Mailed check,25.37,87.92,29.31,28.5313,Brazil,1,0,BRL,No,,
CUST-00293,Female,0,No,Yes,20,21,Yes,No,No,No internet service,,No internet service,No internet service,No internet service,One year,No,Electronic check,29.34,583.61,29.18,5.0187,Brazil,1,0,BRL,No,LP001,
CUST-00294,Female,0,No,No,5,5,Yes,No,No,No internet service,No internet service,No internet service,No internet service,No internet service,Two year,Yes,Electronic check,30.01,140.18,28.04,21.2566,Brazil,1,0,BRL,No,LP003,
CUST-00295,Female,0,Yes,Yes,72,72,Yes,No,DSL,Yes,No,Yes,No,No,Two year,Yes,Electronic check,34.45,2502.37,34.76,1.3761,Brazil,1,0,BRL,No,,62.0
CUST-00296,Female,0,No,No,5,4,No,No phone service,Fiber optic,Yes,,No,No,No,Two year,Yes,Credit card,94.95,511.77,102.35,18.5171,Brazil,1,0,BRL,Yes,,
CUST-00297,Male,0,Yes,No,20,20,Yes,No,Fiber optic,No,Yes,Yes,No,Yes,Two year,Yes,Bank transfer,87.13,1698.37,84.92,5.1272,Brazil,1,0,BRL,No,,49.7
CUST-00298,Male,0,Yes,No,13,12,Yes,No,DSL,No,Yes,Yes,No,No,Two year,No,Mailed check,36.38,463.47,35.65,7.8326,Brazil,1,0,BRL,No,LP002,
CUST-00299,Female,0,No,Yes,30,30,Yes,No,No,No internet service,No internet service,No internet service,No internet service,No internet service,Month-to-month,Yes,Electronic check,22.33,753.36,25.11,2.9601,Brazil,1,0,BRL,No,,
CUST-00300,Male,0,Yes,No,4,4,No,No phone service,Fiber optic,,Yes,No,Yes,Yes,Month-to-month,Yes,Mailed check,112.05,457.06,114.26,24.4619,Brazil,1,0,BRL,Yes,,
CUST-00301,Male,1,No,Yes,16,16,Yes,No,Fiber optic,No,Yes,No,No,Yes,Month-to-month,Yes,Electronic check,86.96,1405.69,87.86,6.1819,Brazil,1,0,BRL,No,,
CUST-00302,Male,0,No,No,9,8,Yes,Yes,No,No internet service,No internet service,No internet service,No internet service,No internet service,Two year,Yes,Mailed check,25.07,283.99,31.55,8.7968,Brazil,1,0,BRL,No,,
CUST-00303,Female,0,Yes,No,65,66,Yes,Yes,DSL,No,,Yes,No,No,Month-to-month,Yes,Credit card,57.68,3724.14,57.29,1.5484,Brazil,1,0,BRL,No,,
CUST-00304,Female,0,Yes,No,1,1,Yes,No,Fiber optic,Yes,,No,No,Yes,One year,Yes,Bank transfer,55.04,53.34,53.34,101.2882,Brazil,1,0,BRL,No,,
CUST-00305,Male,1,Yes,No,72,72,Yes,Yes,Fiber optic,No,,Yes,No,No,Month-to-month,Yes,Bank transfer,73.88,5360.2,74.45,1.378,Brazil,1,0,BRL,Yes,,
CUST-00306,Female,0,Yes,No,53,52,Yes,Yes,DSL,Yes,,No,No,Yes,Month-to-month,No,Mailed check,57.56,3112.63,58.73,1.8486,Brazil,1,0,BRL,No,,
CUST-00307,Female,0,Yes,No,10,10,No,No phone service,DSL,Yes,Yes,No,No,No,One year,Yes,Credit card,73.85,620.24,62.02,11.8875,Brazil,1,0,BRL,No,,
CUST-00308,Female,0,Yes,No,46,46,Yes,Yes,No,,No internet service,No internet service,No internet service,No internet service,Month-to-month,No,Credit card,22.94,1018.41,22.14,2.2503,Brazil,1,0,BRL,Yes,,
CUST-00309,Female,0,Yes,No,1,1,Yes,Yes,Fiber optic,No,No,No,No,Yes,Month-to-month,Yes,Mailed check,120.0,70.08,70.08,168.8239,Brazil,1,0,BRL,No,LP003,
CUST-00310,Female,0,No,No,72,71,No,No phone service,No,No internet service,No internet service,No internet service,No internet service,No internet service,Month-to-month,Yes,Electronic check,25.93,1860.77,25.84,1.3928,Brazil,1,0,BRL,No,,
CUST-00311,Male,1,No,No,22,22,Yes,No,Fiber optic,No,No,Yes,Yes,No,Month-to-month,Yes,Mailed check,46.43,975.33,44.33,4.7556,Brazil,1,0,BRL,No,,
CUST-00312,Female,0,No,No,10,10,Yes,No,DSL,No,Yes,No,Yes,No,One year,Yes,Electronic check,52.73,560.51,56.05,9.3907,Brazil,1,0,BRL,No,,
CUST-00313,Male,0,Yes,No,13,14,Yes,No,DSL,No,Yes,No,Yes,Yes,Month-to-month,No,Bank transfer,62.63,822.81,63.29,7.6025,Brazil,1,0,BRL,Yes,LP003,
CUST-00314,Male,0,Yes,No,2,2,Yes,No,Fiber optic,No,Yes,No,Yes,No,One year,No,Mailed check,84.63,213.72,106.86,39.4141,Brazil,1,0,BRL,No,,
CUST-00315,Female,0,No,No,72,72,Yes,No,No,No internet service,No internet service,No internet service,No internet service,No internet service,Month-to-month,No,Electronic check,25.3,1869.25,25.96,1.3528,Brazil,1,0,BRL,No,LP001,
CUST-00316,Male,0,No,Yes,1,1,Yes,No,DSL,Yes,,Yes,No,Yes,Two year,No,Electronic check,49.27,83.22,83.22,58.5015,Brazil,1,0,BRL,No,,
CUST-00317,Male,0,Yes,No,31,31,Yes,No,No,No internet service,No internet service,No internet service,No internet service,No internet service,Month-to-month,Yes,Mailed check,24.24,734.65,23.7,3.295,Brazil,1,0,BRL,No,,
CUST-00318,Male,0,No,Yes,17,17,Yes,No,No,No internet service,,No internet service,No internet service,No internet service,One year,Yes,Credit card,26.32,452.65,26.63,5.8018,Brazil,1,0,BRL,No,,
CUST-00319,Female,0,No,No,72,72,Yes,Yes,No,No internet service,No internet service,No internet service,No internet service,No internet service,One year,No,Mailed check,25.49,1812.24,25.17,1.4058,Brazil,1,0,BRL,No,,
CUST-00320,Female,0,No,Yes,8,8,Yes,Yes,Fiber optic,,No,Yes,No,No,Month-to-month,No,Bank transfer,18.0,75.76,9.47,23.4497,Brazil,1,0,BRL,No,,
CUST-00321,Male,0,Yes,Yes,22,23,Yes,Yes,No,No internet service,No internet service,No internet service,No internet service,No internet service,Two year,Yes,Electronic check,28.1,665.89,30.27,4.2136,Brazil,1,0,BRL,No,,
CUST-00322,Female,1,No,No,19,19,Yes,No,Fiber optic,No,Yes,No,No,Yes,One year,Yes,Bank transfer,60.28,,60.06,5.2779,Brazil,1,0,BRL,No,,
CUST-00323,Female,0,No,No,36,35,Yes,Yes,DSL,No,No,No,Yes,No,Month-to-month,Yes,Mailed check,53.64,1855.91,51.55,2.8887,Brazil,1,0,BRL,Yes,,
CUST-00324,Female,1,No,Yes,2,2,Yes,No,DSL,No,Yes,No,No,No,Month-to-month,No,Bank transfer,57.66,142.17,71.08,40.2738,Brazil,1,0,BRL,No,,
CUST-00325,Female,0,No,No,6,6,Yes,No,No,No internet service,No internet service,No internet service,No internet service,No internet service,Two year,Yes,Electronic check,24.98,138.68,23.11,17.8837,Brazil,1,0,BRL,No,,
CUST-00326,Male,0,No,Yes,7,6,Yes,No,DSL,No,No,Yes,No,Yes,One year,Yes,Mailed check,54.09,275.64,39.38,19.5525,Brazil,1,0,BRL,Yes,,
CUST-00327,Male,0,No,Yes,40,40,Yes,Yes,Fiber optic,,No,Yes,No,No,Month-to-month,Yes,Electronic check,66.5,2591.31,64.78,2.5653,Brazil,1,0,BRL,Yes,,
CUST-00328,Female,0,Yes,No,6,6,No,No phone service,DSL,No,,Yes,Yes,No,Month-to-month,No,Electronic check,29.33,140.95,23.49,20.6622,Brazil,1,0,BRL,Yes,,
CUST-00329,Female,0,No,No,25,25,Yes,Yes,DSL,No,No,No,No,No,Two year,Yes,Credit card,58.07,1462.28,58.49,3.9685,Brazil,1,0,BRL,No,,
CUST-00330,Male,0,No,Yes,7,8,Yes,No,DSL,No,No,Yes,Yes,No,One year,No,Electronic check,34.34,279.78,39.97,12.2302,Brazil,1,0,BRL,No,,
CUST-00331,Male,0,No,No,59,59,No,No phone service,No,No internet service,No internet service,No internet service,No internet service,No internet service,Two year,Yes,Electronic check,20.85,1267.84,21.49,1.6432,Brazil,1,0,BRL,No,,
CUST-00332,Female,0,Yes,Yes,72,72,Yes,Yes,Fiber optic,Yes,No,Yes,No,Yes,Month-to-month,No,Mailed check,87.58,6335.9,88.0,1.3821,Brazil,1,0,BRL,No,LP003,
CUST-00333,Male,1,Yes,No,21,20,Yes,No,No,,No internet service,No internet service,No internet service,No internet service,One year,No,Credit card,28.02,586.7,27.94,4.7677,Brazil,1,0,BRL,No,,
CUST-00334,Female,1,No,No,13,12,Yes,Yes,Fiber optic,No,No,No,Yes,No,Month-to-month,Yes,Mailed check,100.74,1395.73,107.36,7.2126,Brazil,1,0,BRL,Yes,,
CUST-00335,Female,0,No,No,7,8,Yes,No,No,No internet service,No internet service,No internet service,No internet service,No internet service,Month-to-month,Yes,Bank transfer,18.27,162.88,23.27,11.1484,Brazil,1,0,BRL,Yes,,
CUST-00336,Male,0,No,No,1,1,Yes,Yes,Fiber optic,No,No,No,No,Yes,One year,Yes,Credit card,99.79,110.9,110.9,89.1778,Brazil,1,0,BRL,No,,
CUST-00337,Male,0,No,No,9,9,Yes,Yes,Fiber optic,Yes,,No,Yes,Yes,Two year,Yes,Electronic check,44.47,428.56,47.62,10.3525,Brazil,1,0,BRL,No,,
CUST-00338,Female,0,No,No,31,32,Yes,Yes,Fiber optic,Yes,No,No,No,No,Month-to-month,No,Mailed check,75.94,2334.19,75.3,3.252,Brazil,1,0,BRL,Yes,,
CUST-00339,Female,0,No,Yes,22,22,Yes,Yes,Fiber optic,No,No,No,No,No,Month-to-month,Yes,Mailed check,89.74,1971.42,89.61,4.5497,Brazil,1,0,BRL,Yes,,
CUST-00340,Male,0,No,No,72,72,Yes,No,No,No internet service,No internet service,No internet service,No internet service,No internet service,One year,Yes,Credit card,30.3,2077.5,28.85,1.4578,Brazil,1,0,BRL,No,,
CUST-00341,Female,0,No,No,15,15,Yes,No,Fiber optic,No,No,No,Yes,No,Month-to-month,Yes,Electronic check,120.0,1780.66,118.71,6.7353,Brazil,1,0,BRL,No,,
CUST-00342,Male,1,No,Yes,35,34,Yes,No,No,No internet service,,No internet service,No internet service,No internet service,Two year,Yes,Electronic check,18.0,717.99,20.51,2.5035,Brazil,1,0,BRL,No,,
CUST-00343,Female,0,Yes,Yes,20,21,Yes,Yes,No,No internet service,No internet service,No internet service,No internet service,No internet service,Two year,No,Bank transfer,24.96,506.62,25.33,4.9171,Brazil,1,0,BRL,No,,
CUST-00344,Male,0,Yes,No,21,22,Yes,No,DSL,Yes,No,Yes,No,Yes,Month-to-month,Yes,Mailed check,46.82,988.56,47.07,4.7314,Brazil,1,0,BRL,Yes,,56.0
CUST-00345,Male,0,No,No,9,8,Yes,No,Fiber optic,No,Yes,Yes,No,Yes,Two year,No,Mailed check,78.64,,84.19,10.3652,Brazil,1,0,BRL,No,,
CUST-00346,Male,0,Yes,Yes,18,18,Yes,No,DSL,No,Yes,No,Yes,Yes,One year,No,Mailed check,33.91,628.27,34.9,5.3888,Brazil,1,0,BRL,No,,59.0
CUST-00347,Female,0,Yes,Yes,19,19,Yes,No,Fiber optic,No,Yes,Yes,Yes,No,Two year,Yes,Electronic check,57.55,1054.13,55.48,5.4543,Brazil,1,0,BRL,Yes,,54.6
CUST-00348,Female,1,Yes,No,36,37,Yes,No,Fiber optic,No,Yes,Yes,Yes,No,One year,Yes,Mailed check,76.39,2751.22,76.42,2.7756,Brazil,1,0,BRL,No,,
CUST-00349,Male,0,Yes,No,72,71,Yes,Yes,No,No internet service,No internet service,No internet service,No internet service,No internet service,Two year,No,Mailed check,24.9,1736.04,24.11,1.4335,Brazil,1,0,BRL,No,,
CUST-00350,Female,1,Yes,No,11,13,Yes,No,DSL,Yes,,No,Yes,No,Month-to-month,Yes,Credit card,49.59,554.67,50.42,8.9244,Brazil,1,0,BRL,Yes,,
CUST-00351,Male,0,Yes,No,1,1,Yes,No,DSL,No,No,No,No,No,Month-to-month,Yes,Electronic check,38.13,0.0,0.0,3813.0,Brazil,1,0,BRL,No,,
CUST-00352,Male,0,No,Yes,20,20,Yes,No,DSL,No,,No,No,Yes,Two year,Yes,Credit card,41.73,881.01,44.05,4.7312,Brazil,1,0,BRL,Yes,,28.4
CUST-00353,Female,0,No,No,23,24,No,No phone service,Fiber optic,,Yes,No,No,No,Month-to-month,No,Bank transfer,61.12,1380.25,60.01,4.425,Brazil,1,0,BRL,No,,
CUST-00354,Female,0,Yes,No,5,5,Yes,Yes,No,No internet service,No internet service,No internet service,No internet service,No internet service,Month-to-month,No,Electronic check,29.97,108.61,21.72,27.3424,Brazil,1,0,BRL,Yes,,
CUST-00355,Male,1,Yes,No,42,42,Yes,Yes,No,No internet service,No internet service,No internet service,No internet service,No internet service,Two year,Yes,Bank transfer,30.96,1294.68,30.83,2.3895,Brazil,1,0,BRL,No,,
CUST-00356,Female,1,No,Yes,72,72,Yes,Yes,Fiber optic,,Yes,Yes,No,Yes,Two year,Yes,Electronic check,65.98,4768.83,66.23,1.3833,Brazil,1,0,BRL,No,,
CUST-00357,Female,0,Yes,No,72,72,No,No phone service,No,No internet service,No internet service,No internet service,No internet service,No internet service,Month-to-month,No,Credit card,23.51,1632.35,22.67,1.4394,Brazil,1,0,BRL,No,,
CUST-00358,Male,0,No,No,6,6,Yes,No,DSL,Yes,No,Yes,Yes,No,Two year,No,Credit card,63.05,352.24,58.71,17.8491,Brazil,1,0,BRL,No,,
CUST-00359,Male,0,No,No,62,62,Yes,No,DSL,No,No,Yes,No,No,One year,Yes,Electronic check,18.2,1133.66,18.28,1.604,Brazil,1,0,BRL,No,,
CUST-00360,Female,1,No,No,36,36,Yes,No,DSL,No,,No,Yes,Yes,Month-to-month,No,Electronic check,38.28,1445.0,40.14,2.6473,Brazil,1,0,BRL,No,,
CUST-00361,Male,0,Yes,Yes,18,18,Yes,Yes,No,No internet service,No internet service,No internet service,No internet service,No internet service,Two year,Yes,Mailed check,24.28,310.6,17.26,7.792,Brazil,1,0,BRL,No,LP002,
CUST-00362,Male,0,No,No,23,23,Yes,No,Fiber optic,Yes,,No,Yes,Yes,Month-to-month,No,Mailed check,95.18,2219.9,96.52,4.2856,Brazil,1,0,BRL,No,,
CUST-00363,Female,0,Yes,No,56,56,Yes,Yes,Fiber optic,Yes,No,No,Yes,No,Month-to-month,Yes,Mailed check,79.98,4459.7,79.64,1.793,Brazil,1,0,BRL,No,,43.3
CUST-00364,Male,0,No,No,19,19,Yes,No,DSL,,No,No,No,Yes,Month-to-month,Yes,Electronic check,40.26,740.21,38.96,5.4317,Brazil,1,0,BRL,No,,
CUST-00365,Male,0,No,No,14,14,Yes,No,Fiber optic,Yes,No,No,No,Yes,Month-to-month,No,Bank transfer,55.65,745.04,53.22,7.4594,Brazil,1,0,BRL,Yes,,
CUST-00366,Female,0,Yes,No,20,20,Yes,No,No,No internet service,No internet service,No internet service,No internet service,No internet service,Month-to-month,Yes,Electronic check,25.71,496.01,24.8,5.1729,Brazil,1,0,BRL,Yes,,
CUST-00367,Female,1,Yes,No,25,24,Yes,No,DSL,,Yes,Yes,No,No,Two year,No,Credit card,55.41,1416.29,56.65,3.9096,Brazil,1,0,BRL,No,LP002,
CUST-00368,Male,0,Yes,No,6,6,Yes,No,Fiber optic,No,Yes,No,No,Yes,Two year,Yes,Credit card,77.0,435.16,72.53,17.6541,Brazil,1,0,BRL,No,,
CUST-00369,Male,0,No,Yes,69,69,Yes,Yes,DSL,Yes,No,No,No,No,One year,No,Mailed check,55.09,3884.14,56.29,1.418,Brazil,1,0,BRL,No,LP001,
CUST-00370,Female,1,Yes,No,33,33,Yes,Yes,DSL,No,Yes,No,Yes,No,Two year,No,Credit card,55.7,1869.29,56.65,2.9781,Brazil,1,0,BRL,No,,
CUST-00371,Female,0,No,No,30,30,Yes,Yes,Fiber optic,No,No,No,No,Yes,Month-to-month,Yes,Electronic check,75.33,2269.8,75.66,3.3173,Brazil,1,0,BRL,Yes,,
CUST-00372,Female,1,Yes,No,3,3,Yes,Yes,DSL,,,No,Yes,No,Month-to-month,No,Electronic check,38.19,106.27,35.42,35.6018,Brazil,1,0,BRL,No,,
CUST-00373,Female,0,No,No,27,27,Yes,No,Fiber optic,Yes,No,No,No,Yes,Two year,Yes,Bank transfer,89.54,2477.07,91.74,3.6133,Brazil,1,0,BRL,No,LP002,
CUST-00374,Male,0,No,No,3,3,Yes,Yes,Fiber optic,No,,Yes,Yes,Yes,Month-to-month,No,Mailed check,92.9,345.5,115.17,26.811,Brazil,1,0,BRL,Yes,,
CUST-00375,Female,1,No,No,2,2,Yes,No,Fiber optic,No,No,No,Yes,Yes,Month-to-month,Yes,Mailed check,52.26,46.45,23.22,110.137,Brazil,1,0,BRL,Yes,,
CUST-00376,Female,0,No,No,22,22,Yes,Yes,Fiber optic,Yes,Yes,No,Yes,Yes,One year,No,Credit card,74.36,1600.83,72.76,4.6422,Brazil,1,0,BRL,No,,
CUST-00377,Male,0,Yes,No,15,16,Yes,No,Fiber optic,No,No,No,Yes,No,Month-to-month,Yes,Credit card,104.55,,106.67,6.5304,Brazil,1,0,BRL,Yes,,
CUST-00378,Female,0,Yes,No,26,26,Yes,No,DSL,,No,No,No,Yes,Two year,Yes,Bank transfer,42.87,1161.45,44.67,3.6879,Brazil,1,0,BRL,No,,
CUST-00379,Male,0,No,Yes,2,1,Yes,Yes,Fiber optic,No,Yes,Yes,Yes,No,Month-to-month,Yes,Bank transfer,81.49,147.96,73.98,54.706,Brazil,1,0,BRL,Yes,LP002,
CUST-00380,Female,0,Yes,Yes,16,16,Yes,No,Fiber optic,Yes,No,Yes,No,No,Month-to-month,Yes,Electronic check,76.58,1188.16,74.26,6.4398,Brazil,1,0,BRL,Yes,,
CUST-00381,Female,0,Yes,No,5,5,Yes,No,DSL,No,,No,No,No,Month-to-month,No,Electronic check,65.36,,66.15,19.7028,Brazil,1,0,BRL,No,,
CUST-00382,Female,1,Yes,Yes,72,72,Yes,Yes,No,No internet service,No internet service,No internet service,No internet service,No internet service,One year,No,Bank transfer,19.52,1479.27,20.55,1.3187,Brazil,1,0,BRL,No,,
CUST-00383,Male,0,Yes,Yes,24,23,Yes,No,Fiber optic,No,No,Yes,Yes,No,Month-to-month,No,Mailed check,80.74,1939.81,80.83,4.1601,Brazil,1,0,BRL,No,LP002,
CUST-00384,Male,0,Yes,No,34,34,No,No phone service,No,No internet service,No internet service,No internet service,No internet service,No internet service,Month-to-month,Yes,Mailed check,27.57,874.18,25.71,3.1502,Brazil,1,0,BRL,No,,
CUST-00385,Female,0,No,No,11,10,Yes,No,No,No internet service,,No internet service,No internet service,No internet service,Two year,Yes,Electronic check,24.67,276.85,25.17,8.8789,Brazil,1,0,BRL,No,,
CUST-00386,Male,0,Yes,No,2,2,Yes,No,Fiber optic,No,,No,No,Yes,Two year,Yes,Bank transfer,89.21,217.56,108.78,40.8172,Brazil,1,0,BRL,No,,
CUST-00387,Male,0,No,No,72,72,Yes,No,Fiber optic,,No,No,No,No,Month-to-month,No,Electronic check,68.46,4924.05,68.39,1.39,Brazil,1,0,BRL,No,,
CUST-00388,Male,1,Yes,No,10,10,Yes,No,Fiber optic,No,No,No,No,No,Month-to-month,No,Bank transfer,68.68,749.71,74.97,9.1487,Brazil,1,0,BRL,No,LP001,
CUST-00389,Male,0,No,No,16,15,Yes,Yes,Fiber optic,Yes,Yes,No,Yes,No,Month-to-month,Yes,Electronic check,88.19,1454.33,90.9,6.0598,Brazil,1,0,BRL,Yes,,
CUST-00390,Male,0,Yes,Yes,31,32,Yes,No,No,No internet service,,No internet service,No internet service,No internet service,Two year,Yes,Electronic check,19.67,606.68,19.57,3.2369,Brazil,1,0,BRL,No,,41.7
CUST-00391,Male,0,No,No,1,1,Yes,No,No,No internet service,No internet service,No internet service,No internet service,No internet service,Two year,Yes,Electronic check,26.37,28.53,28.53,89.299,Brazil,1,0,BRL,No,,
CUST-00392,Female,0,No,No,49,49,Yes,No,DSL,No,No,No,No,Yes,Month-to-month,No,Electronic check,57.35,2718.06,55.47,2.1092,Brazil,1,0,BRL,No,,
CUST-00393,Female,0,Yes,No,23,23,Yes,No,Fiber optic,No,,No,No,No,One year,No,Credit card,53.27,1285.72,55.9,4.14,Brazil,1,0,BRL,No,,
CUST-00394,Male,0,No,No,9,8,No,No phone service,No,No internet service,,No internet service,No internet service,No internet service,Month-to-month,No,Electronic check,28.02,235.7,26.19,11.8378,Brazil,1,0,BRL,No,,
CUST-00395,Female,0,No,No,1,1,Yes,No,Fiber optic,Yes,Yes,No,Yes,No,Month-to-month,Yes,Electronic check,97.0,77.0,77.0,124.359,Brazil,1,0,BRL,Yes,,
CUST-00396,Female,0,No,Yes,5,5,Yes,Yes,No,No internet service,No internet service,No internet service,No internet service,No internet service,Month-to-month,No,Mailed check,22.92,87.11,17.42,26.0129,Brazil,1,0,BRL,No,,
CUST-00397,Female,0,No,No,67,67,Yes,No,Fiber optic,,No,No,No,Yes,Month-to-month,No,Mailed check,85.85,5774.78,86.19,1.4864,Brazil,1,0,BRL,No,LP003,
CUST-00398,Female,0,Yes,No,34,34,Yes,Yes,Fiber optic,No,,No,Yes,No,Month-to-month,Yes,Electronic check,77.76,2587.41,76.1,3.0042,Brazil,1,0,BRL,Yes,,
CUST-00399,Male,0,No,No,8,8,Yes,No,Fiber optic,No,Yes,No,No,No,Month-to-month,Yes,Electronic check,96.99,726.71,90.84,13.3281,Brazil,1,0,BRL,Yes,,
CUST-00400,Female,0,Yes,Yes,2,1,Yes,No,Fiber optic,No,No,No,No,Yes,One year,Yes,Credit card,88.33,174.03,87.02,50.4656,Brazil,1,0,BRL,No,LP001,
CUST-00401,Female,0,Yes,No,35,35,Yes,No,Fiber optic,No,No,No,No,No,Month-to-month,Yes,Bank transfer,66.72,2303.87,65.82,2.8947,Brazil,1,0,BRL,Yes,,51.0
CUST-00402,Male,0,No,No,25,25,Yes,Yes,Fiber optic,Yes,No,Yes,No,No,One year,No,Mailed check,65.81,1662.01,66.48,3.9573,Brazil,1,0,BRL,No,LP002,
CUST-00403,Male,0,Yes,Yes,15,16,Yes,No,Fiber optic,No,No,No,Yes,No,Month-to-month,Yes,Mailed check,69.54,1013.61,67.57,6.8539,Brazil,1,0,BRL,Yes,,
CUST-00404,Female,0,No,No,13,13,No,No phone service,Fiber optic,Yes,No,No,No,No,Month-to-month,No,Electronic check,91.6,1270.55,97.73,7.2038,Brazil,1,0,BRL,Yes,,
CUST-00405,Female,0,No,No,7,7,Yes,No,DSL,No,Yes,No,No,No,Month-to-month,No,Mailed check,62.05,469.02,67.0,13.2016,Brazil,1,0,BRL,No,,
CUST-00406,Female,1,No,No,33,33,Yes,Yes,DSL,No,No,Yes,No,Yes,Month-to-month,Yes,Bank transfer,57.4,1928.24,58.43,2.9753,Brazil,1,0,BRL,Yes,LP002,
CUST-00407,Female,0,No,No,72,72,Yes,No,DSL,No,No,No,Yes,No,Month-to-month,Yes,Credit card,52.98,,52.56,1.3996,Brazil,1,0,BRL,No,,
CUST-00408,Female,0,Yes,No,5,5,Yes,Yes,Fiber optic,No,Yes,No,Yes,Yes,Month-to-month,Yes,Electronic check,83.82,539.38,107.88,15.5113,Brazil,1,0,BRL,No,,
CUST-00409,Female,1,Yes,No,27,26,Yes,No,Fiber optic,Yes,No,No,Yes,No,Month-to-month,Yes,Credit card,86.89,,86.08,3.7371,Brazil,1,0,BRL,Yes,,
CUST-00410,Male,0,Yes,No,16,16,Yes,Yes,Fiber optic,No,Yes,Yes,No,Yes,Month-to-month,Yes,Electronic check,46.75,,44.52,6.554,Brazil,1,0,BRL,Yes,,
CUST-00411,Female,0,Yes,Yes,17,17,Yes,Yes,DSL,Yes,Yes,No,Yes,Yes,One year,Yes,Electronic check,39.47,706.33,41.55,5.5801,Brazil,1,0,BRL,No,,
CUST-00412,Female,0,Yes,No,8,7,Yes,Yes,Fiber optic,No,No,No,No,Yes,One year,Yes,Electronic check,83.11,674.64,84.33,12.3009,Brazil,1,0,BRL,No,,
CUST-00413,Male,0,Yes,Yes,52,52,Yes,Yes,Fiber optic,No,No,No,No,No,Month-to-month,Yes,Electronic check,81.76,4210.6,80.97,1.9413,Brazil,1,0,BRL,No,,
CUST-00414,Male,0,No,Yes,19,20,Yes,Yes,Fiber optic,Yes,No,No,No,No,Month-to-month,Yes,Credit card,77.56,1583.43,83.34,4.8951,Brazil,1,0,BRL,No,LP003,
CUST-00415,Male,1,No,No,23,23,Yes,No,Fiber optic,No,No,Yes,Yes,No,Month-to-month,Yes,Mailed check,55.58,1327.12,57.7,4.1849,Brazil,1,0,BRL,No,,
CUST-00416,Male,0,Yes,No,10,11,Yes,No,DSL,Yes,No,No,No,Yes,One year,No,Electronic check,47.57,475.9,47.59,9.9748,Brazil,1,0,BRL,No,,
CUST-00417,Female,0,No,No,6,6,Yes,Yes,No,No internet service,No internet service,No internet service,No internet service,No internet service,Month-to-month,Yes,Credit card,25.35,272.16,45.36,9.2803,Brazil,1,0,BRL,No,,
CUST-00418,Female,0,Yes,No,2,2,Yes,No,DSL,Yes,No,No,Yes,Yes,Month-to-month,No,Credit card,70.66,181.86,90.93,38.6416,Brazil,1,0,BRL,No,,
CUST-00419,Female,1,Yes,No,37,37,Yes,No,Fiber optic,No,No,No,No,Yes,Month-to-month,Yes,Bank transfer,77.69,2873.93,77.67,2.7023,Brazil,1,0,BRL,No,LP002,
CUST-00420,Female,0,No,Yes,6,6,Yes,No,No,No internet service,,No internet service,No internet service,No internet service,Two year,No,Credit card,21.43,242.65,40.44,8.7954,Brazil,1,0,BRL,No,,
CUST-00421,Female,0,No,No,35,35,Yes,Yes,Fiber optic,Yes,Yes,No,No,No,Month-to-month,Yes,Electronic check,45.89,1639.1,46.83,2.798,Brazil,1,0,BRL,No,,
CUST-00422,Female,0,No,No,14,13,Yes,Yes,No,No internet service,No internet service,No internet service,No internet service,No internet service,One year,No,Credit card,21.92,337.64,24.12,6.473,Brazil,1,0,BRL,Yes,,
CUST-00423,Male,0,Yes,No,16,17,Yes,No,DSL,No,,Yes,No,No,Month-to-month,Yes,Bank transfer,83.16,1311.24,81.95,6.3373,Brazil,1,0,BRL,No,,
CUST-00424,Female,1,No,No,18,19,No,No phone service,Fiber optic,Yes,,No,No,No,Two year,No,Credit card,43.16,779.35,43.3,5.5309,Brazil,1,0,BRL,Yes,,
CUST-00425,Male,1,No,No,13,12,Yes,Yes,Fiber optic,No,No,Yes,Yes,No,Two year,Yes,Credit card,69.29,880.24,67.71,7.8628,Brazil,1,0,BRL,No,LP001,
CUST-00426,Male,0,No,No,3,4,Yes,Yes,DSL,Yes,,Yes,No,Yes,Month-to-month,Yes,Mailed check,41.63,196.88,65.63,21.038,Brazil,1,0,BRL,No,LP001,
CUST-00427,Female,1,No,Yes,11,11,Yes,Yes,Fiber optic,Yes,No,Yes,No,No,Two year,No,Bank transfer,71.59,707.02,64.27,10.1113,Brazil,1,0,BRL,Yes,,
CUST-00428,Male,0,No,No,32,32,Yes,No,Fiber optic,No,Yes,Yes,No,Yes,Month-to-month,Yes,Electronic check,61.98,,64.11,3.0195,Brazil,1,0,BRL,Yes,LP002,
CUST-00429,Female,1,No,No,32,32,Yes,Yes,Fiber optic,No,,No,Yes,Yes,Two year,Yes,Electronic check,87.62,2759.97,86.25,3.1735,Brazil,1,0,BRL,Yes,,
CUST-00430,Male,0,No,No,10,9,Yes,No,No,No internet service,No internet service,No internet service,No internet service,No internet service,Two year,Yes,Electronic check,27.68,273.9,27.39,10.0691,Brazil,1,0,BRL,No,,
CUST-00431,Female,0,No,Yes,18,18,No,No phone service,DSL,,No,Yes,No,No,Month-to-month,No,Credit card,44.07,778.5,43.25,5.6536,Brazil,1,0,BRL,No,,
CUST-00432,Male,0,No,No,6,5,Yes,No,DSL,No,No,No,Yes,Yes,One year,No,Electronic check,41.05,220.29,36.71,18.5503,Brazil,1,0,BRL,No,,
CUST-00433,Female,0,Yes,Yes,7,7,Yes,Yes,Fiber optic,No,Yes,No,No,No,Month-to-month,Yes,Mailed check,86.77,641.88,91.7,13.4971,Brazil,1,0,BRL,Yes,,
CUST-00434,Female,0,No,No,1,2,Yes,Yes,Fiber optic,Yes,No,No,Yes,Yes,Month-to-month,No,Mailed check,68.85,68.59,68.59,98.9366,Brazil,1,0,BRL,Yes,,
CUST-00435,Female,0,Yes,No,68,68,Yes,No,Fiber optic,Yes,No,Yes,Yes,No,Month-to-month,Yes,Credit card,57.94,,57.45,1.4828,Brazil,1,0,BRL,No,,
CUST-00436,Female,0,Yes,Yes,7,7,Yes,Yes,Fiber optic,No,Yes,Yes,No,No,One year,Yes,Electronic check,96.7,684.6,97.8,14.1044,Brazil,1,0,BRL,Yes,LP001,
CUST-00437,Female,0,No,No,7,7,Yes,No,DSL,,Yes,Yes,No,Yes,Month-to-month,No,Bank transfer,55.5,353.7,50.53,15.647,Brazil,1,0,BRL,No,,
CUST-00438,Male,0,No,Yes,9,9,Yes,No,Fiber optic,Yes,Yes,Yes,No,No,Month-to-month,No,Credit card,94.11,820.1,91.12,11.4615,Brazil,1,0,BRL,No,,
CUST-00439,Male,0,No,No,4,4,Yes,No,No,No internet service,No internet service,No internet service,No internet service,No internet service,One year,No,Mailed check,18.0,0.0,0.0,1800.0,Brazil,1,0,BRL,No,,
CUST-00440,Male,1,Yes,No,30,30,Yes,No,Fiber optic,No,No,No,No,Yes,Month-to-month,Yes,Mailed check,60.52,1793.08,59.77,3.3733,Brazil,1,0,BRL,No,,
CUST-00441,Female,0,No,Yes,2,2,Yes,No,Fiber optic,Yes,No,Yes,No,No,Month-to-month,Yes,Bank transfer,102.83,230.37,115.18,44.444,Brazil,1,0,BRL,Yes,LP001,
CUST-00442,Male,0,Yes,Yes,4,4,Yes,No,DSL,No,No,No,No,No,Month-to-month,Yes,Credit card,38.23,154.78,38.7,24.541,Brazil,1,0,BRL,No,,
CUST-00443,Female,0,No,No,31,29,Yes,Yes,DSL,No,No,No,No,No,Month-to-month,Yes,Bank transfer,50.3,1650.05,53.23,3.0465,Brazil,1,0,BRL,No,LP002,65.5
CUST-00444,Female,1,No,Yes,12,12,Yes,Yes,DSL,No,No,No,No,No,Month-to-month,Yes,Electronic check,102.38,1359.2,113.27,7.5268,Brazil,1,0,BRL,No,,
CUST-00445,Male,0,No,Yes,36,35,Yes,Yes,Fiber optic,Yes,No,Yes,No,Yes,Month-to-month,No,Credit card,97.25,3477.79,96.61,2.7955,Brazil,1,0,BRL,No,,
CUST-00446,Male,0,No,No,24,24,Yes,Yes,No,No internet service,No internet service,No internet service,No internet service,No internet service,Two year,No,Mailed check,28.12,633.21,26.38,4.4339,Brazil,1,0,BRL,No,LP001,
CUST-00447,Female,0,No,No,8,8,Yes,No,Fiber optic,,No,No,Yes,No,One year,Yes,Bank transfer,73.16,641.77,80.22,11.382,Brazil,1,0,BRL,Yes,,
CUST-00448,Male,1,No,No,31,30,Yes,Yes,DSL,No,No,Yes,Yes,Yes,Month-to-month,Yes,Credit card,69.65,2175.91,70.19,3.1995,Brazil,1,0,BRL,No,,
CUST-00449,Female,0,Yes,Yes,3,4,Yes,No,DSL,No,Yes,No,Yes,Yes,Month-to-month,No,Electronic check,57.55,229.44,76.48,24.974,Brazil,1,0,BRL,Yes,LP001,
CUST-00450,Female,0,Yes,Yes,23,23,Yes,No,Fiber optic,No,Yes,No,Yes,No,Month-to-month,Yes,Bank transfer,61.26,1428.92,62.13,4.2842,Brazil,1,0,BRL,Yes,,
CUST-00451,Female,0,No,Yes,17,18,Yes,Yes,Fiber optic,No,No,No,Yes,No,One year,No,Bank transfer,77.63,1309.99,77.06,5.9215,Brazil,1,0,BRL,No,,
CUST-00452,Female,1,No,Yes,9,9,No,No phone service,Fiber optic,Yes,Yes,No,No,Yes,Month-to-month,Yes,Credit card,61.02,539.75,59.97,11.2843,Brazil,1,0,BRL,No,LP001,
CUST-00453,Female,0,Yes,No,27,26,Yes,Yes,Fiber optic,No,No,No,No,Yes,Month-to-month,Yes,Electronic check,70.63,1928.65,71.43,3.6602,Brazil,1,0,BRL,No,,
CUST-00454,Male,0,No,No,61,61,Yes,Yes,Fiber optic,No,,Yes,Yes,No,Two year,No,Mailed check,94.08,5728.32,93.91,1.6421,Brazil,1,0,BRL,No,,
CUST-00455,Male,1,Yes,Yes,72,72,Yes,No,DSL,Yes,Yes,Yes,No,No,Month-to-month,Yes,Credit card,36.06,2657.3,36.91,1.3565,Brazil,1,0,BRL,No,,
CUST-00456,Female,0,No,No,28,28,Yes,No,DSL,Yes,No,No,No,Yes,Month-to-month,Yes,Electronic check,35.16,919.36,32.83,3.8202,Brazil,1,0,BRL,No,LP002,
CUST-00457,Female,0,No,No,15,14,Yes,Yes,DSL,No,,No,No,No,Two year,Yes,Electronic check,42.84,703.31,46.89,6.0825,Brazil,1,0,BRL,No,,
CUST-00458,Male,0,No,No,7,6,Yes,Yes,DSL,No,Yes,Yes,Yes,No,One year,No,Credit card,55.03,291.54,41.65,18.8111,Brazil,1,0,BRL,No,,
CUST-00459,Male,0,No,No,8,8,Yes,Yes,DSL,No,,No,No,Yes,Month-to-month,No,Electronic check,62.01,503.34,62.92,12.2953,Brazil,1,0,BRL,Yes,,
CUST-00460,Female,0,Yes,No,19,19,Yes,Yes,DSL,No,No,No,Yes,No,One year,Yes,Credit card,50.06,934.59,49.19,5.3506,Brazil,1,0,BRL,No,LP003,
CUST-00461,Male,0,Yes,Yes,13,13,Yes,Yes,Fiber optic,No,Yes,Yes,Yes,Yes,Month-to-month,Yes,Electronic check,82.33,994.47,76.5,8.2705,Brazil,1,0,BRL,Yes,,
CUST-00462,Female,0,No,Yes,72,72,Yes,No,Fiber optic,No,,No,Yes,No,One year,No,Mailed check,76.2,5383.4,74.77,1.4152,Brazil,1,0,BRL,No,,
CUST-00463,Male,0,No,No,13,13,Yes,Yes,Fiber optic,No,Yes,No,No,Yes,Month-to-month,Yes,Bank transfer,99.07,1233.03,94.85,8.0282,Brazil,1,0,BRL,Yes,,
CUST-00464,Female,1,Yes,Yes,14,13,Yes,No,No,No internet service,No internet service,No internet service,No internet service,No internet service,Two year,No,Bank transfer,28.91,407.02,29.07,7.0854,Brazil,1,0,BRL,No,,
CUST-00465,Male,0,No,No,14,15,Yes,No,DSL,No,Yes,No,Yes,Yes,Two year,Yes,Bank transfer,49.11,657.43,46.96,7.4587,Brazil,1,0,BRL,No,,
CUST-00466,Female,1,Yes,No,54,54,Yes,No,No,No internet service,No internet service,No internet service,No internet service,No internet service,Two year,Yes,Mailed check,31.79,1664.61,30.83,1.9086,Brazil,1,0,BRL,No,,
CUST-00467,Male,0,No,No,31,31,Yes,Yes,Fiber optic,No,No,No,No,No,Two year,No,Credit card,80.03,2548.54,82.21,3.139,Brazil,1,0,BRL,Yes,,
CUST-00468,Male,1,No,No,28,28,Yes,No,Fiber optic,No,No,No,No,No,Month-to-month,Yes,Electronic check,98.87,2706.75,96.67,3.6514,Brazil,1,0,BRL,Yes,,
CUST-00469,Female,0,Yes,No,12,13,Yes,Yes,Fiber optic,No,Yes,No,Yes,Yes,Month-to-month,No,Mailed check,78.7,978.36,81.53,8.0359,Brazil,1,0,BRL,Yes,,
CUST-00470,Male,0,Yes,No,51,51,Yes,No,DSL,Yes,No,Yes,No,Yes,Month-to-month,Yes,Electronic check,62.18,3126.73,61.31,1.988,Brazil,1,0,BRL,Yes,LP002,
CUST-00471,Female,0,No,No,1,2,Yes,Yes,No,No internet service,No internet service,No internet service,No internet service,No internet service,One year,Yes,Bank transfer,27.84,0.0,0.0,2784.0,Brazil,1,0,BRL,No,,
CUST-00472,Male,1,No,Yes,61,61,Yes,No,DSL,,,No,Yes,Yes,Two year,No,Electronic check,74.75,,74.26,1.6499,Brazil,1,0,BRL,No,,
CUST-00473,Female,0,No,No,21,21,Yes,Yes,Fiber optic,No,No,Yes,No,Yes,Month-to-month,Yes,Electronic check,39.76,865.96,41.24,4.5861,Brazil,1,0,BRL,No,,
CUST-00474,Male,0,No,Yes,15,15,Yes,Yes,DSL,No,No,No,Yes,No,Two year,No,Mailed check,49.23,669.88,44.66,7.3381,Brazil,1,0,BRL,No,LP003,
CUST-00475,Female,0,No,No,20,20,Yes,Yes,DSL,No,,No,No,No,Two year,Yes,Electronic check,91.65,1847.37,92.37,4.9584,Brazil,1,0,BRL,No,,
CUST-00476,Male,0,No,No,33,33,Yes,Yes,DSL,Yes,Yes,Yes,No,No,Two year,No,Electronic check,53.26,1709.54,51.8,3.1136,Brazil,1,0,BRL,Yes,LP001,
CUST-00477,Female,0,No,No,1,1,Yes,No,DSL,Yes,Yes,No,Yes,No,Two year,No,Bank transfer,58.82,19.78,19.78,283.0606,Brazil,1,0,BRL,Yes,,
CUST-00478,Male,0,No,No,61,61,No,No phone service,DSL,Yes,No,Yes,No,Yes,Month-to-month,Yes,Mailed check,57.63,,57.96,1.6296,Brazil,1,0,BRL,No,,
CUST-00479,Female,0,Yes,No,17,17,Yes,Yes,No,No internet service,No internet service,No internet service,No internet service,No internet service,Month-to-month,No,Credit card,27.39,574.3,33.78,4.761,Brazil,1,0,BRL,No,,
CUST-00480,Female,0,Yes,No,12,13,Yes,No,DSL,No,,Yes,Yes,Yes,Month-to-month,No,Bank transfer,61.73,695.21,57.93,8.8666,Brazil,1,0,BRL,No,,57.3
CUST-00481,Female,0,No,Yes,4,4,Yes,No,DSL,Yes,No,Yes,Yes,Yes,Month-to-month,Yes,Electronic check,42.33,205.31,51.33,20.5177,Brazil,1,0,BRL,No,,
CUST-00482,Male,0,Yes,No,17,17,Yes,No,Fiber optic,Yes,No,Yes,Yes,No,One year,Yes,Bank transfer,85.8,1442.96,84.88,5.942,Brazil,1,0,BRL,No,LP003,
CUST-00483,Female,0,No,No,20,20,Yes,Yes,No,No internet service,No internet service,No internet service,No internet service,No internet service,Two year,Yes,Electronic check,21.32,402.66,20.13,5.2817,Brazil,1,0,BRL,Yes,,
CUST-00484,Male,0,No,No,15,15,Yes,No,DSL,No,Yes,Yes,No,Yes,Two year,Yes,Bank transfer,35.53,586.52,39.1,6.0475,Brazil,1,0,BRL,No,,
CUST-00485,Female,0,No,No,34,34,Yes,Yes,DSL,No,Yes,No,No,Yes,One year,Yes,Credit card,82.39,2759.08,81.15,2.9851,Brazil,1,0,BRL,No,,
CUST-00486,Male,0,Yes,Yes,16,17,Yes,No,No,No internet service,No internet service,No internet service,No internet service,No internet service,Month-to-month,Yes,Mailed check,18.0,230.29,14.39,7.7824,Brazil,1,0,BRL,No,,
CUST-00487,Female,0,Yes,No,72,72,Yes,No,DSL,,Yes,No,No,No,Month-to-month,Yes,Bank transfer,25.6,1866.21,25.92,1.371,Brazil,1,0,BRL,No,,
CUST-00488,Male,0,Yes,No,27,27,Yes,No,Fiber optic,No,,No,No,No,Month-to-month,No,Electronic check,65.25,1841.49,68.2,3.5414,Brazil,1,0,BRL,Yes,,
CUST-00489,Male,0,Yes,No,49,50,Yes,No,DSL,Yes,No,No,No,No,Month-to-month,Yes,Mailed check,81.1,4011.4,81.87,2.0212,Brazil,1,0,BRL,No,,
CUST-00490,Female,0,Yes,Yes,3,3,Yes,No,No,No internet service,No internet service,No internet service,No internet service,No internet service,Month-to-month,No,Credit card,24.77,3.96,1.32,499.3952,Brazil,1,0,BRL,No,LP003,
CUST-00491,Male,0,No,No,15,15,Yes,Yes,No,No internet service,No internet service,No internet service,No internet service,No internet service,Month-to-month,Yes,Electronic check,23.18,316.93,21.13,7.2909,Brazil,1,0,BRL,No,,
CUST-00492,Male,0,No,No,12,12,Yes,No,No,,,No internet service,No internet service,No internet service,Month-to-month,Yes,Electronic check,18.0,,22.08,6.7674,Brazil,1,0,BRL,No,,
CUST-00493,Female,0,No,Yes,25,24,Yes,Yes,DSL,No,No,No,Yes,Yes,Month-to-month,No,Mailed check,50.89,1351.31,54.05,3.7632,Brazil,1,1,BRL,No,,
CUST-00494,Male,0,No,No,59,59,Yes,Yes,Fiber optic,No,No,Yes,Yes,Yes,One year,Yes,Bank transfer,112.32,6638.32,112.51,1.6917,Brazil,1,0,BRL,No,LP001,
CUST-00495,Male,0,Yes,No,2,3,Yes,No,DSL,No,,No,No,No,Month-to-month,Yes,Mailed check,47.79,66.62,33.31,70.6744,Brazil,1,0,BRL,No,,
CUST-00496,Male,0,No,No,2,2,Yes,No,No,No internet service,No internet service,No internet service,No internet service,No internet service,Month-to-month,Yes,Credit card,35.32,152.94,76.47,22.944,Brazil,1,0,BRL,Yes,,
CUST-00497,Female,0,No,No,56,55,Yes,No,No,No internet service,No internet service,No internet service,No internet service,No internet service,Month-to-month,Yes,Electronic check,28.32,1582.19,28.25,1.7888,Brazil,1,0,BRL,No,,21.6
CUST-00498,Male,0,Yes,No,7,7,Yes,No,Fiber optic,Yes,No,No,No,No,Two year,Yes,Mailed check,69.4,455.51,65.07,15.2023,Brazil,1,0,BRL,Yes,,
CUST-00499,Female,1,No,No,33,33,Yes,No,Fiber optic,No,No,No,No,Yes,Month-to-month,No,Bank transfer,59.21,1915.18,58.04,3.09,Brazil,1,0,BRL,No,,
CUST-00500,Male,0,Yes,No,23,22,No,No phone service,DSL,Yes,No,No,No,No,Month-to-month,Yes,Electronic check,40.3,867.15,37.7,4.6421,Brazil,1,0,BRL,No,,
CUST-00501,Male,0,No,Yes,53,53,Yes,Yes,Fiber optic,Yes,No,No,Yes,Yes,One year,No,Bank transfer,104.5,5680.18,107.17,1.8394,Brazil,1,0,BRL,No,,
CUST-00502,Male,0,No,Yes,4,4,Yes,No,Fiber optic,No,No,No,No,No,One year,No,Electronic check,68.0,343.05,85.76,19.7646,Brazil,1,0,BRL,Yes,,
CUST-00503,Female,0,Yes,No,4,5,No,No phone service,Fiber optic,Yes,No,Yes,Yes,No,Two year,Yes,Electronic check,72.72,258.07,64.52,28.0696,Brazil,1,0,BRL,Yes,LP002,
CUST-00504,Male,0,No,No,24,25,Yes,No,Fiber optic,No,Yes,No,Yes,No,Month-to-month,Yes,Electronic check,73.59,1852.75,77.2,3.9698,Brazil,1,0,BRL,No,,
CUST-00505,Male,0,No,Yes,72,72,Yes,No,DSL,Yes,Yes,Yes,Yes,Yes,Month-to-month,No,Credit card,24.24,1771.95,24.61,1.3672,Brazil,1,0,BRL,No,,
CUST-00506,Female,0,No,No,16,16,Yes,No,No,No internet service,No internet service,No internet service,No internet service,No internet service,Month-to-month,No,Mailed check,20.32,348.83,21.8,5.8085,Brazil,1,0,BRL,No,,
CUST-00507,Male,0,Yes,No,11,10,Yes,No,No,No internet service,,No internet service,No internet service,No internet service,One year,Yes,Credit card,28.25,274.85,24.99,10.2411,Brazil,1,0,BRL,No,,
CUST-00508,Female,0,No,Yes,27,28,Yes,Yes,No,No internet service,,No internet service,No internet service,No internet service,Month-to-month,Yes,Electronic check,23.47,607.98,22.52,3.854,Brazil,1,0,BRL,No,,
CUST-00509,Female,0,Yes,No,72,72,Yes,No,Fiber optic,No,Yes,No,No,No,Month-to-month,Yes,Bank transfer,81.86,5891.8,81.83,1.3892,Brazil,1,0,BRL,No,,
CUST-00510,Male,0,Yes,Yes,54,54,Yes,Yes,Fiber optic,Yes,Yes,No,Yes,No,Month-to-month,Yes,Mailed check,53.84,2809.08,52.02,1.916,Brazil,1,0,BRL,No,,
CUST-00511,Female,0,Yes,No,72,72,Yes,Yes,DSL,No,Yes,Yes,Yes,Yes,Month-to-month,No,Credit card,83.36,5977.58,83.02,1.3943,Brazil,1,0,BRL,No,,
CUST-00512,Male,1,No,No,1,1,Yes,Yes,No,,No internet service,No internet service,No internet service,No internet service,Month-to-month,No,Bank transfer,33.55,33.77,33.77,96.4912,Brazil,1,0,BRL,Yes,,
CUST-00513,Female,0,No,No,3,4,Yes,No,Fiber optic,No,Yes,No,No,No,One year,Yes,Bank transfer,55.57,232.19,77.4,23.8304,Brazil,1,0,BRL,No,,
CUST-00514,Female,0,No,Yes,28,28,Yes,No,Fiber optic,No,Yes,Yes,Yes,No,One year,No,Electronic check,95.81,2651.85,94.71,3.6116,Brazil,1,0,BRL,No,,
CUST-00515,Male,0,No,No,51,51,Yes,No,Fiber optic,No,No,Yes,No,No,Month-to-month,No,Mailed check,96.93,4984.04,97.73,1.9444,Brazil,1,0,BRL,No,,
CUST-00516,Female,0,Yes,No,10,10,Yes,No,No,No internet service,No internet service,No internet service,No internet service,No internet service,Month-to-month,Yes,Mailed check,33.85,235.48,23.55,14.3141,Brazil,1,0,BRL,No,,
CUST-00517,Female,1,Yes,No,8,8,Yes,No,DSL,Yes,Yes,No,No,Yes,One year,Yes,Credit card,80.72,704.11,88.01,11.4479,Brazil,1,0,BRL,Yes,,
CUST-00518,Female,0,Yes,Yes,46,45,Yes,No,DSL,Yes,No,No,Yes,No,Month-to-month,No,Electronic check,52.47,2368.6,51.49,2.2143,Brazil,1,0,BRL,No,,48.1
CUST-00519,Female,1,Yes,No,1,1,Yes,No,Fiber optic,,No,No,No,No,Month-to-month,No,Electronic check,43.7,50.21,50.21,85.3349,Brazil,1,0,BRL,No,LP001,
CUST-00520,Female,0,Yes,No,13,13,Yes,No,No,No internet service,No internet service,No internet service,No internet service,No internet service,Month-to-month,No,Mailed check,23.33,323.61,24.89,7.1871,Brazil,1,0,BRL,Yes,,
CUST-00521,Male,1,Yes,No,21,21,No,No phone service,Fiber optic,No,No,Yes,No,No,One year,Yes,Electronic check,105.73,2230.84,106.23,4.7373,Brazil,1,0,BRL,No,,
CUST-00522,Female,0,Yes,No,24,24,Yes,Yes,Fiber optic,Yes,No,Yes,Yes,No,Two year,Yes,Electronic check,58.7,1403.46,58.48,4.1795,Brazil,1,0,BRL,No,,
CUST-00523,Male,0,Yes,No,39,38,Yes,No,Fiber optic,Yes,Yes,No,No,No,One year,Yes,Credit card,105.16,4039.16,103.57,2.6029,Brazil,1,0,BRL,No,,
CUST-00524,Female,0,Yes,No,13,12,Yes,Yes,Fiber optic,No,Yes,No,Yes,Yes,Month-to-month,Yes,Mailed check,53.09,645.69,49.67,8.2095,Brazil,1,0,BRL,No,LP002,
CUST-00525,Male,0,Yes,Yes,28,28,Yes,No,Fiber optic,Yes,,Yes,No,No,Month-to-month,No,Credit card,93.18,2658.86,94.96,3.5032,Brazil,1,0,BRL,Yes,,
CUST-00526,Male,0,No,No,26,26,Yes,No,Fiber optic,No,No,Yes,No,No,Two year,Yes,Credit card,73.77,1888.15,72.62,3.9049,Brazil,1,0,BRL,Yes,,
CUST-00527,Female,0,No,Yes,23,23,Yes,No,DSL,No,No,No,No,No,Month-to-month,No,Electronic check,43.36,992.12,43.14,4.366,Brazil,1,0,BRL,Yes,,
CUST-00528,Female,0,No,No,30,30,Yes,No,No,No internet service,No internet service,No internet service,No internet service,No internet service,Two year,Yes,Mailed check,28.12,769.0,25.63,3.6519,Brazil,1,0,BRL,No,LP001,
CUST-00529,Female,0,Yes,Yes,9,9,Yes,No,Fiber optic,No,No,No,Yes,No,Two year,No,Electronic check,54.92,537.21,59.69,10.2042,Brazil,1,0,BRL,No,,50.4
CUST-00530,Male,0,Yes,No,2,2,Yes,No,No,,,No internet service,No internet service,No internet service,Month-to-month,No,Credit card,25.85,0.0,0.0,2585.0,Brazil,1,0,BRL,No,,
CUST-00531,Female,0,No,Yes,3,3,Yes,Yes,DSL,Yes,No,No,No,Yes,Two year,Yes,Mailed check,72.46,263.18,87.73,27.4283,Brazil,1,0,BRL,No,,
CUST-00532,Male,0,Yes,No,7,7,No,No phone service,Fiber optic,Yes,Yes,No,No,Yes,Month-to-month,No,Mailed check,120.0,786.86,112.41,15.2311,Brazil,1,0,BRL,Yes,LP003,
CUST-00533,Male,0,Yes,No,20,20,Yes,No,No,No internet service,No internet service,No internet service,No internet service,No internet service,Two year,Yes,Electronic check,24.99,550.53,27.53,4.531,Brazil,1,0,BRL,Yes,,
CUST-00534,Male,0,Yes,Yes,55,55,Yes,No,DSL,Yes,Yes,No,No,No,Month-to-month,Yes,Mailed check,57.17,3144.86,57.18,1.8173,Brazil,1,0,BRL,No,,
CUST-00535,Female,0,Yes,Yes,36,36,No,No phone service,Fiber optic,No,Yes,No,Yes,No,Month-to-month,No,Electronic check,96.32,3439.58,95.54,2.7995,Brazil,1,0,BRL,No,,
CUST-00536,Female,0,Yes,Yes,46,46,Yes,Yes,Fiber optic,No,Yes,No,No,No,One year,No,Mailed check,75.99,3575.56,77.73,2.1247,Brazil,1,0,BRL,No,,
CUST-00537,Male,0,Yes,No,12,12,Yes,No,Fiber optic,,No,No,Yes,Yes,Two year,Yes,Credit card,70.74,845.44,70.45,8.3574,Brazil,1,0,BRL,No,,61.6
CUST-00538,Male,0,No,No,15,15,Yes,No,DSL,No,Yes,No,Yes,No,Month-to-month,No,Credit card,67.94,1001.01,66.73,6.7804,Brazil,1,0,BRL,No,,
CUST-00539,Female,0,Yes,No,15,15,Yes,Yes,DSL,No,No,No,No,No,One year,No,Electronic check,60.3,949.96,63.33,6.341,Brazil,1,0,BRL,No,,
CUST-00540,Male,0,Yes,Yes,6,6,Yes,No,No,No internet service,,No internet service,No internet service,No internet service,Month-to-month,No,Mailed check,22.17,59.0,9.83,36.95,Brazil,1,0,BRL,No,,
CUST-00541,Female,0,No,No,1,2,Yes,No,Fiber optic,,No,No,No,No,Month-to-month,Yes,Credit card,94.52,0.0,0.0,9452.0,Brazil,1,0,BRL,No,,
CUST-00542,Male,0,Yes,No,26,25,Yes,No,DSL,No,,No,No,No,Month-to-month,No,Electronic check,67.62,1816.02,69.85,3.7215,Brazil,1,0,BRL,Yes,LP003,
CUST-00543,Female,0,Yes,No,72,72,Yes,No,DSL,Yes,No,No,No,Yes,Month-to-month,Yes,Credit card,52.74,3755.46,52.16,1.404,Brazil,1,0,BRL,No,,
CUST-00544,Male,1,No,No,5,5,Yes,No,No,,,No internet service,No internet service,No internet service,Month-to-month,Yes,Electronic check,27.19,179.18,35.84,15.0905,Brazil,1,0,BRL,No,,
CUST-00545,Female,0,Yes,Yes,1,1,Yes,No,DSL,No,,Yes,Yes,Yes,Month-to-month,Yes,Bank transfer,49.23,51.54,51.54,93.7,Brazil,1,0,BRL,No,,55.5
CUST-00546,Male,0,Yes,Yes,45,45,Yes,No,Fiber optic,No,No,Yes,Yes,Yes,Month-to-month,Yes,Bank transfer,94.5,4194.3,93.21,2.2525,Brazil,1,0,BRL,No,,
CUST-00547,Female,0,No,Yes,8,7,Yes,No,Fiber optic,No,No,No,No,No,Month-to-month,No,Mailed check,72.8,612.76,76.6,11.8613,Brazil,1,0,BRL,Yes,,65.1
CUST-00548,Female,0,Yes,Yes,53,54,Yes,No,No,No internet service,No internet service,No internet service,No internet service,No internet service,Month-to-month,Yes,Credit card,29.86,1562.07,29.47,1.9103,Brazil,1,0,BRL,No,,
CUST-00549,Male,0,No,Yes,36,37,Yes,No,Fiber optic,,No,No,No,No,Two year,No,Electronic check,54.29,1900.57,52.79,2.855,Brazil,1,0,BRL,Yes,,
CUST-00550,Male,1,No,Yes,72,72,Yes,Yes,Fiber optic,No,No,Yes,No,Yes,Month-to-month,Yes,Mailed check,87.84,6271.92,87.11,1.4003,Brazil,1,0,BRL,No,,
CUST-00551,Female,0,Yes,No,15,14,Yes,Yes,DSL,No,,Yes,Yes,No,Two year,No,Mailed check,59.09,799.71,53.31,7.3797,Brazil,1,0,BRL,Yes,,
CUST-00552,Male,0,No,No,32,32,Yes,Yes,No,No internet service,,No internet service,No internet service,No internet service,One year,No,Credit card,28.88,944.31,29.51,3.0551,Brazil,1,0,BRL,No,,
CUST-00553,Female,1,No,No,18,19,Yes,No,Fiber optic,Yes,Yes,No,Yes,No,One year,No,Electronic check,55.93,959.97,53.33,5.8202,Brazil,1,0,BRL,Yes,,
CUST-00554,Male,0,Yes,No,29,30,Yes,No,No,No internet service,No internet service,No internet service,No internet service,No internet service,One year,No,Credit card,24.33,703.83,24.27,3.4519,Brazil,1,0,BRL,No,,
CUST-00555,Female,0,No,No,17,16,Yes,Yes,Fiber optic,Yes,No,No,Yes,No,Two year,Yes,Mailed check,75.89,1281.04,75.36,5.9195,Brazil,1,0,BRL,Yes,,
CUST-00556,Female,0,Yes,Yes,6,7,No,No phone service,Fiber optic,Yes,No,No,No,No,Month-to-month,No,Electronic check,75.13,403.7,67.28,18.5644,Brazil,1,0,BRL,Yes,,42.2
CUST-00557,Female,0,No,No,21,22,Yes,Yes,DSL,Yes,Yes,Yes,No,No,Month-to-month,No,Bank transfer,69.09,1374.75,65.46,5.022,Brazil,1,0,BRL,No,LP003,
CUST-00558,Female,0,Yes,Yes,22,22,No,No phone service,Fiber optic,No,No,No,No,No,One year,Yes,Electronic check,50.48,1237.25,56.24,4.0767,Brazil,1,0,BRL,No,,
CUST-00559,Female,1,Yes,No,49,48,No,No phone service,DSL,No,No,No,No,Yes,One year,No,Mailed check,54.2,2653.37,54.15,2.0419,Brazil,1,0,BRL,No,LP003,
CUST-00560,Female,0,Yes,No,39,39,Yes,No,Fiber optic,,No,No,Yes,No,Two year,Yes,Electronic check,103.68,4134.69,106.02,2.507,Brazil,1,0,BRL,Yes,,
CUST-00561,Male,0,No,No,32,33,Yes,No,DSL,Yes,No,Yes,Yes,Yes,Month-to-month,Yes,Mailed check,75.5,2474.25,77.32,3.0502,Brazil,1,0,BRL,No,,
CUST-00562,Male,0,Yes,Yes,3,3,Yes,No,DSL,No,,Yes,No,No,One year,No,Bank transfer,71.01,196.97,65.66,35.8691,Brazil,1,0,BRL,No,,
CUST-00563,Male,0,Yes,Yes,38,37,Yes,Yes,DSL,Yes,No,Yes,No,No,Month-to-month,Yes,Mailed check,65.4,2494.25,65.64,2.621,Brazil,1,0,BRL,No,LP003,
CUST-00564,Female,0,Yes,No,20,20,Yes,No,DSL,Yes,Yes,Yes,Yes,No,Month-to-month,No,Mailed check,38.82,784.0,39.2,4.9452,Brazil,1,0,BRL,No,,
CUST-00565,Female,0,No,Yes,67,67,Yes,No,No,No internet service,No internet service,No internet service,No internet service,No internet service,Month-to-month,Yes,Mailed check,18.0,1298.21,19.38,1.3855,Brazil,1,0,BRL,No,LP003,
CUST-00566,Female,0,No,No,72,72,Yes,No,Fiber optic,No,No,Yes,No,Yes,One year,Yes,Electronic check,80.66,5849.01,81.24,1.3788,Brazil,1,0,BRL,No,,
CUST-00567,Female,0,No,No,1,2,Yes,No,Fiber optic,Yes,No,No,No,Yes,Two year,Yes,Mailed check,57.59,17.23,17.23,315.9078,Brazil,1,0,BRL,No,,
CUST-00568,Male,0,No,No,51,50,Yes,No,DSL,No,No,No,No,Yes,Month-to-month,Yes,Credit card,51.42,2640.0,51.76,1.947,Brazil,1,0,BRL,No,,
CUST-00569,Male,0,No,No,1,1,Yes,No,Fiber optic,No,Yes,No,No,Yes,Two year,No,Credit card,87.36,127.58,127.58,67.9421,Brazil,1,0,BRL,No,,
CUST-00570,Female,0,Yes,No,13,13,Yes,No,Fiber optic,Yes,Yes,No,No,Yes,Month-to-month,Yes,Electronic check,98.94,1227.45,94.42,8.0541,Brazil,1,0,BRL,Yes,,
CUST-00571,Male,0,No,Yes,23,23,Yes,No,No,No internet service,No internet service,No internet service,No internet service,No internet service,Month-to-month,Yes,Electronic check,21.98,530.25,23.05,4.1374,Brazil,1,0,BRL,No,,
CUST-00572,Male,0,No,No,4,4,Yes,No,No,No internet service,No internet service,No internet service,No internet service,No internet service,Month-to-month,Yes,Credit card,28.19,180.03,45.01,15.572,Brazil,1,0,BRL,Yes,LP003,
CUST-00573,Female,1,No,No,41,41,Yes,Yes,Fiber optic,,No,Yes,No,No,Month-to-month,Yes,Mailed check,84.24,3410.97,83.19,2.469,Brazil,1,0,BRL,No,,
CUST-00574,Male,0,No,No,1,1,Yes,No,Fiber optic,No,No,Yes,No,No,Month-to-month,No,Mailed check,64.46,28.49,28.49,218.5826,Brazil,1,0,BRL,No,,
CUST-00575,Female,0,Yes,Yes,5,4,Yes,No,DSL,No,No,Yes,Yes,No,Month-to-month,Yes,Bank transfer,18.0,148.02,29.6,12.0789,Brazil,1,0,BRL,Yes,,48.6
CUST-00576,Male,0,Yes,No,26,27,Yes,Yes,Fiber optic,No,Yes,Yes,No,No,One year,No,Electronic check,100.36,2591.65,99.68,3.8709,Brazil,1,0,BRL,Yes,,
CUST-00577,Female,0,No,No,37,37,Yes,Yes,DSL,No,No,Yes,Yes,No,One year,No,Mailed check,59.47,2151.29,58.14,2.7631,Brazil,1,0,BRL,No,,50.6
CUST-00578,Female,0,No,No,72,72,Yes,Yes,Fiber optic,No,No,No,No,Yes,Month-to-month,No,Credit card,93.52,6777.55,94.13,1.3796,Brazil,1,0,BRL,No,,
CUST-00579,Female,0,No,No,36,36,Yes,No,DSL,,No,No,Yes,No,Month-to-month,No,Bank transfer,42.02,1541.56,42.82,2.724,Brazil,1,0,BRL,Yes,,
CUST-00580,Female,0,No,Yes,33,32,No,No phone service,Fiber optic,No,Yes,Yes,No,No,Month-to-month,Yes,Electronic check,84.89,2806.09,85.03,3.0241,Brazil,1,0,BRL,Yes,,
CUST-00581,Male,0,No,No,15,15,Yes,Yes,Fiber optic,,No,No,No,Yes,Month-to-month,Yes,Electronic check,69.76,,73.51,6.321,Brazil,1,0,BRL,Yes,,
CUST-00582,Female,0,Yes,No,1,1,Yes,Yes,Fiber optic,Yes,,Yes,Yes,No,Month-to-month,No,Electronic check,52.12,111.9,111.9,46.1647,Brazil,1,0,BRL,Yes,,
CUST-00583,Female,0,No,No,3,3,Yes,No,Fiber optic,No,No,No,No,Yes,Month-to-month,No,Bank transfer,78.75,232.11,77.37,33.7823,Brazil,1,0,BRL,Yes,,
CUST-00584,Female,1,Yes,No,22,22,Yes,Yes,DSL,Yes,No,No,Yes,Yes,Two year,No,Electronic check,32.51,813.94,37.0,3.9893,Brazil,1,0,BRL,No,,
CUST-00585,Male,0,Yes,Yes,33,33,Yes,Yes,Fiber optic,Yes,Yes,No,No,No,Two year,No,Electronic check,120.0,4039.17,122.4,2.9702,Brazil,1,0,BRL,No,,
CUST-00586,Female,0,Yes,No,16,17,Yes,No,No,No internet service,No internet service,No internet service,No internet service,No internet service,Month-to-month,Yes,Credit card,19.02,205.11,12.82,9.2281,Brazil,1,0,BRL,No,,
CUST-00587,Male,0,No,No,39,40,Yes,No,No,No internet service,No internet service,No internet service,No internet service,No internet service,Month-to-month,Yes,Electronic check,22.7,833.79,21.38,2.7192,Brazil,1,0,BRL,No,,
CUST-00588,Female,0,Yes,No,22,22,Yes,Yes,Fiber optic,No,No,Yes,No,Yes,Month-to-month,No,Electronic check,64.61,1308.66,59.48,4.9333,Brazil,1,0,BRL,Yes,,
CUST-00589,Male,0,Yes,No,2,2,Yes,No,Fiber optic,,Yes,No,No,No,Two year,No,Electronic check,99.26,182.28,91.14,54.1576,Brazil,1,0,BRL,No,,
CUST-00590,Male,0,No,No,6,6,Yes,Yes,Fiber optic,No,No,No,No,Yes,Month-to-month,Yes,Electronic check,60.06,299.8,49.97,19.9668,Brazil,1,0,BRL,Yes,LP003,
CUST-00591,Female,1,Yes,No,54,55,Yes,No,DSL,Yes,No,No,Yes,No,Month-to-month,No,Mailed check,48.79,2593.94,48.04,1.8802,Brazil,1,0,BRL,No,,
CUST-00592,Male,0,No,Yes,38,39,Yes,Yes,DSL,No,,No,Yes,Yes,One year,Yes,Credit card,38.38,1512.97,39.82,2.5351,Brazil,1,0,BRL,No,,
CUST-00593,Female,0,No,No,67,68,Yes,Yes,DSL,No,Yes,No,No,No,Month-to-month,Yes,Credit card,35.67,2302.15,34.36,1.5487,Brazil,1,0,BRL,No,,
CUST-00594,Female,0,No,No,3,3,Yes,No,DSL,,No,No,No,No,Month-to-month,No,Mailed check,30.32,97.45,32.48,30.7974,Brazil,1,0,BRL,Yes,,42.7
CUST-00595,Female,0,No,No,72,72,Yes,No,Fiber optic,No,No,No,No,Yes,Month-to-month,No,Mailed check,72.86,5252.1,72.95,1.387,Brazil,1,0,BRL,No,,70.8
CUST-00596,Male,0,Yes,No,7,7,Yes,Yes,No,No internet service,No internet service,No internet service,No internet service,No internet service,Month-to-month,Yes,Mailed check,31.03,213.09,30.44,14.4939,Brazil,1,0,BRL,No,,54.9
CUST-00597,Male,0,No,No,1,1,Yes,Yes,Fiber optic,No,Yes,No,No,Yes,Month-to-month,Yes,Electronic check,68.24,74.78,74.78,90.0501,Brazil,1,0,BRL,Yes,,
CUST-00598,Female,0,Yes,No,72,72,Yes,No,Fiber optic,No,Yes,Yes,No,No,Month-to-month,Yes,Electronic check,98.34,6968.87,96.79,1.4109,Brazil,1,0,BRL,Yes,,
CUST-00599,Female,1,No,No,9,9,Yes,No,Fiber optic,No,Yes,Yes,No,Yes,Month-to-month,No,Credit card,104.62,901.1,100.12,11.5974,Brazil,1,0,BRL,Yes,LP003,
CUST-00600,Male,0,Yes,Yes,33,34,Yes,Yes,DSL,No,No,Yes,Yes,Yes,Month-to-month,Yes,Electronic check,31.14,1104.77,33.48,2.8161,Brazil,1,0,BRL,Yes,,
CUST-00601,Female,0,No,No,5,5,No,No phone service,DSL,No,Yes,No,Yes,Yes,Two year,No,Electronic check,55.89,219.61,43.92,25.3343,Brazil,1,0,BRL,No,,
CUST-00602,Female,0,Yes,Yes,26,25,Yes,Yes,Fiber optic,No,Yes,No,Yes,Yes,Month-to-month,No,Mailed check,111.76,2989.09,114.96,3.7377,Brazil,1,0,BRL,Yes,,
CUST-00603,Female,0,Yes,No,70,69,Yes,No,Fiber optic,Yes,No,Yes,No,Yes,Month-to-month,No,Mailed check,68.33,4712.76,67.33,1.4496,Brazil,1,0,BRL,No,,
CUST-00604,Male,0,Yes,Yes,11,11,Yes,Yes,No,No internet service,No internet service,No internet service,No internet service,No internet service,One year,Yes,Electronic check,21.54,160.59,14.6,13.33,Brazil,1,0,BRL,No,,
CUST-00605,Male,0,Yes,No,33,35,Yes,Yes,Fiber optic,No,No,No,Yes,No,Two year,No,Electronic check,93.93,3052.1,92.49,3.0765,Brazil,1,0,BRL,No,,
CUST-00606,Male,0,No,No,6,6,Yes,Yes,No,No internet service,No internet service,No internet service,No internet service,No internet service,Two year,Yes,Mailed check,23.38,196.73,32.79,11.8242,Brazil,1,0,BRL,No,,
CUST-00607,Female,0,Yes,No,29,29,Yes,No,Fiber optic,No,No,No,No,No,Month-to-month,Yes,Bank transfer,69.15,1978.04,68.21,3.4941,Brazil,1,0,BRL,No,LP001,
CUST-00608,Female,0,No,No,12,13,Yes,No,Fiber optic,Yes,No,No,Yes,No,Month-to-month,Yes,Electronic check,82.0,1001.27,83.44,8.1814,Brazil,1,0,BRL,Yes,,44.2
CUST-00609,Female,0,No,No,7,7,Yes,No,Fiber optic,No,No,No,No,No,One year,Yes,Mailed check,88.84,625.56,89.37,14.179,Brazil,1,0,BRL,Yes,,
CUST-00610,Male,1,No,Yes,11,11,Yes,Yes,DSL,No,Yes,Yes,No,No,One year,No,Mailed check,51.43,563.01,51.18,9.1186,Brazil,1,0,BRL,No,,49.8
CUST-00611,Female,0,Yes,No,5,6,Yes,Yes,DSL,No,No,Yes,No,No,Month-to-month,Yes,Credit card,53.06,329.01,65.8,16.0783,Brazil,1,0,BRL,No,,
CUST-00612,Female,0,Yes,No,69,69,Yes,No,DSL,Yes,No,No,No,No,Two year,Yes,Electronic check,62.51,4351.77,63.07,1.4361,Brazil,1,0,BRL,No,,
CUST-00613,Female,0,No,Yes,15,15,Yes,Yes,Fiber optic,No,Yes,Yes,No,No,Month-to-month,No,Electronic check,90.52,1300.65,86.71,6.9543,Brazil,1,0,BRL,Yes,,
CUST-00614,Female,0,Yes,No,8,8,Yes,No,Fiber optic,No,No,Yes,Yes,Yes,Two year,Yes,Mailed check,80.35,629.02,78.63,12.7536,Brazil,1,0,BRL,No,,
CUST-00615,Male,0,Yes,No,17,16,Yes,Yes,DSL,Yes,No,No,Yes,Yes,Two year,No,Bank transfer,65.39,,70.52,5.4501,Brazil,1,0,BRL,No,LP001,
CUST-00616,Male,1,No,No,11,12,Yes,No,Fiber optic,No,Yes,Yes,Yes,Yes,One year,Yes,Electronic check,75.08,841.86,76.53,8.9078,Brazil,1,0,BRL,No,,
CUST-00617,Female,0,No,Yes,40,40,Yes,No,DSL,Yes,No,Yes,Yes,No,Two year,Yes,Mailed check,59.95,2322.61,58.07,2.58,Brazil,1,0,BRL,No,,51.5
CUST-00618,Male,0,No,No,72,72,No,No phone service,No,No internet service,No internet service,No internet service,No internet service,No internet service,One year,No,Electronic check,20.49,1403.43,19.49,1.459,Brazil,1,0,BRL,No,,
CUST-00619,Male,0,Yes,Yes,17,17,Yes,Yes,No,No internet service,,No internet service,No internet service,No internet service,Month-to-month,Yes,Electronic check,29.86,552.13,32.48,5.3984,Brazil,1,0,BRL,No,,
CUST-00620,Female,0,No,Yes,59,59,Yes,Yes,Fiber optic,Yes,No,No,No,No,Month-to-month,Yes,Mailed check,81.3,4831.82,81.9,1.6822,Brazil,1,0,BRL,Yes,,
CUST-00621,Female,0,Yes,No,25,25,Yes,No,Fiber optic,Yes,No,No,No,No,Month-to-month,Yes,Electronic check,52.98,1278.43,51.14,4.1409,Brazil,1,0,BRL,Yes,LP003,
CUST-00622,Male,0,Yes,No,5,5,Yes,No,DSL,No,Yes,No,Yes,Yes,Month-to-month,Yes,Credit card,64.24,358.58,71.72,17.8653,Brazil,1,0,BRL,No,,
CUST-00623,Female,1,No,No,35,35,Yes,No,No,No internet service,No internet service,No internet service,No internet service,No internet service,One year,Yes,Bank transfer,25.27,964.42,27.55,2.6175,Brazil,1,0,BRL,No,,
CUST-00624,Male,0,Yes,Yes,21,21,Yes,No,DSL,No,Yes,Yes,No,No,Month-to-month,Yes,Mailed check,67.73,1495.22,71.2,4.5267,Brazil,1,0,BRL,No,,36.1
CUST-00625,Female,0,Yes,No,31,31,Yes,No,DSL,Yes,No,Yes,Yes,Yes,Month-to-month,Yes,Mailed check,49.88,1626.49,52.47,3.0648,Brazil,1,0,BRL,No,,
CUST-00626,Male,0,Yes,No,66,66,Yes,No,DSL,No,No,No,No,No,One year,No,Mailed check,87.99,5835.11,88.41,1.5077,Brazil,1,0,BRL,No,LP001,34.3
CUST-00627,Female,0,No,No,17,18,Yes,No,Fiber optic,No,No,No,No,No,Two year,Yes,Electronic check,77.66,1311.34,77.14,5.9177,Brazil,1,0,BRL,Yes,,
CUST-00628,Male,0,No,No,69,69,Yes,No,Fiber optic,No,No,No,Yes,Yes,Month-to-month,Yes,Credit card,63.7,4375.18,63.41,1.4556,Brazil,1,0,BRL,No,LP003,53.4
CUST-00629,Male,0,No,Yes,41,42,Yes,No,Fiber optic,,No,No,Yes,No,Month-to-month,Yes,Credit card,75.14,3079.87,75.12,2.4389,Brazil,1,0,BRL,Yes,,
CUST-00630,Male,0,No,No,20,20,Yes,No,Fiber optic,,No,Yes,Yes,No,Month-to-month,No,Electronic check,65.63,1268.8,63.44,5.1685,Brazil,1,0,BRL,Yes,,
CUST-00631,Female,0,Yes,No,27,27,Yes,No,DSL,No,Yes,No,Yes,No,One year,No,Electronic check,66.93,1789.15,66.26,3.7388,Brazil,1,0,BRL,No,,
CUST-00632,Male,0,Yes,Yes,11,11,No,No phone service,No,No internet service,No internet service,No internet service,No internet service,No internet service,Month-to-month,No,Electronic check,24.5,333.26,30.3,7.3296,Brazil,1,0,BRL,Yes,LP001,
CUST-00633,Male,0,Yes,Yes,72,72,Yes,No,Fiber optic,Yes,No,No,Yes,No,One year,No,Bank transfer,59.94,4235.23,58.82,1.4149,Brazil,1,0,BRL,No,LP003,
CUST-00634,Female,1,Yes,Yes,33,33,Yes,No,Fiber optic,Yes,No,No,No,No,Month-to-month,Yes,Bank transfer,96.82,3118.03,94.49,3.1042,Brazil,1,1,BRL,Yes,,
CUST-00635,Female,0,No,Yes,1,1,Yes,No,Fiber optic,Yes,Yes,No,No,No,Month-to-month,Yes,Credit card,60.83,102.36,102.36,58.8526,Brazil,1,0,BRL,Yes,,
CUST-00636,Male,0,No,No,11,11,Yes,Yes,DSL,Yes,No,No,Yes,Yes,Two year,No,Bank transfer,52.89,564.28,51.3,9.3564,Brazil,1,0,BRL,No,,
CUST-00637,Male,0,Yes,No,29,29,Yes,Yes,DSL,Yes,No,No,Yes,Yes,Month-to-month,No,Mailed check,43.37,1161.45,40.05,3.7309,Brazil,1,0,BRL,No,,
CUST-00638,Female,1,Yes,Yes,1,1,Yes,No,Fiber optic,,Yes,Yes,No,Yes,Month-to-month,Yes,Bank transfer,118.15,115.08,115.08,101.7833,Brazil,1,0,BRL,Yes,,
CUST-00639,Female,1,Yes,Yes,1,1,Yes,No,DSL,Yes,Yes,Yes,No,No,Month-to-month,Yes,Bank transfer,43.28,33.07,33.07,127.0326,Brazil,1,0,BRL,No,LP002,
CUST-00640,Female,0,Yes,No,17,17,Yes,Yes,DSL,No,Yes,Yes,Yes,Yes,Month-to-month,No,Mailed check,56.12,932.49,54.85,6.0118,Brazil,1,0,BRL,Yes,,
CUST-00641,Female,1,No,No,12,11,Yes,No,No,,No internet service,No internet service,No internet service,No internet service,Month-to-month,No,Mailed check,24.6,329.49,27.46,7.4435,Brazil,1,0,BRL,Yes,,
CUST-00642,Female,0,Yes,No,17,17,Yes,Yes,Fiber optic,Yes,Yes,No,No,No,Month-to-month,Yes,Bank transfer,67.15,1074.89,63.23,6.2413,Brazil,1,0,BRL,No,,
CUST-00643,Male,0,Yes,No,9,10,Yes,Yes,Fiber optic,No,No,No,Yes,No,Month-to-month,No,Mailed check,92.24,,92.31,11.0891,Brazil,1,0,BRL,No,,
CUST-00644,Female,0,No,No,5,6,Yes,No,Fiber optic,Yes,No,No,Yes,Yes,Month-to-month,Yes,Bank transfer,63.25,305.7,61.14,20.6228,Brazil,1,0,BRL,No,,
CUST-00645,Male,0,Yes,Yes,35,35,No,No phone service,No,No internet service,No internet service,No internet service,No internet service,No internet service,One year,Yes,Bank transfer,20.9,733.39,20.95,2.8459,Brazil,1,0,BRL,No,,
CUST-00646,Male,0,No,Yes,21,21,Yes,Yes,DSL,,No,No,Yes,Yes,Two year,Yes,Bank transfer,70.24,1388.43,66.12,5.0553,Brazil,1,0,BRL,Yes,,
CUST-00647,Male,0,Yes,No,6,6,Yes,No,No,No internet service,No internet service,No internet service,No internet service,No internet service,Month-to-month,Yes,Bank transfer,27.53,139.05,23.18,19.6573,Brazil,1,0,BRL,No,,
CUST-00648,Female,0,No,No,11,11,Yes,Yes,Fiber optic,,No,No,No,No,One year,Yes,Mailed check,100.48,1106.27,100.57,9.0746,Brazil,1,0,BRL,Yes,,
CUST-00649,Male,0,No,No,26,27,Yes,No,DSL,No,,No,No,No,Month-to-month,No,Bank transfer,44.49,1183.8,45.53,3.7551,Brazil,1,0,BRL,No,,
CUST-00650,Male,0,No,No,2,1,Yes,Yes,DSL,Yes,No,No,No,Yes,Month-to-month,Yes,Mailed check,61.54,215.4,107.7,28.4381,Brazil,1,0,BRL,No,,
CUST-00651,Female,0,Yes,No,4,4,Yes,Yes,Fiber optic,No,Yes,No,Yes,No,Month-to-month,Yes,Electronic check,91.18,405.02,101.26,22.457,Brazil,1,0,BRL,No,,
CUST-00652,Male,0,No,Yes,2,2,Yes,No,Fiber optic,No,No,Yes,No,No,Month-to-month,Yes,Electronic check,81.46,185.98,92.99,43.5662,Brazil,1,0,BRL,No,,
CUST-00653,Male,0,Yes,No,50,50,Yes,No,DSL,Yes,No,No,No,Yes,Month-to-month,Yes,Mailed check,55.27,2827.07,56.54,1.9543,Brazil,1,0,BRL,No,,
CUST-00654,Female,0,Yes,Yes,41,41,Yes,Yes,Fiber optic,No,No,No,Yes,No,Month-to-month,No,Bank transfer,86.73,3540.74,86.36,2.4488,Brazil,1,0,BRL,No,,
CUST-00655,Male,1,Yes,Yes,41,41,Yes,No,Fiber optic,Yes,No,No,Yes,Yes,One year,No,Credit card,72.99,3070.29,74.89,2.3765,Brazil,1,0,BRL,No,,
CUST-00656,Male,0,Yes,No,37,37,Yes,Yes,Fiber optic,No,Yes,No,Yes,No,Two year,No,Mailed check,81.4,3067.76,82.91,2.6525,Brazil,1,0,BRL,No,LP003,
CUST-00657,Male,0,No,No,33,33,No,No phone service,No,No internet service,No internet service,No internet service,No internet service,No internet service,Month-to-month,No,Mailed check,32.68,1056.15,32.0,3.0913,Brazil,1,0,BRL,No,LP002,
CUST-00658,Female,0,No,No,19,19,Yes,Yes,No,No internet service,No internet service,No internet service,No internet service,No internet service,One year,Yes,Electronic check,21.59,506.41,26.65,4.2549,Brazil,1,0,BRL,No,LP001,
CUST-00659,Female,0,No,No,30,30,Yes,No,Fiber optic,No,No,Yes,No,No,Two year,Yes,Electronic check,49.46,1506.15,50.21,3.2817,Brazil,1,0,BRL,No,,
CUST-00660,Female,0,No,Yes,1,1,Yes,No,No,No internet service,,No internet service,No internet service,No internet service,One year,No,Bank transfer,34.87,144.52,144.52,23.9623,Brazil,1,0,BRL,No,LP001,
CUST-00661,Male,0,No,Yes,29,29,Yes,No,DSL,Yes,Yes,Yes,No,No,Month-to-month,No,Electronic check,56.72,1660.04,57.24,3.4147,Brazil,1,0,BRL,No,,72.7
CUST-00662,Male,1,Yes,No,45,45,Yes,No,DSL,Yes,No,No,Yes,No,Month-to-month,No,Bank transfer,57.3,2550.4,56.68,2.2458,Brazil,1,0,BRL,No,,50.6
CUST-00663,Female,0,Yes,No,20,20,Yes,No,Fiber optic,No,No,Yes,Yes,No,Month-to-month,No,Bank transfer,81.59,1593.42,79.67,5.1172,Brazil,1,0,BRL,No,,
CUST-00664,Male,1,No,No,13,13,Yes,No,Fiber optic,Yes,No,No,Yes,Yes,Month-to-month,No,Mailed check,54.38,689.15,53.01,7.8794,Brazil,1,0,BRL,Yes,,62.9
CUST-00665,Male,1,Yes,No,9,9,Yes,Yes,Fiber optic,No,No,No,No,Yes,One year,Yes,Credit card,90.56,786.48,87.39,11.5,Brazil,1,0,BRL,No,,
CUST-00666,Female,0,No,No,30,30,Yes,No,Fiber optic,No,No,Yes,Yes,No,Month-to-month,Yes,Mailed check,61.09,1896.27,63.21,3.2199,Brazil,1,0,BRL,Yes,,
CUST-00667,Female,1,Yes,No,35,35,Yes,No,DSL,No,Yes,No,Yes,No,Month-to-month,No,Electronic check,40.73,,40.69,2.858,Brazil,1,0,BRL,Yes,,
CUST-00668,Male,0,Yes,Yes,61,62,Yes,No,DSL,Yes,Yes,No,Yes,No,One year,No,Credit card,31.33,1830.43,30.01,1.7107,Brazil,1,0,BRL,No,,
CUST-00669,Male,0,Yes,No,12,11,Yes,No,No,No internet service,No internet service,No internet service,No internet service,No internet service,Two year,Yes,Credit card,24.76,307.77,25.65,8.0189,Brazil,1,0,BRL,No,,
CUST-00670,Male,0,Yes,No,44,44,Yes,Yes,No,No internet service,No internet service,No internet service,No internet service,No internet service,Month-to-month,Yes,Electronic check,20.58,911.8,20.72,2.2546,Brazil,1,0,BRL,No,,
CUST-00671,Female,1,Yes,Yes,24,25,Yes,No,Fiber optic,No,No,Yes,No,No,One year,Yes,Electronic check,83.63,1983.69,82.65,4.2138,Brazil,1,0,BRL,No,,
CUST-00672,Female,1,No,No,64,64,Yes,No,Fiber optic,No,No,No,No,Yes,Month-to-month,Yes,Electronic check,97.34,6243.14,97.55,1.5589,Brazil,1,0,BRL,No,,
CUST-00673,Female,0,Yes,No,22,22,Yes,Yes,Fiber optic,,,No,No,No,Month-to-month,No,Electronic check,62.97,1383.13,62.87,4.5494,Brazil,1,0,BRL,Yes,,
CUST-00674,Female,0,No,No,21,22,No,No phone service,DSL,No,,No,No,Yes,Month-to-month,Yes,Credit card,62.31,1340.2,63.82,4.6458,Brazil,1,0,BRL,No,,
CUST-00675,Male,0,Yes,Yes,25,25,Yes,No,Fiber optic,No,No,No,Yes,Yes,One year,Yes,Mailed check,113.5,2866.25,114.65,3.9585,Brazil,1,0,BRL,Yes,,
CUST-00676,Female,0,Yes,No,41,41,Yes,No,Fiber optic,Yes,Yes,Yes,Yes,Yes,Two year,Yes,Mailed check,79.87,3292.92,80.32,2.4248,Brazil,1,0,BRL,Yes,,
CUST-00677,Female,0,Yes,Yes,72,72,Yes,Yes,Fiber optic,No,No,Yes,No,No,Month-to-month,No,Credit card,89.83,6402.82,88.93,1.4028,Brazil,1,0,BRL,Yes,LP002,49.7
CUST-00678,Female,0,No,No,2,2,No,No phone service,DSL,No,No,No,Yes,No,Month-to-month,Yes,Mailed check,50.57,207.09,103.54,24.302,Brazil,1,0,BRL,Yes,,
CUST-00679,Female,0,Yes,Yes,1,1,Yes,Yes,No,No internet service,No internet service,No internet service,No internet service,No internet service,Month-to-month,Yes,Electronic check,22.05,0.0,0.0,2205.0,Brazil,1,0,BRL,Yes,,
CUST-00680,Female,0,No,Yes,72,72,Yes,No,No,No internet service,No internet service,No internet service,No internet service,No internet service,Month-to-month,Yes,Credit card,28.5,2045.56,28.41,1.3926,Brazil,1,0,BRL,No,,55.4
CUST-00681,Male,1,Yes,No,22,22,Yes,No,DSL,No,No,Yes,Yes,Yes,Month-to-month,Yes,Credit card,74.49,1584.06,72.0,4.6995,Brazil,1,0,BRL,No,,
CUST-00682,Male,0,No,No,28,28,Yes,No,Fiber optic,No,No,Yes,No,No,Month-to-month,Yes,Credit card,79.35,2241.62,80.06,3.5383,Brazil,1,0,BRL,Yes,LP001,
CUST-00683,Female,0,Yes,Yes,19,20,Yes,Yes,No,No internet service,No internet service,No internet service,No internet service,No internet service,Two year,Yes,Mailed check,24.21,466.91,24.57,5.1741,Brazil,1,0,BRL,No,,
CUST-00684,Male,0,No,Yes,2,3,Yes,No,DSL,Yes,Yes,Yes,Yes,No,One year,No,Bank transfer,66.09,123.74,61.87,52.9822,Brazil,1,0,BRL,No,,
CUST-00685,Female,1,No,No,43,43,Yes,No,Fiber optic,Yes,,No,Yes,Yes,Month-to-month,Yes,Electronic check,102.48,4482.53,104.24,2.2857,Brazil,1,0,BRL,Yes,,
CUST-00686,Female,1,No,No,41,40,No,No phone service,Fiber optic,Yes,Yes,No,No,No,Month-to-month,Yes,Bank transfer,49.56,2087.38,50.91,2.3731,Brazil,1,0,BRL,Yes,,53.4
CUST-00687,Male,0,Yes,No,11,11,Yes,No,Fiber optic,No,No,Yes,Yes,No,Month-to-month,No,Credit card,100.19,1085.73,98.7,9.2194,Brazil,1,0,BRL,No,,
CUST-00688,Male,0,Yes,Yes,10,10,Yes,No,No,,No internet service,No internet service,No internet service,No internet service,Month-to-month,Yes,Electronic check,26.69,307.11,30.71,8.6625,Brazil,1,0,BRL,Yes,,43.3
CUST-00689,Female,0,Yes,No,54,54,No,No phone service,Fiber optic,Yes,No,No,Yes,No,Two year,No,Credit card,78.08,4294.55,79.53,1.8177,Brazil,1,0,BRL,No,LP002,67.1
CUST-00690,Female,0,No,Yes,2,1,Yes,Yes,DSL,No,No,No,No,No,Two year,Yes,Mailed check,50.3,,77.83,32.1057,Brazil,1,0,BRL,No,,47.7
CUST-00691,Female,0,No,Yes,63,63,Yes,Yes,DSL,No,Yes,No,No,No,Month-to-month,Yes,Electronic check,45.03,2830.08,44.92,1.5906,Brazil,1,0,BRL,No,,
CUST-00692,Male,0,No,No,8,8,Yes,No,DSL,Yes,,No,No,No,Month-to-month,No,Bank transfer,38.94,232.0,29.0,16.7124,Brazil,1,0,BRL,No,LP002,
CUST-00693,Female,0,Yes,No,26,26,Yes,Yes,Fiber optic,No,No,No,Yes,No,Two year,No,Electronic check,75.88,1989.11,76.5,3.8129,Brazil,1,0,BRL,No,,
CUST-00694,Female,0,Yes,No,72,72,Yes,Yes,Fiber optic,,No,Yes,Yes,Yes,Month-to-month,Yes,Bank transfer,120.0,8673.43,120.46,1.3834,Brazil,1,0,BRL,Yes,LP002,
CUST-00695,Female,0,Yes,No,34,34,Yes,No,DSL,No,No,Yes,Yes,No,One year,Yes,Electronic check,64.29,2147.38,63.16,2.9925,Brazil,1,0,BRL,No,,
CUST-00696,Male,0,No,No,16,16,Yes,Yes,Fiber optic,No,No,No,No,No,Month-to-month,Yes,Credit card,62.58,1002.41,62.65,6.2367,Brazil,1,0,BRL,No,,
CUST-00697,Female,0,No,No,35,35,Yes,No,Fiber optic,No,No,No,No,Yes,One year,No,Electronic check,85.35,2983.11,85.23,2.8601,Brazil,1,0,BRL,No,LP002,
CUST-00698,Female,1,No,No,12,12,Yes,No,DSL,Yes,No,No,Yes,No,Month-to-month,No,Electronic check,51.68,689.55,57.46,7.4839,Brazil,1,0,BRL,No,,
CUST-00699,Male,0,Yes,Yes,9,8,Yes,No,Fiber optic,No,Yes,No,No,No,Two year,Yes,Electronic check,77.15,787.04,87.45,9.7901,Brazil,1,0,BRL,No,,
CUST-00700,Female,1,No,Yes,72,72,Yes,No,Fiber optic,,No,No,No,No,Two year,Yes,Credit card,59.94,4374.44,60.76,1.3699,Brazil,1,0,BRL,No,,
CUST-00701,Female,0,No,No,41,41,Yes,Yes,Fiber optic,No,Yes,Yes,No,No,Month-to-month,Yes,Bank transfer,88.92,3641.44,88.82,2.4412,Brazil,1,0,BRL,No,LP003,
CUST-00702,Male,0,Yes,No,31,31,Yes,Yes,DSL,,No,No,No,No,One year,Yes,Bank transfer,66.2,2109.59,68.05,3.1366,Brazil,1,0,BRL,No,,
CUST-00703,Female,0,No,Yes,13,13,Yes,No,Fiber optic,No,Yes,No,Yes,No,Two year,Yes,Mailed check,63.32,855.6,65.82,7.392,Brazil,1,0,BRL,No,LP002,
CUST-00704,Male,0,No,No,1,1,Yes,Yes,No,No internet service,No internet service,No internet service,No internet service,No internet service,Month-to-month,Yes,Mailed check,23.29,19.55,19.55,113.3333,Brazil,1,1,BRL,Yes,,
CUST-00705,Male,0,No,Yes,1,2,Yes,No,Fiber optic,No,No,No,No,No,Month-to-month,No,Electronic check,110.44,215.06,215.06,51.1154,Brazil,1,0,BRL,Yes,,
CUST-00706,Female,0,No,No,24,23,Yes,No,Fiber optic,No,Yes,No,Yes,No,Month-to-month,No,Mailed check,90.96,2146.14,89.42,4.2363,Brazil,1,0,BRL,Yes,,
CUST-00707,Female,0,Yes,Yes,43,43,Yes,Yes,Fiber optic,,No,Yes,No,No,Month-to-month,No,Electronic check,55.37,2411.11,56.07,2.2955,Brazil,1,0,BRL,Yes,LP003,38.0
CUST-00708,Female,0,Yes,No,23,23,Yes,No,DSL,No,Yes,No,No,No,Month-to-month,Yes,Credit card,54.68,,56.51,4.2041,Brazil,1,0,BRL,No,LP001,
CUST-00709,Female,0,No,No,55,56,Yes,Yes,Fiber optic,No,Yes,Yes,Yes,Yes,One year,No,Credit card,85.64,4695.83,85.38,1.8234,Brazil,1,0,BRL,No,,
CUST-00710,Male,0,Yes,Yes,1,1,Yes,Yes,DSL,No,No,No,No,No,Month-to-month,No,Mailed check,51.89,79.85,79.85,64.1806,Brazil,1,0,BRL,Yes,,
CUST-00711,Female,0,No,No,13,14,No,No phone service,DSL,No,No,Yes,No,Yes,Two year,Yes,Electronic check,49.16,686.35,52.8,7.1521,Brazil,1,0,BRL,No,,
CUST-00712,Male,0,No,No,8,7,Yes,No,Fiber optic,No,No,Yes,Yes,No,Month-to-month,No,Bank transfer,76.48,624.07,78.01,12.2354,Brazil,1,0,BRL,Yes,,
CUST-00713,Female,0,No,No,17,18,Yes,No,DSL,Yes,No,Yes,Yes,No,Month-to-month,Yes,Electronic check,30.75,546.37,32.14,5.6178,Brazil,1,0,BRL,No,,
CUST-00714,Female,0,No,No,2,2,Yes,Yes,Fiber optic,No,,No,No,No,Month-to-month,Yes,Electronic check,88.13,181.53,90.76,48.2825,Brazil,1,0,BRL,Yes,,
CUST-00715,Female,1,Yes,No,72,72,Yes,Yes,DSL,Yes,No,No,Yes,No,Month-to-month,Yes,Electronic check,47.62,3468.52,48.17,1.3725,Brazil,1,0,BRL,No,,
CUST-00716,Male,0,Yes,Yes,7,7,Yes,Yes,DSL,Yes,No,Yes,No,Yes,Month-to-month,Yes,Mailed check,53.08,360.11,51.44,14.6991,Brazil,1,0,BRL,No,,
CUST-00717,Female,0,Yes,No,72,72,Yes,Yes,No,No internet service,No internet service,No internet service,No internet service,No internet service,Month-to-month,No,Bank transfer,27.98,,27.76,1.399,Brazil,1,0,BRL,No,,
CUST-00718,Female,1,Yes,Yes,16,16,Yes,Yes,No,No internet service,No internet service,No internet service,No internet service,No internet service,Month-to-month,Yes,Electronic check,28.52,457.35,28.58,6.2223,Brazil,1,0,BRL,Yes,,39.2
CUST-00719,Female,0,Yes,Yes,72,71,Yes,No,DSL,No,,No,Yes,No,One year,Yes,Electronic check,84.0,6107.18,84.82,1.3752,Brazil,1,0,BRL,No,,
CUST-00720,Female,0,Yes,Yes,24,23,Yes,No,Fiber optic,No,No,Yes,No,Yes,Two year,Yes,Mailed check,92.7,2137.43,89.06,4.335,Brazil,1,0,BRL,No,,
CUST-00721,Male,0,No,No,72,72,Yes,Yes,DSL,Yes,Yes,Yes,No,Yes,Month-to-month,No,Bank transfer,52.64,3744.61,52.01,1.4054,Brazil,1,0,BRL,No,,
CUST-00722,Female,0,No,No,1,1,Yes,Yes,Fiber optic,Yes,Yes,Yes,No,No,One year,Yes,Electronic check,82.68,196.47,196.47,41.8697,Brazil,1,0,BRL,Yes,,
CUST-00723,Male,0,Yes,Yes,41,41,Yes,No,Fiber optic,No,No,No,Yes,Yes,One year,Yes,Electronic check,63.66,2623.82,64.0,2.4253,Brazil,1,0,BRL,No,,
CUST-00724,Male,0,Yes,Yes,70,69,No,No phone service,DSL,No,Yes,No,No,No,Month-to-month,Yes,Credit card,28.39,1966.95,28.1,1.4426,Brazil,1,0,BRL,No,,
CUST-00725,Male,0,No,No,4,4,Yes,No,Fiber optic,No,No,Yes,Yes,No,Two year,Yes,Credit card,82.13,368.26,92.06,22.2418,Brazil,1,0,BRL,No,,
CUST-00726,Male,0,Yes,Yes,3,3,Yes,Yes,DSL,,No,Yes,Yes,No,Two year,Yes,Credit card,23.64,31.67,10.56,72.36,Brazil,1,0,BRL,Yes,LP003,
CUST-00727,Male,1,Yes,Yes,16,16,Yes,Yes,DSL,No,,Yes,Yes,Yes,Month-to-month,No,Credit card,71.18,1033.74,64.61,6.879,Brazil,1,0,BRL,Yes,LP002,
CUST-00728,Male,0,Yes,Yes,72,72,Yes,No,Fiber optic,No,Yes,Yes,Yes,Yes,Month-to-month,Yes,Electronic check,68.48,4948.3,68.73,1.3836,Brazil,1,0,BRL,Yes,,
CUST-00729,Female,0,No,No,23,23,Yes,No,Fiber optic,Yes,No,No,Yes,No,Month-to-month,Yes,Electronic check,53.19,1186.83,51.6,4.4779,Brazil,1,0,BRL,No,,
CUST-00730,Male,0,Yes,No,22,23,Yes,No,Fiber optic,No,No,No,Yes,No,Month-to-month,No,Mailed check,60.69,1340.25,60.92,4.5249,Brazil,1,0,BRL,Yes,LP003,
CUST-00731,Male,0,No,No,4,4,Yes,No,Fiber optic,No,Yes,No,Yes,Yes,One year,Yes,Electronic check,101.11,420.91,105.23,23.9648,Brazil,1,0,BRL,Yes,,
CUST-00732,Male,0,Yes,No,1,1,No,No phone service,Fiber optic,No,No,Yes,No,Yes,Month-to-month,Yes,Credit card,66.67,73.78,73.78,89.1549,Brazil,1,0,BRL,No,,
CUST-00733,Female,0,No,No,49,49,Yes,No,Fiber optic,No,,No,Yes,Yes,Two year,Yes,Bank transfer,71.16,3401.39,69.42,2.0915,Brazil,1,0,BRL,No,,
CUST-00734,Female,0,Yes,No,2,1,Yes,No,Fiber optic,No,No,Yes,No,No,One year,Yes,Bank transfer,73.75,148.81,74.4,49.229,Brazil,1,0,BRL,No,,
CUST-00735,Male,1,Yes,No,30,30,Yes,No,Fiber optic,No,No,Yes,No,No,One year,No,Electronic check,67.61,2050.53,68.35,3.2956,Brazil,1,0,BRL,Yes,,57.2
CUST-00736,Female,0,No,No,72,72,Yes,No,Fiber optic,Yes,No,No,Yes,Yes,One year,No,Credit card,66.14,4692.08,65.17,1.4093,Brazil,1,0,BRL,No,,
CUST-00737,Male,0,No,Yes,7,7,Yes,No,Fiber optic,No,No,Yes,No,No,Month-to-month,No,Credit card,62.58,362.1,51.73,17.2349,Brazil,1,0,BRL,Yes,,
CUST-00738,Male,0,No,Yes,32,32,Yes,Yes,Fiber optic,Yes,No,No,No,No,Month-to-month,No,Electronic check,108.01,,106.34,3.1732,Brazil,1,0,BRL,Yes,LP002,
CUST-00739,Female,0,No,No,2,1,Yes,Yes,Fiber optic,Yes,No,No,Yes,No,One year,Yes,Credit card,93.6,224.54,112.27,41.5004,Brazil,1,0,BRL,No,LP002,
CUST-00740,Male,0,No,No,27,26,Yes,Yes,Fiber optic,Yes,No,Yes,No,No,Month-to-month,Yes,Electronic check,104.96,2734.0,101.26,3.8377,Brazil,1,0,BRL,Yes,,
CUST-00741,Female,0,No,No,5,6,Yes,Yes,Fiber optic,Yes,Yes,No,No,No,Month-to-month,Yes,Electronic check,108.99,586.44,117.29,18.5534,Brazil,1,0,BRL,Yes,,
CUST-00742,Female,0,No,No,39,38,No,No phone service,Fiber optic,No,Yes,Yes,No,No,Two year,Yes,Bank transfer,33.0,1306.6,33.5,2.5237,Brazil,1,0,BRL,No,,
CUST-00743,Male,0,Yes,No,10,10,Yes,No,Fiber optic,No,Yes,Yes,No,No,One year,No,Bank transfer,86.87,855.82,85.58,10.1387,Brazil,1,0,BRL,Yes,,
CUST-00744,Male,0,Yes,Yes,18,18,Yes,Yes,No,No internet service,,No internet service,No internet service,No internet service,Month-to-month,No,Electronic check,32.01,502.15,27.9,6.3619,Brazil,1,0,BRL,No,,
CUST-00745,Female,0,Yes,No,27,27,Yes,Yes,Fiber optic,No,Yes,No,Yes,No,One year,Yes,Electronic check,102.34,2723.36,100.87,3.7565,Brazil,1,0,BRL,No,LP003,
CUST-00746,Male,0,No,No,5,6,Yes,No,No,No internet service,No internet service,No internet service,No internet service,No internet service,Two year,Yes,Credit card,28.26,180.4,36.08,15.5788,Brazil,1,0,BRL,No,,
CUST-00747,Male,0,Yes,No,40,40,Yes,Yes,Fiber optic,No,No,No,No,Yes,Month-to-month,Yes,Bank transfer,58.92,2419.64,60.49,2.4341,Brazil,1,0,BRL,No,,
CUST-00748,Male,0,Yes,No,10,10,Yes,Yes,No,No internet service,No internet service,No internet service,No internet service,No internet service,Month-to-month,Yes,Bank transfer,22.02,168.63,16.86,12.9812,Brazil,1,0,BRL,No,,
CUST-00749,Female,0,No,No,32,32,Yes,Yes,Fiber optic,Yes,No,Yes,No,Yes,Two year,Yes,Electronic check,73.95,2423.49,75.73,3.0501,Brazil,1,0,BRL,Yes,,
CUST-00750,Female,0,No,Yes,5,5,Yes,No,No,No internet service,No internet service,No internet service,No internet service,No internet service,Month-to-month,Yes,Electronic check,18.0,124.29,24.86,14.3667,Brazil,1,0,BRL,No,,
CUST-00751,Male,0,No,No,34,34,Yes,Yes,DSL,No,Yes,No,Yes,Yes,Month-to-month,No,Electronic check,68.94,2343.62,68.93,2.9403,Brazil,1,0,BRL,No,,
CUST-00752,Female,0,Yes,Yes,4,4,Yes,No,DSL,No,,No,No,No,Month-to-month,No,Electronic check,60.18,203.83,50.96,29.3805,Brazil,1,0,BRL,Yes,,
CUST-00753,Female,0,No,No,16,16,Yes,Yes,Fiber optic,Yes,No,Yes,No,No,Two year,Yes,Electronic check,120.0,1890.93,118.18,6.3427,Brazil,1,0,BRL,Yes,,
CUST-00754,Female,1,Yes,No,8,7,No,No phone service,No,No internet service,No internet service,No internet service,No internet service,No internet service,Month-to-month,Yes,Electronic check,19.77,249.31,31.16,7.8982,Brazil,1,0,BRL,Yes,,
CUST-00755,Female,0,Yes,No,41,41,Yes,Yes,Fiber optic,,Yes,Yes,Yes,Yes,Month-to-month,Yes,Bank transfer,95.55,3926.47,95.77,2.4329,Brazil,1,0,BRL,No,,
CUST-00756,Female,1,Yes,No,9,9,Yes,No,DSL,,Yes,No,Yes,No,Month-to-month,No,Electronic check,68.61,683.98,76.0,10.0164,Brazil,1,0,BRL,No,,
CUST-00757,Male,0,Yes,No,64,63,Yes,No,Fiber optic,No,Yes,No,Yes,Yes,Two year,No,Credit card,47.2,3032.88,47.39,1.5558,Brazil,1,0,BRL,No,,
CUST-00758,Male,0,Yes,No,66,66,Yes,Yes,Fiber optic,Yes,Yes,No,No,Yes,Month-to-month,No,Electronic check,61.77,4054.19,61.43,1.5232,Brazil,1,0,BRL,No,,
CUST-00759,Male,0,No,No,6,5,Yes,Yes,DSL,No,Yes,Yes,No,Yes,One year,Yes,Mailed check,55.38,361.48,60.25,15.2781,Brazil,1,0,BRL,No,,
CUST-00760,Female,0,Yes,No,28,28,Yes,No,Fiber optic,,Yes,No,No,No,Two year,No,Electronic check,63.79,1894.01,67.64,3.3662,Brazil,1,0,BRL,Yes,,
CUST-00761,Female,1,No,No,2,1,Yes,No,No,No internet service,No internet service,No internet service,No internet service,No internet service,Month-to-month,Yes,Mailed check,24.9,17.59,8.8,133.943,Brazil,1,0,BRL,Yes,,
CUST-00762,Male,0,No,No,14,15,Yes,Yes,No,No internet service,No internet service,No internet service,No internet service,No internet service,Two year,Yes,Electronic check,21.35,344.59,24.61,6.1778,Brazil,1,0,BRL,No,,
CUST-00763,Female,0,Yes,Yes,37,37,Yes,No,DSL,No,Yes,No,Yes,No,Two year,Yes,Credit card,64.83,2408.24,65.09,2.6909,Brazil,1,0,BRL,No,,
CUST-00764,Male,0,No,No,32,32,Yes,Yes,DSL,No,Yes,No,No,No,Two year,Yes,Credit card,40.22,1214.56,37.96,3.3088,Brazil,1,1,BRL,No,,
CUST-00765,Male,0,Yes,No,29,29,Yes,Yes,Fiber optic,No,No,Yes,No,No,Month-to-month,No,Mailed check,98.29,2776.82,95.75,3.5384,Brazil,1,0,BRL,No,,
CUST-00766,Male,0,No,Yes,9,9,Yes,Yes,Fiber optic,No,No,Yes,Yes,No,One year,Yes,Electronic check,94.59,828.71,92.08,11.4004,Brazil,1,0,BRL,Yes,,
CUST-00767,Female,0,Yes,Yes,14,14,Yes,No,DSL,No,No,No,Yes,No,Two year,Yes,Bank transfer,69.86,995.41,71.1,7.0112,Brazil,1,0,BRL,No,,
CUST-00768,Female,0,Yes,Yes,3,3,Yes,Yes,Fiber optic,No,No,No,Yes,No,Two year,Yes,Bank transfer,100.2,344.52,114.84,28.9998,Brazil,1,0,BRL,No,,
CUST-00769,Male,0,Yes,No,38,37,Yes,No,Fiber optic,No,Yes,Yes,Yes,Yes,Month-to-month,Yes,Electronic check,88.12,3270.01,86.05,2.694,Brazil,1,0,BRL,Yes,LP003,
CUST-00770,Male,0,No,No,21,20,Yes,No,No,No internet service,No internet service,No internet service,No internet service,No internet service,Two year,Yes,Mailed check,27.82,616.85,29.37,4.5027,Brazil,1,0,BRL,No,,
CUST-00771,Male,0,No,No,37,37,Yes,No,No,No internet service,,No internet service,No internet service,No internet service,Month-to-month,Yes,Credit card,26.76,984.2,26.6,2.7162,Brazil,1,0,BRL,No,,
CUST-00772,Male,1,Yes,Yes,8,8,Yes,Yes,DSL,No,No,Yes,No,Yes,Month-to-month,Yes,Bank transfer,49.77,398.33,49.79,12.4634,Brazil,1,0,BRL,No,LP002,
CUST-00773,Female,1,No,No,11,12,Yes,Yes,No,No internet service,No internet service,No internet service,No internet service,No internet service,Month-to-month,Yes,Credit card,29.87,358.0,32.55,8.3203,Brazil,1,0,BRL,No,,
CUST-00774,Female,0,No,Yes,12,12,No,No phone service,Fiber optic,Yes,No,No,No,No,Two year,No,Credit card,66.21,881.83,73.49,7.4997,Brazil,1,0,BRL,No,,
CUST-00775,Male,0,No,No,1,1,Yes,No,Fiber optic,No,Yes,Yes,Yes,No,Month-to-month,Yes,Credit card,73.48,88.66,88.66,81.954,Brazil,1,0,BRL,Yes,,
CUST-00776,Male,0,No,No,12,13,No,No phone service,Fiber optic,No,No,No,Yes,Yes,Month-to-month,Yes,Mailed check,66.88,734.72,61.23,9.0904,Brazil,1,0,BRL,No,,
CUST-00777,Female,0,No,Yes,48,49,Yes,Yes,Fiber optic,No,Yes,No,No,No,Two year,Yes,Mailed check,88.28,4228.09,88.09,2.0874,Brazil,1,0,BRL,No,,48.8
CUST-00778,Female,0,No,No,68,68,Yes,Yes,DSL,Yes,No,No,No,No,Month-to-month,No,Credit card,60.33,4145.05,60.96,1.4551,Brazil,1,0,BRL,Yes,,
CUST-00779,Male,1,No,Yes,21,21,No,No phone service,Fiber optic,Yes,No,No,Yes,Yes,One year,No,Bank transfer,86.19,1854.24,88.3,4.6458,Brazil,1,0,BRL,No,,47.9
CUST-00780,Male,0,Yes,No,18,18,Yes,Yes,DSL,No,No,No,No,No,Month-to-month,Yes,Credit card,32.8,623.69,34.65,5.2506,Brazil,1,0,BRL,No,,46.7
CUST-00781,Male,1,Yes,No,1,1,Yes,No,Fiber optic,No,,Yes,No,No,Month-to-month,Yes,Electronic check,103.91,78.41,78.41,130.8525,Brazil,1,0,BRL,No,,
CUST-00782,Female,0,Yes,No,63,63,Yes,No,DSL,No,No,Yes,No,Yes,One year,No,Mailed check,68.04,4218.13,66.95,1.6127,Brazil,1,0,BRL,No,,
CUST-00783,Female,0,No,Yes,1,2,Yes,Yes,DSL,No,No,No,No,No,Two year,No,Electronic check,27.18,56.66,56.66,47.1384,Brazil,1,0,BRL,No,,
CUST-00784,Female,0,No,Yes,72,72,Yes,Yes,Fiber optic,,Yes,Yes,No,Yes,Month-to-month,No,Electronic check,90.33,6443.05,89.49,1.4018,Brazil,1,0,BRL,No,,
CUST-00785,Male,1,Yes,No,20,20,Yes,Yes,Fiber optic,No,No,No,No,Yes,Two year,No,Electronic check,102.59,2086.45,104.32,4.9146,Brazil,1,0,BRL,Yes,,
CUST-00786,Male,0,No,Yes,12,11,Yes,Yes,Fiber optic,No,No,Yes,Yes,No,Month-to-month,No,Bank transfer,112.29,1382.14,115.18,8.1185,Brazil,1,0,BRL,Yes,,
CUST-00787,Female,0,Yes,No,72,72,Yes,No,DSL,No,No,No,No,No,Month-to-month,Yes,Electronic check,18.0,1272.62,17.68,1.4133,Brazil,1,0,BRL,No,,56.8
CUST-00788,Female,0,Yes,No,1,1,Yes,Yes,No,No internet service,No internet service,No internet service,No internet service,No internet service,Month-to-month,Yes,Bank transfer,29.21,23.59,23.59,118.7881,Brazil,1,0,BRL,Yes,LP003,47.9
CUST-00789,Male,0,No,Yes,26,26,No,No phone service,Fiber optic,No,No,Yes,No,No,Month-to-month,No,Bank transfer,81.95,2140.63,82.33,3.8265,Brazil,1,0,BRL,Yes,,
CUST-00790,Female,0,Yes,Yes,23,23,Yes,No,DSL,No,Yes,No,No,No,Month-to-month,No,Electronic check,42.89,955.73,41.55,4.483,Brazil,1,0,BRL,No,,
CUST-00791,Female,0,Yes,No,7,7,Yes,No,Fiber optic,,,No,No,Yes,Month-to-month,Yes,Electronic check,69.92,420.36,60.05,16.5939,Brazil,1,0,BRL,No,,54.6
CUST-00792,Male,0,No,No,16,16,Yes,Yes,Fiber optic,Yes,No,No,Yes,No,Month-to-month,No,Bank transfer,98.04,1566.68,97.92,6.2538,Brazil,1,0,BRL,No,,
CUST-00793,Female,0,No,No,31,31,Yes,No,DSL,No,No,No,Yes,No,Month-to-month,Yes,Bank transfer,37.94,1179.39,38.04,3.2142,Brazil,1,0,BRL,No,,
CUST-00794,Male,0,Yes,No,38,38,Yes,No,Fiber optic,No,Yes,Yes,No,No,Month-to-month,Yes,Credit card,112.3,4335.45,114.09,2.5897,Brazil,1,0,BRL,No,LP002,
CUST-00795,Male,0,No,No,1,1,Yes,Yes,No,No internet service,,No internet service,No internet service,No internet service,One year,No,Credit card,28.09,0.0,0.0,2809.0,Brazil,1,0,BRL,No,,
CUST-00796,Male,0,No,Yes,72,72,Yes,No,Fiber optic,Yes,,No,No,No,Two year,Yes,Credit card,120.0,8693.42,120.74,1.3802,Brazil,1,0,BRL,No,,
CUST-00797,Male,0,Yes,No,5,5,Yes,No,DSL,No,No,Yes,No,Yes,One year,Yes,Bank transfer,71.01,297.7,59.54,23.773,Brazil,1,0,BRL,No,,
CUST-00798,Male,0,Yes,No,7,7,Yes,Yes,No,No internet service,No internet service,No internet service,No internet service,No internet service,Month-to-month,Yes,Credit card,28.34,131.15,18.74,21.4453,Brazil,1,0,BRL,No,,
CUST-00799,Male,0,No,Yes,9,9,Yes,No,Fiber optic,No,,No,No,No,Two year,Yes,Credit card,72.96,641.6,71.29,11.3539,Brazil,1,0,BRL,No,,
CUST-00800,Male,1,Yes,Yes,1,1,Yes,No,No,No internet service,No internet service,No internet service,No internet service,No internet service,Two year,Yes,Credit card,23.91,0.0,0.0,2391.0,Brazil,1,0,BRL,No,,
CUST-00801,Female,0,No,Yes,3,3,Yes,No,DSL,No,No,No,No,No,Month-to-month,Yes,Electronic check,78.27,166.88,55.63,46.6226,Brazil,1,0,BRL,No,,
CUST-00802,Male,0,No,Yes,72,72,Yes,Yes,Fiber optic,No,Yes,No,Yes,Yes,Month-to-month,Yes,Credit card,57.89,4265.3,59.24,1.3569,Brazil,1,0,BRL,No,,
CUST-00803,Male,0,No,No,11,11,Yes,Yes,Fiber optic,,No,No,Yes,Yes,One year,No,Mailed check,66.48,708.7,64.43,9.3673,Brazil,1,0,BRL,No,LP003,
CUST-00804,Female,0,Yes,No,3,4,Yes,No,DSL,Yes,Yes,No,Yes,Yes,One year,No,Credit card,46.43,254.86,84.95,18.1466,Brazil,1,0,BRL,No,,
CUST-00805,Female,0,No,Yes,3,3,Yes,No,Fiber optic,Yes,No,No,Yes,No,Two year,Yes,Electronic check,94.9,234.96,78.32,40.2187,Brazil,1,0,BRL,No,,40.1
CUST-00806,Female,0,Yes,No,38,39,Yes,Yes,Fiber optic,Yes,No,No,Yes,No,One year,No,Mailed check,52.16,1896.65,49.91,2.7487,Brazil,1,0,BRL,No,,37.6
CUST-00807,Male,0,Yes,No,57,58,Yes,No,DSL,Yes,Yes,Yes,Yes,Yes,One year,Yes,Electronic check,67.0,,68.13,1.7248,Brazil,1,0,BRL,No,,
CUST-00808,Female,0,Yes,No,8,8,Yes,Yes,Fiber optic,,Yes,No,Yes,No,Two year,Yes,Electronic check,82.58,,78.04,13.2062,Brazil,1,0,BRL,No,,
CUST-00809,Male,0,Yes,No,1,1,Yes,Yes,Fiber optic,Yes,Yes,No,Yes,Yes,Month-to-month,Yes,Electronic check,61.65,68.59,68.59,88.5903,Brazil,1,0,BRL,Yes,,
CUST-00810,Male,0,No,Yes,7,8,Yes,No,DSL,Yes,No,No,No,No,Month-to-month,No,Credit card,46.23,255.83,36.55,18.0002,Brazil,1,0,BRL,No,,
CUST-00811,Male,0,Yes,No,1,2,Yes,Yes,No,No internet service,No internet service,No internet service,No internet service,No internet service,Two year,No,Electronic check,21.75,19.84,19.84,104.3666,Brazil,1,0,BRL,No,LP001,
CUST-00812,Male,0,Yes,No,3,3,Yes,Yes,No,No internet service,No internet service,No internet service,No internet service,No internet service,Month-to-month,Yes,Electronic check,27.1,12.72,4.24,197.5219,Brazil,1,0,BRL,No,,
CUST-00813,Female,0,No,Yes,16,16,Yes,Yes,DSL,Yes,,Yes,No,No,Two year,Yes,Electronic check,35.49,564.14,35.26,6.2799,Brazil,1,0,BRL,No,,
CUST-00814,Female,0,Yes,Yes,7,7,Yes,No,Fiber optic,No,Yes,No,No,Yes,Two year,Yes,Bank transfer,54.22,355.84,50.83,15.1945,Brazil,1,0,BRL,No,LP001,
CUST-00815,Male,1,No,Yes,21,22,Yes,Yes,DSL,No,No,No,No,No,One year,Yes,Electronic check,42.69,908.0,43.24,4.6964,Brazil,1,0,BRL,No,,
CUST-00816,Male,0,Yes,Yes,8,9,Yes,No,Fiber optic,Yes,Yes,No,Yes,Yes,One year,Yes,Electronic check,68.52,579.44,72.43,11.8048,Brazil,1,0,BRL,No,,46.2
CUST-00817,Male,0,No,No,72,72,No,No phone service,No,No internet service,No internet service,No internet service,No internet service,No internet service,Month-to-month,Yes,Mailed check,29.64,2146.13,29.81,1.3804,Brazil,1,0,BRL,No,,
CUST-00818,Female,0,No,No,70,70,Yes,No,Fiber optic,No,,No,No,Yes,Month-to-month,No,Bank transfer,70.08,4928.15,70.4,1.4217,Brazil,1,0,BRL,Yes,,
CUST-00819,Male,0,Yes,No,25,26,Yes,Yes,No,No internet service,No internet service,No internet service,No internet service,No internet service,Month-to-month,Yes,Electronic check,18.7,462.05,18.48,4.0384,Brazil,1,0,BRL,No,,
CUST-00820,Male,0,Yes,No,13,12,Yes,No,Fiber optic,Yes,No,Yes,No,No,One year,No,Electronic check,74.23,943.22,72.56,7.8615,Brazil,1,0,BRL,No,LP003,
CUST-00821,Female,0,Yes,No,14,13,Yes,Yes,Fiber optic,,,No,No,No,One year,No,Electronic check,66.85,959.41,68.53,6.9606,Brazil,1,0,BRL,No,LP002,
CUST-00822,Female,0,No,No,15,15,Yes,No,No,No internet service,No internet service,No internet service,No internet service,No internet service,One year,Yes,Credit card,20.67,304.48,20.3,6.7664,Brazil,1,0,BRL,No,LP002,
CUST-00823,Male,0,Yes,No,39,40,Yes,No,Fiber optic,Yes,No,Yes,No,Yes,Month-to-month,No,Mailed check,97.97,3817.16,97.88,2.5659,Brazil,1,0,BRL,Yes,,
CUST-00824,Female,0,Yes,Yes,18,18,Yes,Yes,Fiber optic,Yes,,No,No,Yes,Month-to-month,No,Bank transfer,82.2,1499.49,83.3,5.4782,Brazil,1,0,BRL,No,,62.5
CUST-00825,Female,0,Yes,No,58,58,Yes,No,Fiber optic,Yes,No,No,No,Yes,Two year,Yes,Electronic check,100.49,5776.76,99.6,1.7393,Brazil,1,0,BRL,No,,
CUST-00826,Male,0,Yes,No,72,72,Yes,Yes,DSL,No,No,Yes,No,No,Month-to-month,Yes,Mailed check,38.31,2829.8,39.3,1.3533,Brazil,1,0,BRL,No,LP001,45.5
CUST-00827,Female,1,No,Yes,12,12,Yes,Yes,DSL,No,No,No,Yes,Yes,Month-to-month,No,Electronic check,33.03,383.89,31.99,8.5817,Brazil,1,0,BRL,No,,
CUST-00828,Male,0,No,No,24,25,Yes,Yes,No,No internet service,No internet service,No internet service,No internet service,No internet service,Two year,Yes,Electronic check,25.2,611.01,25.46,4.1176,Brazil,1,0,BRL,No,,52.7
CUST-00829,Female,0,Yes,No,2,2,Yes,No,Fiber optic,Yes,No,Yes,Yes,No,One year,Yes,Mailed check,94.71,187.19,93.6,50.3268,Brazil,1,0,BRL,No,,
CUST-00830,Male,1,Yes,No,6,6,Yes,Yes,No,No internet service,No internet service,No internet service,No internet service,No internet service,Month-to-month,Yes,Mailed check,20.87,157.86,26.31,13.1374,Brazil,1,0,BRL,No,LP001,
CUST-00831,Male,0,No,No,16,15,Yes,Yes,DSL,Yes,,No,Yes,No,Two year,No,Electronic check,74.22,1204.48,75.28,6.1569,Brazil,1,0,BRL,No,,
CUST-00832,Male,0,No,No,6,6,Yes,Yes,Fiber optic,No,No,No,No,Yes,Month-to-month,No,Bank transfer,58.75,350.0,58.33,16.7379,Brazil,1,0,BRL,No,LP001,58.0
CUST-00833,Female,0,Yes,No,62,61,Yes,No,No,No internet service,No internet service,No internet service,No internet service,No internet service,Two year,No,Credit card,28.91,1864.86,30.08,1.5494,Brazil,1,0,BRL,No,,
CUST-00834,Male,0,Yes,No,5,4,Yes,No,DSL,No,Yes,No,No,Yes,Month-to-month,Yes,Mailed check,23.83,0.0,0.0,2383.0,Brazil,1,0,BRL,No,,
CUST-00835,Female,0,Yes,No,18,19,Yes,Yes,DSL,No,No,Yes,No,Yes,Month-to-month,Yes,Bank transfer,50.4,969.33,53.85,5.1941,Brazil,1,0,BRL,Yes,,
CUST-00836,Male,0,No,No,27,27,No,No phone service,Fiber optic,No,Yes,No,Yes,Yes,Two year,Yes,Credit card,111.55,3057.86,113.25,3.6468,Brazil,1,0,BRL,Yes,,
CUST-00837,Male,0,Yes,No,35,36,Yes,No,Fiber optic,No,No,No,Yes,Yes,Month-to-month,No,Credit card,86.79,2945.86,84.17,2.9452,Brazil,1,0,BRL,No,,58.1
CUST-00838,Female,1,No,No,14,14,No,No phone service,DSL,,No,No,No,No,One year,Yes,Mailed check,56.38,835.78,59.7,6.7377,Brazil,1,0,BRL,No,,
CUST-00839,Male,0,No,No,60,60,Yes,No,No,No internet service,No internet service,No internet service,No internet service,No internet service,Two year,Yes,Bank transfer,18.07,1137.12,18.95,1.5877,Brazil,1,0,BRL,No,,
CUST-00840,Male,0,No,No,25,25,Yes,No,No,,No internet service,No internet service,No internet service,No internet service,Two year,Yes,Electronic check,20.06,529.59,21.18,3.7807,Brazil,1,0,BRL,No,,
CUST-00841,Female,0,Yes,Yes,17,17,No,No phone service,Fiber optic,No,Yes,No,No,No,Two year,No,Mailed check,78.54,1257.23,73.95,6.2421,Brazil,1,0,BRL,No,,
CUST-00842,Male,0,Yes,Yes,2,2,Yes,No,Fiber optic,No,,No,Yes,No,Month-to-month,No,Electronic check,93.85,221.83,110.92,42.1173,Brazil,1,0,BRL,Yes,,
CUST-00843,Male,0,Yes,Yes,18,18,Yes,Yes,No,No internet service,No internet service,No internet service,No internet service,No internet service,One year,No,Electronic check,21.55,438.26,24.35,4.906,Brazil,1,0,BRL,No,,56.9
CUST-00844,Male,1,Yes,No,51,51,Yes,No,Fiber optic,No,Yes,No,Yes,Yes,Month-to-month,No,Mailed check,85.58,4335.97,85.02,1.9733,Brazil,1,0,BRL,No,,
CUST-00845,Male,0,No,Yes,28,29,Yes,Yes,DSL,No,Yes,No,No,Yes,Month-to-month,Yes,Electronic check,62.6,1774.86,63.39,3.5251,Brazil,1,0,BRL,No,,55.6
CUST-00846,Female,0,No,Yes,53,54,Yes,No,DSL,No,,No,Yes,No,Two year,No,Bank transfer,59.27,3123.65,58.94,1.8969,Brazil,1,0,BRL,No,,
CUST-00847,Female,0,No,No,20,19,Yes,Yes,DSL,No,No,Yes,Yes,Yes,Month-to-month,No,Mailed check,33.25,709.27,35.46,4.6813,Brazil,1,0,BRL,No,,
CUST-00848,Male,1,No,No,3,3,Yes,Yes,DSL,Yes,No,No,No,Yes,One year,Yes,Mailed check,75.7,211.42,70.47,35.6369,Brazil,1,0,BRL,No,,
CUST-00849,Female,0,Yes,No,1,1,Yes,No,DSL,No,Yes,Yes,No,Yes,Month-to-month,No,Electronic check,63.01,34.0,34.0,180.0286,Brazil,1,0,BRL,No,,
CUST-00850,Male,0,Yes,Yes,10,12,Yes,No,Fiber optic,Yes,No,Yes,No,Yes,One year,Yes,Electronic check,88.52,883.24,88.32,10.0109,Brazil,1,0,BRL,No,,
CUST-00851,Female,0,Yes,No,35,35,Yes,No,DSL,Yes,,No,No,Yes,Two year,No,Bank transfer,42.74,1428.82,40.82,2.9892,Brazil,1,0,BRL,No,,
CUST-00852,Male,1,No,No,46,46,Yes,No,DSL,No,No,No,No,Yes,Month-to-month,No,Credit card,46.54,2133.91,46.39,2.18,Brazil,1,0,BRL,No,,
CUST-00853,Male,1,No,No,10,10,No,No phone service,Fiber optic,Yes,No,No,No,Yes,One year,No,Electronic check,55.51,573.2,57.32,9.6674,Brazil,1,0,BRL,No,,
CUST-00854,Male,1,No,No,20,20,Yes,Yes,DSL,No,Yes,No,No,Yes,Two year,Yes,Electronic check,59.4,1231.5,61.58,4.8195,Brazil,1,0,BRL,No,,
CUST-00855,Male,0,Yes,No,16,16,Yes,No,No,No internet service,No internet service,No internet service,No internet service,No internet service,Month-to-month,Yes,Credit card,21.26,352.61,22.04,6.0123,Brazil,1,0,BRL,No,,
CUST-00856,Male,0,Yes,Yes,15,15,Yes,No,DSL,Yes,,No,No,Yes,Month-to-month,Yes,Electronic check,71.92,1007.17,67.14,7.1337,Brazil,1,0,BRL,Yes,,
CUST-00857,Male,0,No,Yes,7,7,Yes,No,No,No internet service,No internet service,No internet service,No internet service,No internet service,One year,Yes,Credit card,32.5,295.11,42.16,10.9757,Brazil,1,0,BRL,No,,
CUST-00858,Female,1,Yes,Yes,4,4,Yes,Yes,No,No internet service,No internet service,No internet service,No internet service,No internet service,Month-to-month,No,Mailed check,18.0,143.81,35.95,12.4301,Brazil,1,0,BRL,Yes,,
CUST-00859,Male,0,No,No,6,6,Yes,No,Fiber optic,Yes,,No,Yes,Yes,Month-to-month,No,Mailed check,72.52,440.75,73.46,16.4165,Brazil,1,0,BRL,No,,49.2
CUST-00860,Female,0,No,No,1,1,Yes,No,Fiber optic,No,Yes,No,Yes,Yes,Two year,No,Electronic check,90.9,53.3,53.3,167.4033,Brazil,1,0,BRL,Yes,,
CUST-00861,Male,0,No,No,6,5,No,No phone service,No,No internet service,No internet service,No internet service,No internet service,No internet service,Month-to-month,Yes,Electronic check,28.2,142.62,23.77,19.6351,Brazil,1,0,BRL,No,,43.7
CUST-00862,Female,0,Yes,Yes,1,1,Yes,Yes,DSL,No,,No,No,Yes,Two year,No,Electronic check,44.13,33.95,33.95,126.2661,Brazil,1,0,BRL,No,,
CUST-00863,Female,0,Yes,No,29,28,Yes,Yes,No,No internet service,No internet service,No internet service,No internet service,No internet service,Two year,No,Credit card,31.23,919.6,31.71,3.3924,Brazil,1,0,BRL,No,,
CUST-00864,Female,1,Yes,No,11,10,Yes,No,Fiber optic,No,No,Yes,No,No,One year,No,Bank transfer,71.96,,70.58,9.2572,Brazil,1,0,BRL,Yes,,39.5
CUST-00865,Male,1,Yes,No,72,71,Yes,Yes,Fiber optic,No,Yes,Yes,Yes,No,Month-to-month,Yes,Bank transfer,91.74,6562.36,91.14,1.3978,Brazil,1,0,BRL,No,,
CUST-00866,Male,0,Yes,No,6,6,Yes,Yes,Fiber optic,No,,Yes,Yes,Yes,Month-to-month,Yes,Credit card,98.79,643.89,107.32,15.3189,Brazil,1,0,BRL,Yes,,43.4
CUST-00867,Female,0,No,Yes,12,13,No,No phone service,Fiber optic,,No,No,No,No,Month-to-month,Yes,Electronic check,111.92,1355.9,112.99,8.2482,Brazil,1,0,BRL,Yes,,
CUST-00868,Male,0,No,No,13,12,Yes,No,Fiber optic,No,Yes,No,No,Yes,Two year,No,Bank transfer,75.8,932.78,71.75,8.1175,Brazil,1,0,BRL,No,,
CUST-00869,Female,0,Yes,No,1,2,Yes,Yes,Fiber optic,,Yes,No,No,Yes,Month-to-month,No,Mailed check,101.72,116.29,116.29,86.7252,Brazil,1,0,BRL,Yes,,
CUST-00870,Male,0,Yes,Yes,54,53,Yes,Yes,Fiber optic,No,No,Yes,Yes,No,Month-to-month,No,Bank transfer,82.02,4437.17,82.17,1.8481,Brazil,1,0,BRL,No,,
CUST-00871,Female,0,Yes,Yes,1,1,Yes,No,DSL,No,No,No,No,Yes,Month-to-month,Yes,Electronic check,65.82,29.92,29.92,212.8719,Brazil,1,0,BRL,No,,
CUST-00872,Female,0,Yes,No,72,72,Yes,No,Fiber optic,No,No,No,Yes,No,Month-to-month,Yes,Bank transfer,64.46,4700.87,65.29,1.3709,Brazil,1,0,BRL,No,LP002,
CUST-00873,Male,1,No,No,66,66,Yes,Yes,Fiber optic,Yes,No,No,No,No,Month-to-month,No,Credit card,58.06,3838.7,58.16,1.5121,Brazil,1,0,BRL,No,,
CUST-00874,Female,0,Yes,No,23,22,Yes,No,DSL,No,No,No,No,No,One year,No,Mailed check,45.88,,45.41,4.3887,Brazil,1,0,BRL,No,,
CUST-00875,Male,0,Yes,Yes,23,22,No,No phone service,DSL,Yes,,Yes,No,No,Month-to-month,No,Electronic check,82.45,1892.18,82.27,4.3551,Brazil,1,0,BRL,No,,
CUST-00876,Female,0,Yes,No,31,31,Yes,Yes,DSL,No,Yes,No,No,No,Month-to-month,No,Mailed check,50.31,1581.81,51.03,3.1785,Brazil,1,0,BRL,No,,
CUST-00877,Female,0,No,No,14,14,Yes,Yes,Fiber optic,No,No,Yes,No,No,Month-to-month,Yes,Mailed check,55.18,768.91,54.92,7.1671,Brazil,1,0,BRL,Yes,,
CUST-00878,Male,0,No,No,31,32,Yes,No,Fiber optic,No,No,No,Yes,Yes,One year,No,Bank transfer,45.07,1393.14,44.94,3.2328,Brazil,1,0,BRL,No,,
CUST-00879,Male,0,Yes,No,1,1,Yes,Yes,DSL,Yes,No,No,No,Yes,One year,No,Credit card,37.37,90.67,90.67,40.7658,Brazil,1,0,BRL,Yes,,
CUST-00880,Male,0,No,Yes,1,1,Yes,Yes,No,No internet service,No internet service,No internet service,No internet service,No internet service,Month-to-month,Yes,Mailed check,25.75,0.0,0.0,2575.0,Brazil,1,0,BRL,No,,
CUST-00881,Female,1,No,No,18,18,Yes,No,Fiber optic,No,No,No,No,No,One year,Yes,Mailed check,73.93,1268.16,70.45,5.8251,Brazil,1,0,BRL,Yes,,
CUST-00882,Male,0,No,No,23,23,Yes,No,Fiber optic,No,No,No,No,No,Month-to-month,Yes,Bank transfer,103.46,2418.43,105.15,4.2762,Brazil,1,0,BRL,Yes,,
CUST-00883,Female,0,Yes,No,65,64,Yes,No,DSL,No,No,Yes,No,No,Two year,Yes,Electronic check,59.69,4000.64,61.55,1.4916,Brazil,1,0,BRL,No,LP002,
CUST-00884,Female,0,No,No,3,4,Yes,Yes,Fiber optic,Yes,Yes,No,Yes,Yes,Month-to-month,No,Electronic check,113.61,384.65,128.22,29.4594,Brazil,1,0,BRL,Yes,LP003,
CUST-00885,Male,0,No,No,51,51,Yes,No,Fiber optic,No,No,No,Yes,Yes,One year,Yes,Credit card,46.4,2459.61,48.23,1.8857,Brazil,1,0,BRL,No,,
CUST-00886,Male,0,No,No,7,7,Yes,Yes,No,No internet service,No internet service,No internet service,No internet service,No internet service,Two year,Yes,Bank transfer,18.0,104.28,14.9,17.0973,Brazil,1,0,BRL,No,,
CUST-00887,Female,0,No,No,15,15,Yes,No,Fiber optic,,,Yes,Yes,No,Two year,Yes,Electronic check,95.71,1403.8,93.59,6.8131,Brazil,1,0,BRL,No,,
CUST-00888,Female,0,No,No,11,11,Yes,No,Fiber optic,No,No,Yes,Yes,No,Month-to-month,Yes,Electronic check,96.94,1089.17,99.02,8.8922,Brazil,1,0,BRL,Yes,,
CUST-00889,Male,1,Yes,No,15,16,No,No phone service,No,No internet service,No internet service,No internet service,No internet service,No internet service,Month-to-month,Yes,Bank transfer,18.0,317.68,21.18,5.6483,Brazil,1,0,BRL,No,,
CUST-00890,Male,0,No,No,4,4,Yes,Yes,DSL,No,No,No,No,No,One year,No,Bank transfer,55.36,155.86,38.97,35.2926,Brazil,1,0,BRL,No,,
CUST-00891,Male,0,No,No,21,21,Yes,No,DSL,Yes,No,Yes,No,No,Month-to-month,Yes,Credit card,54.12,1125.86,53.61,4.8027,Brazil,1,0,BRL,No,,
CUST-00892,Male,0,No,No,48,48,Yes,No,Fiber optic,No,No,No,Yes,No,Two year,Yes,Electronic check,66.36,3183.93,66.33,2.0836,Brazil,1,0,BRL,No,,
CUST-00893,Male,0,Yes,Yes,17,17,Yes,No,DSL,No,Yes,No,Yes,No,One year,Yes,Credit card,62.16,1022.78,60.16,6.0716,Brazil,1,0,BRL,No,,
CUST-00894,Female,0,No,No,20,19,Yes,Yes,DSL,No,Yes,Yes,Yes,Yes,One year,Yes,Mailed check,65.45,1280.89,64.04,5.1057,Brazil,1,0,BRL,No,LP002,
CUST-00895,Female,0,No,Yes,56,56,Yes,No,Fiber optic,No,No,No,Yes,No,Month-to-month,Yes,Bank transfer,67.79,3838.39,68.54,1.7656,Brazil,1,0,BRL,No,,
CUST-00896,Female,0,Yes,No,36,37,Yes,Yes,DSL,Yes,No,No,Yes,Yes,One year,Yes,Bank transfer,57.17,2081.6,57.82,2.7451,Brazil,1,0,BRL,No,LP003,
CUST-00897,Female,0,No,No,20,21,Yes,No,Fiber optic,Yes,No,No,Yes,Yes,One year,No,Electronic check,63.29,1305.72,65.29,4.8434,Brazil,1,0,BRL,No,,
CUST-00898,Male,0,No,No,8,7,Yes,No,No,No internet service,No internet service,No internet service,No internet service,No internet service,Two year,No,Credit card,21.96,192.52,24.06,11.3477,Brazil,1,0,BRL,No,,
CUST-00899,Male,0,No,No,64,64,Yes,Yes,DSL,Yes,,Yes,No,No,Month-to-month,Yes,Electronic check,57.62,3644.02,56.94,1.5808,Brazil,1,0,BRL,No,,
CUST-00900,Male,0,Yes,No,25,25,Yes,Yes,DSL,No,No,Yes,No,No,Month-to-month,Yes,Electronic check,44.96,1145.16,45.81,3.9227,Brazil,1,0,BRL,No,,49.5
CUST-00901,Female,0,Yes,No,7,8,Yes,Yes,DSL,Yes,No,Yes,No,No,Month-to-month,No,Credit card,67.79,426.93,60.99,15.8414,Brazil,1,0,BRL,No,,
CUST-00902,Female,0,No,Yes,9,9,Yes,No,DSL,No,Yes,No,Yes,No,Month-to-month,No,Bank transfer,63.45,555.46,61.72,11.4024,Brazil,1,0,BRL,No,,
CUST-00903,Male,0,Yes,No,48,48,Yes,Yes,DSL,No,Yes,Yes,No,Yes,One year,Yes,Credit card,42.68,1996.83,41.6,2.1363,Brazil,1,0,BRL,No,,
CUST-00904,Male,0,No,Yes,1,1,Yes,No,DSL,No,Yes,No,Yes,No,Two year,No,Mailed check,49.77,19.23,19.23,246.0208,Brazil,1,0,BRL,No,,
CUST-00905,Female,0,No,No,72,71,Yes,No,Fiber optic,No,Yes,Yes,Yes,No,Month-to-month,No,Mailed check,87.13,6277.88,87.19,1.3877,Brazil,1,0,BRL,No,,
CUST-00906,Female,1,No,No,4,4,No,No phone service,DSL,,No,No,Yes,Yes,Two year,No,Credit card,73.41,270.77,67.69,27.0118,Brazil,1,0,BRL,No,,
CUST-00907,Male,0,Yes,No,47,47,Yes,No,Fiber optic,Yes,No,No,Yes,Yes,Month-to-month,Yes,Electronic check,73.04,3388.72,72.1,2.1548,Brazil,1,0,BRL,Yes,,
CUST-00908,Male,0,No,Yes,15,15,Yes,No,No,,No internet service,No internet service,No internet service,No internet service,Month-to-month,Yes,Credit card,29.77,503.44,33.56,5.9016,Brazil,1,0,BRL,Yes,,39.0
CUST-00909,Female,0,Yes,Yes,20,20,Yes,No,No,No internet service,,No internet service,No internet service,No internet service,Month-to-month,Yes,Electronic check,20.76,409.22,20.46,5.0607,Brazil,1,0,BRL,Yes,,
CUST-00910,Male,0,Yes,No,63,63,No,No phone service,Fiber optic,No,No,No,No,Yes,Month-to-month,No,Credit card,82.26,5155.98,81.84,1.5951,Brazil,1,0,BRL,No,,
CUST-00911,Male,1,Yes,No,15,15,Yes,Yes,DSL,Yes,No,Yes,Yes,Yes,Two year,No,Electronic check,74.55,1064.13,70.94,6.9991,Brazil,1,0,BRL,No,,41.4
CUST-00912,Male,1,Yes,No,23,23,Yes,No,Fiber optic,,Yes,Yes,No,No,Month-to-month,Yes,Bank transfer,70.31,1523.53,66.24,4.6119,Brazil,1,0,BRL,No,LP002,
CUST-00913,Female,0,No,No,1,1,Yes,No,Fiber optic,Yes,Yes,No,No,No,One year,No,Credit card,104.55,93.45,93.45,110.6935,Brazil,1,0,BRL,Yes,,
CUST-00914,Female,0,No,No,1,1,Yes,Yes,DSL,No,Yes,No,No,No,Month-to-month,No,Mailed check,34.55,0.0,0.0,3455.0,Brazil,1,0,BRL,No,,
CUST-00915,Female,0,Yes,Yes,8,7,Yes,Yes,No,No internet service,No internet service,No internet service,No internet service,No internet service,Two year,No,Bank transfer,20.28,197.84,24.73,10.1992,Brazil,1,0,BRL,No,,
CUST-00916,Female,1,No,No,34,34,Yes,Yes,DSL,No,No,No,No,No,Month-to-month,No,Credit card,49.98,1700.79,50.02,2.9369,Brazil,1,0,BRL,No,,
CUST-00917,Female,0,Yes,No,3,3,Yes,No,DSL,No,No,No,No,Yes,Month-to-month,No,Bank transfer,39.09,195.19,65.06,19.9246,Brazil,1,0,BRL,Yes,,
CUST-00918,Female,0,No,Yes,3,3,Yes,Yes,No,No internet service,No internet service,No internet service,No internet service,No internet service,Month-to-month,Yes,Credit card,18.08,65.39,21.8,27.233,Brazil,1,0,BRL,No,LP003,
CUST-00919,Female,0,No,No,15,15,Yes,No,No,No internet service,No internet service,No internet service,No internet service,No internet service,Month-to-month,No,Mailed check,22.83,306.12,20.41,7.4336,Brazil,1,0,BRL,No,,
CUST-00920,Male,0,No,Yes,31,31,Yes,Yes,DSL,Yes,No,No,Yes,No,Month-to-month,No,Electronic check,66.8,1976.8,63.77,3.3775,Brazil,1,0,BRL,Yes,,59.0
CUST-00921,Male,0,Yes,No,37,38,No,No phone service,Fiber optic,No,Yes,No,No,Yes,Two year,Yes,Electronic check,82.88,3106.89,83.97,2.6668,Brazil,1,0,BRL,No,,
CUST-00922,Male,0,No,Yes,5,6,Yes,No,Fiber optic,No,No,Yes,No,No,One year,Yes,Electronic check,95.53,412.7,82.54,23.0916,Brazil,1,0,BRL,Yes,,
CUST-00923,Male,0,Yes,No,2,2,Yes,No,Fiber optic,,,Yes,No,No,One year,No,Electronic check,81.47,142.53,71.26,56.7617,Brazil,1,0,BRL,No,LP002,
CUST-00924,Male,0,No,Yes,72,72,Yes,Yes,DSL,No,No,No,No,No,Month-to-month,Yes,Mailed check,21.09,1602.18,22.25,1.3155,Brazil,1,0,BRL,No,LP002,
CUST-00925,Male,0,Yes,No,9,9,Yes,No,Fiber optic,Yes,Yes,Yes,Yes,Yes,Month-to-month,No,Electronic check,85.83,803.02,89.22,10.6751,Brazil,1,0,BRL,Yes,,
CUST-00926,Male,0,No,No,57,57,Yes,Yes,No,No internet service,No internet service,No internet service,No internet service,No internet service,Month-to-month,Yes,Electronic check,25.0,1444.49,25.34,1.7295,Brazil,1,0,BRL,No,,
CUST-00927,Female,0,No,No,59,58,Yes,Yes,DSL,No,,No,Yes,No,Two year,Yes,Electronic check,25.58,1556.44,26.38,1.6424,Brazil,1,0,BRL,No,,
CUST-00928,Female,0,No,No,44,44,Yes,Yes,No,No internet service,No internet service,No internet service,No internet service,No internet service,Two year,Yes,Credit card,29.19,1329.71,30.22,2.1936,Brazil,1,0,BRL,No,,
CUST-00929,Male,0,Yes,No,5,5,Yes,No,No,No internet service,No internet service,No internet service,No internet service,No internet service,Two year,Yes,Bank transfer,21.0,,36.81,11.3483,Brazil,1,0,BRL,No,LP002,
CUST-00930,Male,0,No,Yes,51,51,Yes,No,DSL,No,Yes,Yes,No,Yes,Two year,No,Mailed check,44.12,2220.01,43.53,1.9865,Brazil,1,0,BRL,No,,
CUST-00931,Female,0,Yes,No,43,43,Yes,No,Fiber optic,No,Yes,No,Yes,No,Month-to-month,Yes,Credit card,77.07,3295.18,76.63,2.3382,Brazil,1,0,BRL,No,,
CUST-00932,Male,0,No,Yes,27,27,Yes,No,DSL,Yes,Yes,Yes,No,No,Month-to-month,Yes,Electronic check,51.79,1352.21,50.08,3.8272,Brazil,1,0,BRL,No,,
CUST-00933,Male,0,Yes,No,12,12,Yes,Yes,Fiber optic,No,No,No,No,No,Month-to-month,Yes,Credit card,40.97,490.01,40.83,8.344,Brazil,1,0,BRL,No,,
CUST-00934,Female,0,Yes,No,9,9,Yes,No,No,No internet service,No internet service,No internet service,No internet service,No internet service,Month-to-month,Yes,Bank transfer,19.32,167.27,18.59,11.4815,Brazil,1,0,BRL,Yes,,
CUST-00935,Male,0,No,No,3,3,Yes,No,DSL,Yes,Yes,No,No,No,Month-to-month,Yes,Electronic check,53.52,72.81,24.27,72.5105,Brazil,1,0,BRL,Yes,,
CUST-00936,Female,0,Yes,No,21,21,Yes,No,Fiber optic,No,No,Yes,No,No,Month-to-month,No,Bank transfer,64.1,1313.4,62.54,4.8767,Brazil,1,0,BRL,No,,
CUST-00937,Male,0,Yes,Yes,26,26,Yes,No,No,No internet service,No internet service,No internet service,No internet service,No internet service,One year,Yes,Bank transfer,30.44,863.4,33.21,3.5215,Brazil,1,0,BRL,No,,
CUST-00938,Female,0,Yes,Yes,13,13,Yes,No,Fiber optic,No,,No,No,Yes,Two year,Yes,Mailed check,82.44,1083.93,83.38,7.5986,Brazil,1,0,BRL,No,,
CUST-00939,Female,0,Yes,Yes,19,19,Yes,No,DSL,No,Yes,Yes,Yes,Yes,One year,Yes,Credit card,45.64,902.93,47.52,5.0491,Brazil,1,0,BRL,No,,
CUST-00940,Female,0,No,No,13,14,Yes,No,DSL,Yes,No,No,Yes,No,Two year,Yes,Electronic check,49.25,,48.79,7.7532,Brazil,1,0,BRL,No,,
CUST-00941,Male,0,No,Yes,30,30,Yes,Yes,Fiber optic,No,No,No,No,No,Month-to-month,Yes,Electronic check,54.01,1525.95,50.86,3.5371,Brazil,1,0,BRL,No,,
CUST-00942,Female,0,Yes,Yes,69,69,Yes,No,No,No internet service,,No internet service,No internet service,No internet service,Month-to-month,Yes,Electronic check,19.8,1359.77,19.71,1.4551,Brazil,1,0,BRL,No,,
CUST-00943,Male,0,Yes,No,5,5,Yes,No,No,No internet service,No internet service,No internet service,No internet service,No internet service,One year,No,Electronic check,27.24,188.28,37.66,14.3914,Brazil,1,0,BRL,No,,
CUST-00944,Male,0,Yes,No,14,14,Yes,Yes,Fiber optic,No,Yes,No,Yes,No,Month-to-month,No,Electronic check,62.95,822.02,58.72,7.6487,Brazil,1,0,BRL,No,LP002,
CUST-00945,Male,0,Yes,No,4,4,Yes,Yes,Fiber optic,Yes,,No,No,Yes,Month-to-month,No,Credit card,40.47,199.23,49.81,20.2118,Brazil,1,0,BRL,No,,
CUST-00946,Male,0,No,No,29,30,Yes,Yes,DSL,No,No,No,No,Yes,Month-to-month,Yes,Electronic check,57.67,1587.34,54.74,3.6308,Brazil,1,0,BRL,No,,
CUST-00947,Female,0,No,Yes,39,39,Yes,No,DSL,No,No,No,Yes,Yes,Month-to-month,Yes,Mailed check,48.53,1893.68,48.56,2.5614,Brazil,1,0,BRL,Yes,,
CUST-00948,Female,0,Yes,No,72,72,Yes,No,Fiber optic,,No,Yes,No,No,Month-to-month,Yes,Mailed check,86.34,,86.72,1.3826,Brazil,1,0,BRL,No,,
CUST-00949,Male,0,Yes,No,9,9,Yes,Yes,Fiber optic,No,No,No,Yes,No,Month-to-month,No,Credit card,94.83,837.86,93.1,11.3046,Brazil,1,0,BRL,No,,
CUST-00950,Male,0,Yes,Yes,72,72,No,No phone service,Fiber optic,No,No,No,Yes,Yes,Month-to-month,No,Credit card,89.03,6533.78,90.75,1.3624,Brazil,1,0,BRL,Yes,,24.1
CUST-00951,Female,0,No,Yes,1,2,Yes,No,No,No internet service,No internet service,No internet service,No internet service,No internet service,One year,Yes,Bank transfer,23.74,0.0,0.0,2374.0,Brazil,1,0,BRL,No,,
CUST-00952,Male,0,No,No,27,26,Yes,Yes,Fiber optic,,No,Yes,No,Yes,Month-to-month,Yes,Credit card,85.88,2289.84,84.81,3.7488,Brazil,1,0,BRL,Yes,,
CUST-00953,Female,0,Yes,No,1,1,Yes,Yes,Fiber optic,No,,Yes,Yes,No,Month-to-month,No,Bank transfer,97.08,,107.3,89.6399,Brazil,1,0,BRL,No,,
CUST-00954,Male,1,Yes,Yes,67,67,Yes,No,DSL,No,,Yes,No,No,Month-to-month,No,Credit card,49.29,3264.68,48.73,1.5093,Brazil,1,0,BRL,No,LP003,
CUST-00955,Male,1,No,No,22,22,Yes,No,No,,No internet service,No internet service,No internet service,No internet service,Month-to-month,No,Bank transfer,18.0,323.93,14.72,5.5397,Brazil,1,0,BRL,No,,
CUST-00956,Female,0,No,No,33,33,Yes,Yes,Fiber optic,No,No,Yes,No,Yes,One year,No,Electronic check,68.94,2220.14,67.28,3.1038,Brazil,1,0,BRL,Yes,LP002,
CUST-00957,Male,0,Yes,No,53,54,Yes,No,No,No internet service,No internet service,No internet service,No internet service,No internet service,One year,No,Mailed check,22.03,1205.49,22.75,1.826,Brazil,1,0,BRL,No,,
CUST-00958,Female,0,Yes,No,4,4,Yes,Yes,Fiber optic,No,No,No,No,Yes,One year,Yes,Bank transfer,53.46,198.59,49.65,26.7849,Brazil,1,0,BRL,No,,
CUST-00959,Male,0,Yes,No,1,1,Yes,No,Fiber optic,No,No,No,Yes,No,Month-to-month,No,Mailed check,103.12,188.22,188.22,54.4974,Brazil,1,0,BRL,No,LP003,
CUST-00960,Male,0,No,No,63,62,Yes,Yes,Fiber optic,Yes,No,No,No,Yes,One year,No,Electronic check,46.58,2912.48,46.23,1.5988,Brazil,1,0,BRL,No,,
CUST-00961,Male,0,Yes,No,11,10,Yes,Yes,DSL,No,Yes,No,No,Yes,One year,No,Bank transfer,56.37,655.6,59.6,8.5851,Brazil,1,0,BRL,No,,
CUST-00962,Female,0,Yes,No,4,4,Yes,No,Fiber optic,Yes,No,No,Yes,Yes,Month-to-month,Yes,Credit card,57.17,254.22,63.56,22.4003,Brazil,1,0,BRL,Yes,,
CUST-00963,Male,0,No,No,18,19,Yes,Yes,No,No internet service,No internet service,No internet service,No internet service,No internet service,Month-to-month,Yes,Electronic check,22.85,388.49,21.58,5.8666,Brazil,1,0,BRL,No,LP003,
CUST-00964,Male,0,Yes,No,27,27,Yes,No,DSL,No,No,Yes,No,No,Month-to-month,Yes,Bank transfer,63.97,1683.25,62.34,3.7981,Brazil,1,0,BRL,No,,
CUST-00965,Male,0,No,No,1,1,Yes,No,DSL,No,No,No,Yes,Yes,One year,Yes,Bank transfer,69.49,0.0,0.0,6949.0,Brazil,1,0,BRL,No,,31.8
CUST-00966,Male,0,Yes,No,9,9,Yes,No,Fiber optic,No,Yes,Yes,No,Yes,One year,No,Credit card,97.95,909.21,101.02,10.7613,Brazil,1,0,BRL,No,LP001,
CUST-00967,Female,0,Yes,Yes,1,1,Yes,Yes,DSL,No,,No,No,No,Month-to-month,Yes,Credit card,39.95,99.86,99.86,39.6094,Brazil,1,0,BRL,No,,
CUST-00968,Female,0,No,No,16,16,Yes,No,Fiber optic,No,,No,No,Yes,One year,Yes,Bank transfer,84.79,1277.14,79.82,6.6339,Brazil,1,0,BRL,No,,
CUST-00969,Male,0,Yes,No,67,66,Yes,Yes,Fiber optic,No,Yes,No,No,Yes,Month-to-month,No,Mailed check,94.82,6334.42,94.54,1.4967,Brazil,1,0,BRL,Yes,,
CUST-00970,Female,0,No,No,72,72,Yes,Yes,DSL,Yes,No,No,No,No,Month-to-month,Yes,Electronic check,45.43,3237.61,44.97,1.4028,Brazil,1,0,BRL,Yes,,
CUST-00971,Male,0,No,Yes,30,29,Yes,No,No,No internet service,No internet service,No internet service,No internet service,No internet service,Two year,Yes,Mailed check,26.0,807.57,26.92,3.2156,Brazil,1,0,BRL,No,,
CUST-00972,Male,0,Yes,No,5,5,No,No phone service,Fiber optic,No,,Yes,No,Yes,Two year,Yes,Bank transfer,52.02,243.67,48.73,21.2613,Brazil,1,0,BRL,No,,
CUST-00973,Male,0,No,No,70,70,Yes,No,No,No internet service,No internet service,No internet service,No internet service,No internet service,Month-to-month,No,Credit card,22.18,1618.75,23.12,1.3693,Brazil,1,0,BRL,No,LP003,
CUST-00974,Female,0,Yes,Yes,21,21,Yes,No,Fiber optic,No,Yes,No,Yes,Yes,Month-to-month,Yes,Bank transfer,68.46,1418.44,67.54,4.823,Brazil,1,0,BRL,Yes,LP001,
CUST-00975,Female,1,No,No,5,5,Yes,Yes,No,No internet service,No internet service,No internet service,No internet service,No internet service,Month-to-month,No,Electronic check,29.27,84.53,16.91,34.2219,Brazil,1,0,BRL,No,,
CUST-00976,Female,0,Yes,Yes,72,72,Yes,No,DSL,Yes,,No,No,Yes,Month-to-month,Yes,Bank transfer,51.81,3706.88,51.48,1.3973,Brazil,1,0,BRL,No,,
CUST-00977,Female,0,No,Yes,42,42,Yes,Yes,DSL,Yes,No,No,Yes,No,Two year,No,Electronic check,95.64,3998.95,95.21,2.391,Brazil,1,0,BRL,No,,
CUST-00978,Female,1,Yes,No,39,39,Yes,No,DSL,No,No,No,Yes,Yes,Two year,Yes,Electronic check,64.79,2553.11,65.46,2.5367,Brazil,1,0,BRL,No,,
CUST-00979,Female,1,Yes,No,37,37,Yes,No,Fiber optic,Yes,No,No,No,No,One year,Yes,Electronic check,93.08,3425.28,92.58,2.7166,Brazil,1,0,BRL,No,,
CUST-00980,Female,0,No,No,6,6,Yes,No,No,No internet service,No internet service,No internet service,No internet service,No internet service,Month-to-month,Yes,Electronic check,19.13,136.78,22.8,13.8845,Brazil,1,0,BRL,No,LP003,40.7
CUST-00981,Female,0,No,Yes,7,7,Yes,Yes,Fiber optic,No,Yes,No,Yes,Yes,One year,Yes,Credit card,71.84,463.36,66.19,15.4708,Brazil,1,0,BRL,No,,
CUST-00982,Female,0,Yes,No,34,34,Yes,No,No,No internet service,No internet service,No internet service,No internet service,No internet service,Month-to-month,Yes,Electronic check,18.0,597.27,17.57,3.0087,Brazil,1,0,BRL,No,LP001,
CUST-00983,Male,0,Yes,Yes,7,6,Yes,Yes,DSL,No,,No,Yes,No,Two year,Yes,Electronic check,93.5,615.25,87.89,15.1724,Brazil,1,0,BRL,No,,
CUST-00984,Female,0,No,Yes,17,17,Yes,No,DSL,Yes,Yes,No,Yes,Yes,Two year,Yes,Credit card,23.66,359.89,21.17,6.556,Brazil,1,0,BRL,No,,
CUST-00985,Female,0,No,Yes,45,44,Yes,No,No,No internet service,No internet service,No internet service,No internet service,No internet service,One year,Yes,Mailed check,26.33,1248.59,27.75,2.1071,Brazil,1,0,BRL,No,LP003,
CUST-00986,Female,0,Yes,No,45,45,No,No phone service,Fiber optic,No,Yes,Yes,No,No,Month-to-month,Yes,Electronic check,86.56,3859.44,85.77,2.2422,Brazil,1,0,BRL,No,,
CUST-00987,Female,0,Yes,No,18,18,Yes,No,No,No internet service,No internet service,No internet service,No internet service,No internet service,Month-to-month,Yes,Electronic check,22.07,379.88,21.1,5.7945,Brazil,1,0,BRL,Yes,,
CUST-00988,Female,0,Yes,No,47,47,Yes,No,DSL,No,Yes,No,No,No,Month-to-month,No,Electronic check,86.59,4121.96,87.7,2.1002,Brazil,1,0,BRL,No,,39.4
CUST-00989,Female,0,No,No,54,54,Yes,Yes,No,No internet service,,No internet service,No internet service,No internet service,Two year,No,Electronic check,23.79,1322.16,24.48,1.798,Brazil,1,0,BRL,No,,
CUST-00990,Female,0,Yes,Yes,31,32,Yes,Yes,Fiber optic,No,Yes,No,Yes,No,Month-to-month,Yes,Electronic check,87.15,2783.71,89.8,3.1296,Brazil,1,0,BRL,No,LP001,
CUST-00991,Female,0,Yes,No,7,7,Yes,No,Fiber optic,No,No,No,No,No,Month-to-month,Yes,Bank transfer,113.4,817.94,116.85,13.8472,Brazil,1,0,BRL,No,,
CUST-00992,Female,0,No,No,9,9,No,No phone service,DSL,No,Yes,No,Yes,Yes,Month-to-month,No,Electronic check,61.77,525.91,58.43,11.7231,Brazil,1,0,BRL,Yes,,
CUST-00993,Female,0,Yes,No,11,11,Yes,No,Fiber optic,Yes,,No,Yes,Yes,Two year,Yes,Mailed check,98.21,1183.17,107.56,8.2936,Brazil,1,0,BRL,No,,
CUST-00994,Female,0,No,Yes,3,4,No,No phone service,No,No internet service,,No internet service,No internet service,No internet service,Month-to-month,No,Credit card,27.46,111.48,37.16,24.4132,Brazil,1,0,BRL,Yes,,
CUST-00995,Male,0,Yes,No,9,8,Yes,No,No,No internet service,No internet service,No internet service,No internet service,No internet service,Two year,Yes,Mailed check,20.16,173.71,19.3,11.5391,Brazil,1,0,BRL,No,,
CUST-00996,Male,1,Yes,No,7,8,Yes,No,DSL,No,No,No,No,No,Two year,No,Credit card,67.27,473.76,67.68,14.1693,Brazil,1,0,BRL,No,,
CUST-00997,Female,0,Yes,No,18,18,Yes,No,DSL,No,No,No,Yes,Yes,Two year,Yes,Mailed check,36.54,666.68,37.04,5.4727,Brazil,1,0,BRL,No,,
CUST-00998,Female,0,No,No,71,71,Yes,No,Fiber optic,No,Yes,No,Yes,No,Month-to-month,No,Mailed check,92.27,6539.33,92.1,1.4108,Brazil,1,0,BRL,No,LP002,51.5
CUST-00999,Male,0,Yes,Yes,3,3,No,No phone service,DSL,No,No,No,Yes,Yes,Month-to-month,Yes,Bank transfer,45.45,67.56,22.52,66.2923,Brazil,1,0,BRL,Yes,,
CUST-01000,Female,0,No,No,38,38,Yes,No,Fiber optic,No,,Yes,No,No,Month-to-month,No,Electronic check,83.3,3246.74,85.44,2.5649,Brazil,1,0,BRL,No,,
CUST-01001,Male,0,No,Yes,34,35,Yes,Yes,DSL,,No,Yes,Yes,No,Month-to-month,Yes,Electronic check,50.26,1707.75,50.23,2.9413,Brazil,1,0,BRL,No,LP002,
CUST-01002,Male,1,No,No,3,3,Yes,No,Fiber optic,No,Yes,No,No,No,Month-to-month,Yes,Bank transfer,83.56,259.85,86.62,32.0337,Brazil,1,0,BRL,Yes,,51.7
CUST-01003,Male,0,Yes,No,72,71,Yes,No,Fiber optic,No,No,No,No,Yes,One year,No,Mailed check,102.16,7459.43,103.6,1.3694,Brazil,1,0,BRL,No,,
CUST-01004,Male,0,Yes,Yes,25,25,No,No phone service,Fiber optic,No,No,No,Yes,No,Month-to-month,Yes,Credit card,74.2,1820.84,72.83,4.0728,Brazil,1,0,BRL,No,,
CUST-01005,Male,0,Yes,No,13,13,Yes,Yes,Fiber optic,No,No,No,No,No,Two year,No,Credit card,34.91,486.6,37.43,7.1596,Brazil,1,0,BRL,No,,57.0
CUST-01006,Female,0,Yes,No,42,42,Yes,Yes,No,No internet service,,No internet service,No internet service,No internet service,Month-to-month,Yes,Mailed check,31.34,1276.67,30.4,2.4529,Brazil,1,0,BRL,No,,
CUST-01007,Male,0,Yes,Yes,8,8,Yes,No,DSL,No,No,No,No,No,One year,No,Bank transfer,40.46,339.73,42.47,11.8745,Brazil,1,0,BRL,No,LP002,
CUST-01008,Female,0,No,No,35,35,Yes,No,Fiber optic,No,Yes,Yes,Yes,No,Two year,Yes,Mailed check,86.22,3027.78,86.51,2.8467,Brazil,1,0,BRL,No,,
CUST-01009,Female,0,Yes,Yes,1,1,Yes,Yes,DSL,No,Yes,Yes,Yes,Yes,One year,No,Credit card,50.58,90.11,90.11,55.5153,Brazil,1,0,BRL,No,,
CUST-01010,Male,0,Yes,No,54,54,Yes,No,Fiber optic,No,No,No,Yes,No,Two year,No,Credit card,40.95,2271.71,42.07,1.8018,Brazil,1,0,BRL,No,,
CUST-01011,Male,0,Yes,No,17,18,Yes,No,DSL,No,No,No,No,No,One year,Yes,Credit card,51.54,847.2,49.84,6.0764,Brazil,1,0,BRL,No,LP001,
CUST-01012,Female,1,No,No,30,30,Yes,No,DSL,No,,Yes,No,No,Two year,No,Electronic check,96.47,2964.93,98.83,3.2526,Brazil,1,0,BRL,Yes,,
CUST-01013,Male,0,Yes,No,7,7,No,No phone service,DSL,Yes,No,No,No,No,Month-to-month,No,Bank transfer,83.47,658.66,94.09,12.6535,Brazil,1,0,BRL,No,LP002,38.6
CUST-01014,Male,0,No,No,33,33,Yes,Yes,Fiber optic,No,No,No,No,Yes,Month-to-month,Yes,Electronic check,78.55,2579.65,78.17,3.0438,Brazil,1,0,BRL,Yes,,
CUST-01015,Female,0,Yes,No,44,44,Yes,No,No,,No internet service,No internet service,No internet service,No internet service,Month-to-month,No,Electronic check,30.67,1349.15,30.66,2.2716,Brazil,1,0,BRL,No,LP001,45.5
CUST-01016,Female,0,No,Yes,19,19,No,No phone service,Fiber optic,No,Yes,No,No,Yes,Month-to-month,Yes,Credit card,86.02,1609.66,84.72,5.3407,Brazil,1,0,BRL,Yes,,
CUST-01017,Male,1,No,No,28,28,Yes,No,No,No internet service,No internet service,No internet service,No internet service,No internet service,Month-to-month,No,Electronic check,37.19,1026.05,36.64,3.6211,Brazil,1,0,BRL,No,,
CUST-01018,Female,0,Yes,No,18,18,No,No phone service,Fiber optic,No,Yes,No,No,No,Month-to-month,Yes,Credit card,77.09,1327.45,73.75,5.803,Brazil,1,0,BRL,Yes,,
CUST-01019,Male,0,Yes,Yes,67,68,No,No phone service,DSL,Yes,Yes,Yes,Yes,Yes,Month-to-month,Yes,Electronic check,55.34,3746.66,55.92,1.4767,Brazil,1,0,BRL,No,,
CUST-01020,Male,1,Yes,No,20,21,Yes,No,DSL,No,No,No,No,No,Month-to-month,Yes,Credit card,54.96,996.69,49.83,5.5087,Brazil,1,0,BRL,No,,
CUST-01021,Male,0,Yes,No,55,56,Yes,Yes,DSL,,No,No,No,No,Month-to-month,Yes,Electronic check,28.92,1555.75,28.29,1.8577,Brazil,1,0,BRL,No,,
CUST-01022,Female,1,No,No,48,48,Yes,No,DSL,No,,Yes,Yes,No,Two year,No,Mailed check,62.45,2995.29,62.4,2.0842,Brazil,1,0,BRL,No,LP001,
CUST-01023,Female,0,No,Yes,15,15,Yes,No,Fiber optic,No,No,Yes,No,No,Month-to-month,No,Electronic check,45.67,750.04,50.0,6.0809,Brazil,1,0,BRL,Yes,,
CUST-01024,Female,0,No,Yes,7,7,Yes,No,Fiber optic,Yes,No,Yes,No,No,One year,Yes,Bank transfer,71.41,472.61,67.52,15.0778,Brazil,1,0,BRL,Yes,LP003,55.7
CUST-01025,Female,0,No,Yes,15,15,Yes,No,Fiber optic,Yes,No,Yes,No,No,Month-to-month,Yes,Mailed check,45.28,700.59,46.71,6.4539,Brazil,1,0,BRL,No,,
CUST-01026,Female,0,Yes,No,52,52,Yes,No,DSL,No,No,Yes,Yes,Yes,Two year,No,Bank transfer,55.89,2902.23,55.81,1.9251,Brazil,1,0,BRL,No,,
CUST-01027,Male,1,Yes,Yes,7,7,Yes,No,DSL,No,Yes,No,Yes,No,Two year,Yes,Electronic check,21.76,199.58,28.51,10.8485,Brazil,1,0,BRL,No,,
CUST-01028,Male,0,No,No,22,22,Yes,No,DSL,No,,No,Yes,Yes,One year,Yes,Electronic check,22.68,517.74,23.53,4.3721,Brazil,1,0,BRL,No,,
CUST-01029,Male,0,Yes,Yes,49,49,Yes,No,DSL,No,No,No,No,Yes,One year,Yes,Electronic check,42.41,2119.6,43.26,1.9999,Brazil,1,0,BRL,No,,
CUST-01030,Male,0,No,No,13,13,Yes,No,No,No internet service,,No internet service,No internet service,No internet service,Month-to-month,Yes,Mailed check,25.67,306.18,23.55,8.3567,Brazil,1,0,BRL,No,,
CUST-01031,Female,0,Yes,No,30,30,Yes,No,DSL,,Yes,No,No,Yes,Two year,Yes,Credit card,76.99,2259.0,75.3,3.4066,Brazil,1,0,BRL,No,,
CUST-01032,Male,0,Yes,No,8,7,Yes,No,Fiber optic,No,,No,No,No,Two year,No,Credit card,53.55,446.76,55.84,11.9595,Brazil,1,0,BRL,No,,
CUST-01033,Female,1,No,Yes,3,4,Yes,Yes,Fiber optic,No,No,Yes,Yes,No,Two year,Yes,Electronic check,69.91,185.34,61.78,37.5174,Brazil,1,0,BRL,Yes,,
CUST-01034,Male,0,Yes,No,47,46,Yes,No,DSL,,Yes,No,No,No,One year,No,Bank transfer,49.3,2318.62,49.33,2.1253,Brazil,1,0,BRL,No,LP003,
CUST-01035,Female,0,No,Yes,3,2,Yes,No,No,No internet service,No internet service,No internet service,No internet service,No internet service,Month-to-month,Yes,Bank transfer,18.0,69.86,23.29,25.4022,Brazil,1,0,BRL,Yes,,
CUST-01036,Female,0,No,No,9,9,Yes,No,Fiber optic,No,Yes,Yes,No,No,Two year,Yes,Electronic check,80.57,787.23,87.47,10.2216,Brazil,1,0,BRL,Yes,,
CUST-01037,Male,0,No,No,57,57,Yes,No,DSL,Yes,Yes,Yes,No,Yes,Month-to-month,No,Mailed check,43.1,2496.03,43.79,1.7261,Brazil,1,0,BRL,No,LP001,
CUST-01038,Male,0,No,Yes,12,13,Yes,No,No,No internet service,No internet service,No internet service,No internet service,No internet service,One year,Yes,Mailed check,22.34,234.03,19.5,9.5052,Brazil,1,0,BRL,No,,
CUST-01039,Male,0,No,No,72,72,Yes,No,DSL,No,No,No,No,Yes,Month-to-month,Yes,Electronic check,60.04,4265.63,59.24,1.4072,Brazil,1,0,BRL,Yes,,51.1
CUST-01040,Male,1,No,No,72,72,Yes,No,DSL,No,No,Yes,Yes,No,Two year,No,Electronic check,58.93,4328.33,60.12,1.3612,Brazil,1,0,BRL,No,,
CUST-01041,Female,0,Yes,Yes,9,9,Yes,No,Fiber optic,No,Yes,Yes,No,Yes,Month-to-month,Yes,Electronic check,64.64,502.63,55.85,12.8348,Brazil,1,0,BRL,Yes,LP002,43.3
CUST-01042,Male,0,Yes,No,1,2,Yes,No,Fiber optic,No,No,Yes,No,No,Month-to-month,No,Bank transfer,68.78,46.15,46.15,145.8749,Brazil,1,0,BRL,No,,
CUST-01043,Male,0,No,Yes,36,37,Yes,Yes,DSL,No,No,No,No,Yes,One year,Yes,Electronic check,85.39,3106.3,86.29,2.748,Brazil,1,0,BRL,No,LP003,
CUST-01044,Female,1,Yes,No,17,17,Yes,No,DSL,No,No,No,No,Yes,Two year,No,Electronic check,57.64,1061.82,62.46,5.4233,Brazil,1,0,BRL,Yes,,
CUST-01045,Male,0,Yes,No,3,3,Yes,No,No,No internet service,No internet service,No internet service,No internet service,No internet service,One year,Yes,Electronic check,20.95,53.37,17.79,38.5323,Brazil,1,0,BRL,Yes,,
CUST-01046,Male,0,Yes,Yes,36,36,No,No phone service,DSL,Yes,Yes,No,Yes,Yes,Month-to-month,Yes,Electronic check,50.14,1806.41,50.18,2.7741,Brazil,1,0,BRL,Yes,,
CUST-01047,Male,0,No,No,1,1,Yes,Yes,DSL,Yes,No,No,Yes,No,Month-to-month,No,Electronic check,41.37,0.0,0.0,4137.0,Brazil,1,0,BRL,Yes,,54.7
CUST-01048,Male,0,No,No,61,62,Yes,Yes,Fiber optic,No,No,Yes,Yes,No,One year,No,Credit card,61.98,3787.11,62.08,1.6362,Brazil,1,0,BRL,No,,
CUST-01049,Male,0,Yes,No,4,4,Yes,No,No,No internet service,No internet service,No internet service,No internet service,No internet service,Two year,Yes,Electronic check,19.53,20.61,5.15,90.3748,Brazil,1,0,BRL,No,LP002,
CUST-01050,Female,0,No,No,4,3,Yes,Yes,DSL,,Yes,Yes,Yes,Yes,Two year,Yes,Bank transfer,67.48,232.41,58.1,28.9105,Brazil,1,0,BRL,No,,
CUST-01051,Male,0,No,No,5,5,Yes,No,Fiber optic,Yes,Yes,No,No,No,Month-to-month,Yes,Mailed check,64.85,362.44,72.49,17.8434,Brazil,1,0,BRL,No,LP001,
CUST-01052,Male,0,No,No,72,72,Yes,No,Fiber optic,No,No,No,Yes,No,Two year,No,Bank transfer,58.01,4155.04,57.71,1.3958,Brazil,1,0,BRL,No,,
CUST-01053,Male,1,No,No,35,35,Yes,No,Fiber optic,No,Yes,Yes,No,No,Month-to-month,No,Bank transfer,74.4,,75.71,2.8066,Brazil,1,0,BRL,Yes,,
CUST-01054,Male,1,No,No,48,48,Yes,Yes,Fiber optic,No,Yes,Yes,No,Yes,Month-to-month,No,Electronic check,34.4,,34.24,2.0918,Brazil,1,0,BRL,No,LP001,
CUST-01055,Male,0,Yes,No,15,15,Yes,No,No,No internet service,No internet service,No internet service,No internet service,No internet service,Month-to-month,Yes,Credit card,26.54,329.66,21.98,8.0264,Brazil,1,0,BRL,No,,
CUST-01056,Female,0,No,No,12,12,Yes,No,DSL,Yes,,Yes,No,No,Month-to-month,No,Mailed check,74.22,949.06,79.09,7.8121,Brazil,1,0,BRL,No,LP002,
CUST-01057,Male,0,Yes,No,8,8,No,No phone service,DSL,,Yes,Yes,No,Yes,Two year,Yes,Credit card,49.23,328.07,41.01,14.9603,Brazil,1,0,BRL,No,,
CUST-01058,Female,0,No,No,19,19,Yes,Yes,No,No internet service,,No internet service,No internet service,No internet service,Month-to-month,Yes,Mailed check,21.38,376.13,19.8,5.6691,Brazil,1,0,BRL,Yes,,
CUST-01059,Female,0,No,No,24,23,Yes,No,Fiber optic,No,Yes,No,No,No,Month-to-month,Yes,Credit card,69.75,1664.02,69.33,4.1891,Brazil,1,0,BRL,No,,
CUST-01060,Male,0,Yes,No,29,29,Yes,Yes,Fiber optic,No,No,No,Yes,No,Month-to-month,No,Bank transfer,48.91,1468.68,50.64,3.3279,Brazil,1,0,BRL,No,,
CUST-01061,Male,0,Yes,No,8,7,Yes,No,Fiber optic,No,No,No,Yes,Yes,Month-to-month,No,Credit card,80.03,613.92,76.74,13.0147,Brazil,1,0,BRL,No,,
CUST-01062,Male,0,No,No,72,72,Yes,No,Fiber optic,,No,No,No,No,One year,Yes,Mailed check,93.61,6693.58,92.97,1.3983,Brazil,1,0,BRL,No,,
CUST-01063,Male,0,Yes,No,5,5,Yes,No,Fiber optic,No,No,No,Yes,Yes,Month-to-month,No,Mailed check,53.51,275.68,55.14,19.34,Brazil,1,0,BRL,Yes,,
CUST-01064,Female,0,No,Yes,72,72,Yes,No,No,No internet service,No internet service,No internet service,No internet service,No internet service,Month-to-month,No,Bank transfer,26.52,1898.74,26.37,1.396,Brazil,1,0,BRL,No,LP001,
CUST-01065,Male,0,Yes,No,1,1,Yes,No,Fiber optic,Yes,No,No,Yes,Yes,One year,Yes,Credit card,75.06,51.69,51.69,142.4559,Brazil,1,0,BRL,Yes,,
CUST-01066,Male,0,Yes,No,19,19,Yes,Yes,DSL,No,Yes,No,Yes,Yes,One year,Yes,Credit card,49.68,954.74,50.25,5.1981,Brazil,1,0,BRL,No,,
CUST-01067,Male,0,No,No,12,12,Yes,No,Fiber optic,No,Yes,Yes,No,Yes,One year,No,Electronic check,84.47,953.46,79.46,8.85,Brazil,1,0,BRL,Yes,,
CUST-01068,Male,0,No,Yes,17,18,Yes,No,Fiber optic,No,No,No,No,No,Month-to-month,No,Credit card,41.89,626.04,36.83,6.6806,Brazil,1,0,BRL,No,,
CUST-01069,Male,0,No,Yes,25,24,Yes,No,Fiber optic,Yes,No,No,No,No,Two year,Yes,Electronic check,36.94,1030.44,41.22,3.5814,Brazil,1,0,BRL,Yes,,
CUST-01070,Male,0,Yes,No,17,17,Yes,No,Fiber optic,Yes,No,No,Yes,Yes,Two year,Yes,Mailed check,94.61,1613.58,94.92,5.8597,Brazil,1,0,BRL,No,,
CUST-01071,Female,0,No,No,16,17,Yes,No,DSL,No,Yes,No,No,Yes,Two year,Yes,Electronic check,99.42,1599.43,99.96,6.2121,Brazil,1,0,BRL,Yes,,
CUST-01072,Female,0,No,Yes,39,39,No,No phone service,Fiber optic,Yes,No,Yes,No,Yes,One year,Yes,Mailed check,74.38,2861.72,73.38,2.5982,Brazil,1,0,BRL,No,,
CUST-01073,Male,1,No,No,34,33,Yes,No,Fiber optic,Yes,Yes,No,No,No,Month-to-month,No,Credit card,73.18,2533.0,74.5,2.8879,Brazil,1,0,BRL,No,,
CUST-01074,Male,1,No,No,53,54,Yes,Yes,No,No internet service,No internet service,No internet service,No internet service,No internet service,Two year,Yes,Electronic check,20.9,1081.03,20.4,1.9316,Brazil,1,0,BRL,No,LP002,
CUST-01075,Male,1,No,Yes,8,9,Yes,No,Fiber optic,Yes,Yes,No,No,Yes,Month-to-month,No,Bank transfer,64.03,372.93,46.62,17.1235,Brazil,1,0,BRL,Yes,,
CUST-01076,Female,0,Yes,No,28,28,Yes,No,DSL,No,Yes,No,Yes,No,Month-to-month,Yes,Bank transfer,39.6,1080.45,38.59,3.6618,Brazil,1,0,BRL,No,LP002,
CUST-01077,Male,0,Yes,No,26,26,Yes,Yes,Fiber optic,No,Yes,Yes,Yes,Yes,Month-to-month,Yes,Electronic check,100.75,2605.43,100.21,3.8654,Brazil,1,0,BRL,Yes,,
CUST-01078,Female,1,No,No,13,14,Yes,Yes,No,No internet service,No internet service,No internet service,No internet service,No internet service,Month-to-month,Yes,Electronic check,21.6,272.3,20.95,7.9034,Brazil,1,0,BRL,No,LP002,
CUST-01079,Male,0,Yes,No,19,20,Yes,No,Fiber optic,Yes,Yes,No,No,Yes,Two year,No,Mailed check,101.0,1909.05,100.48,5.2878,Brazil,1,0,BRL,No,,47.8
CUST-01080,Male,0,No,No,11,12,Yes,Yes,Fiber optic,No,No,No,Yes,No,One year,Yes,Electronic check,64.78,680.33,61.85,9.5079,Brazil,1,0,BRL,No,,
CUST-01081,Male,0,Yes,No,4,4,Yes,No,Fiber optic,No,Yes,Yes,No,No,One year,No,Credit card,82.44,292.68,73.17,28.0714,Brazil,1,0,BRL,Yes,,
CUST-01082,Male,0,No,No,7,7,Yes,No,DSL,No,Yes,Yes,Yes,No,One year,Yes,Credit card,50.43,338.11,48.3,14.8713,Brazil,1,0,BRL,Yes,,
CUST-01083,Female,1,No,Yes,3,3,No,No phone service,No,No internet service,No internet service,No internet service,No internet service,No internet service,Month-to-month,Yes,Electronic check,27.27,0.0,0.0,2727.0,Brazil,1,0,BRL,No,,
CUST-01084,Female,0,Yes,Yes,34,33,Yes,No,DSL,Yes,No,No,Yes,No,Month-to-month,Yes,Electronic check,41.49,1312.78,38.61,3.1581,Brazil,1,0,BRL,No,,
CUST-01085,Male,0,Yes,No,32,32,Yes,No,Fiber optic,No,,Yes,No,Yes,One year,Yes,Mailed check,83.66,2682.02,83.81,3.1181,Brazil,1,0,BRL,No,,
CUST-01086,Male,0,Yes,No,72,72,Yes,Yes,DSL,No,,Yes,Yes,No,One year,No,Bank transfer,63.73,4594.3,63.81,1.3869,Brazil,1,0,BRL,No,,
CUST-01087,Female,0,No,Yes,39,39,Yes,Yes,DSL,No,No,No,No,No,Month-to-month,Yes,Electronic check,67.02,2657.75,68.15,2.5207,Brazil,1,0,BRL,No,,
CUST-01088,Female,0,No,No,1,1,Yes,Yes,Fiber optic,No,Yes,No,No,No,One year,No,Electronic check,54.18,41.4,41.4,127.783,Brazil,1,0,BRL,Yes,,
CUST-01089,Female,0,Yes,Yes,64,64,No,No phone service,Fiber optic,No,,Yes,No,Yes,Month-to-month,Yes,Mailed check,54.56,3432.16,53.63,1.5892,Brazil,1,0,BRL,No,,
CUST-01090,Female,0,No,No,59,59,Yes,No,Fiber optic,,Yes,Yes,Yes,No,Month-to-month,Yes,Credit card,37.82,2134.4,36.18,1.7711,Brazil,1,0,BRL,No,,
CUST-01091,Male,1,Yes,No,17,17,Yes,No,Fiber optic,No,No,No,Yes,No,Month-to-month,Yes,Mailed check,95.33,1576.1,92.71,6.0446,Brazil,1,0,BRL,No,,
CUST-01092,Female,0,Yes,No,26,25,Yes,Yes,Fiber optic,No,Yes,No,No,Yes,Month-to-month,Yes,Mailed check,72.09,1895.47,72.9,3.8013,Brazil,1,0,BRL,No,,
CUST-01093,Male,0,No,No,72,72,Yes,Yes,Fiber optic,Yes,No,No,Yes,No,Two year,No,Credit card,96.4,7012.87,97.4,1.3744,Brazil,1,0,BRL,No,,
CUST-01094,Female,0,Yes,Yes,22,22,Yes,No,Fiber optic,,,No,Yes,No,Two year,No,Bank transfer,88.07,1940.24,88.19,4.5368,Brazil,1,0,BRL,Yes,,
CUST-01095,Female,0,Yes,No,70,69,No,No phone service,Fiber optic,No,No,No,No,No,Month-to-month,Yes,Bank transfer,59.95,4135.82,59.08,1.4492,Brazil,1,0,BRL,No,,
CUST-01096,Female,0,Yes,Yes,2,3,Yes,Yes,Fiber optic,No,No,No,Yes,No,One year,Yes,Mailed check,77.6,111.2,55.6,69.1622,Brazil,1,0,BRL,No,,
CUST-01097,Female,0,Yes,No,6,5,Yes,No,Fiber optic,No,No,No,Yes,Yes,One year,No,Credit card,70.9,382.96,63.83,18.4655,Brazil,1,0,BRL,No,,
CUST-01098,Female,0,Yes,Yes,17,17,Yes,Yes,No,No internet service,No internet service,No internet service,No internet service,No internet service,Month-to-month,No,Bank transfer,25.51,413.37,24.32,6.1563,Brazil,1,0,BRL,No,,
CUST-01099,Male,0,Yes,No,26,25,Yes,Yes,DSL,Yes,Yes,Yes,Yes,No,Month-to-month,No,Credit card,54.29,1467.58,56.45,3.6968,Brazil,1,0,BRL,No,,
CUST-01100,Male,1,No,No,50,49,Yes,Yes,No,No internet service,No internet service,No internet service,No internet service,No internet service,Two year,Yes,Bank transfer,18.0,959.95,19.2,1.8731,Brazil,1,0,BRL,No,,
CUST-01101,Female,0,Yes,No,72,72,Yes,No,DSL,No,No,No,No,Yes,One year,Yes,Bank transfer,77.52,5572.83,77.4,1.3908,Brazil,1,0,BRL,No,,
CUST-01102,Female,0,No,No,14,14,Yes,Yes,DSL,Yes,Yes,No,Yes,Yes,Two year,No,Electronic check,64.21,908.09,64.86,7.0631,Brazil,1,0,BRL,No,LP001,
CUST-01103,Male,0,Yes,No,1,1,Yes,Yes,DSL,No,,No,No,Yes,Month-to-month,No,Electronic check,58.51,18.63,18.63,298.0642,Brazil,1,0,BRL,No,,
CUST-01104,Female,0,Yes,Yes,48,48,Yes,Yes,Fiber optic,Yes,No,No,Yes,No,One year,Yes,Bank transfer,114.26,5398.98,112.48,2.1159,Brazil,1,0,BRL,No,,
CUST-01105,Female,0,No,Yes,27,27,Yes,No,DSL,No,No,Yes,No,Yes,Month-to-month,No,Electronic check,60.96,1735.34,64.27,3.5108,Brazil,1,0,BRL,Yes,,
CUST-01106,Male,1,No,No,6,6,Yes,Yes,No,No internet service,No internet service,No internet service,No internet service,No internet service,Month-to-month,No,Mailed check,22.62,19.6,3.27,109.8058,Brazil,1,0,BRL,No,LP002,
CUST-01107,Female,1,Yes,Yes,20,20,Yes,Yes,No,No internet service,No internet service,No internet service,No internet service,No internet service,Month-to-month,Yes,Electronic check,34.56,599.41,29.97,5.7561,Brazil,1,0,BRL,Yes,,
CUST-01108,Female,0,No,Yes,40,40,Yes,Yes,Fiber optic,No,Yes,No,Yes,No,Month-to-month,Yes,Credit card,103.76,4240.22,106.01,2.4465,Brazil,1,0,BRL,No,,
CUST-01109,Male,1,No,No,44,44,Yes,Yes,Fiber optic,Yes,No,No,Yes,Yes,Month-to-month,Yes,Electronic check,96.27,,96.29,2.2717,Brazil,1,0,BRL,Yes,LP003,
CUST-01110,Male,0,No,No,20,20,Yes,No,No,No internet service,,No internet service,No internet service,No internet service,Month-to-month,Yes,Credit card,22.44,392.5,19.62,5.7027,Brazil,1,0,BRL,No,,
CUST-01111,Male,0,No,No,10,10,Yes,Yes,No,No internet service,No internet service,No internet service,No internet service,No internet service,Month-to-month,No,Bank transfer,27.88,312.94,31.29,8.8807,Brazil,1,0,BRL,No,,
CUST-01112,Female,0,Yes,No,72,72,Yes,Yes,Fiber optic,No,No,No,No,No,One year,Yes,Electronic check,86.79,6287.53,87.33,1.3801,Brazil,1,0,BRL,No,,
CUST-01113,Male,1,Yes,No,32,31,No,No phone service,Fiber optic,No,No,No,No,Yes,Month-to-month,No,Mailed check,71.31,2215.29,69.23,3.2175,Brazil,1,0,BRL,No,,
CUST-01114,Male,0,No,Yes,15,15,Yes,Yes,Fiber optic,No,Yes,Yes,No,No,Month-to-month,No,Electronic check,90.12,1325.16,88.34,6.7956,Brazil,1,0,BRL,Yes,,
CUST-01115,Male,0,Yes,No,9,9,Yes,Yes,Fiber optic,No,Yes,Yes,Yes,Yes,Month-to-month,Yes,Electronic check,99.45,938.86,104.32,10.5814,Brazil,1,0,BRL,No,,
CUST-01116,Male,0,No,No,39,38,No,No phone service,DSL,No,Yes,Yes,Yes,Yes,Month-to-month,Yes,Mailed check,59.84,2292.91,58.79,2.6086,Brazil,1,0,BRL,No,LP002,
CUST-01117,Male,0,Yes,No,8,8,Yes,No,Fiber optic,Yes,No,No,No,Yes,One year,No,Electronic check,87.86,716.99,89.62,12.2369,Brazil,1,0,BRL,Yes,,
CUST-01118,Male,0,Yes,Yes,5,6,Yes,No,DSL,No,No,Yes,No,Yes,Month-to-month,No,Credit card,58.51,363.79,72.76,16.0394,Brazil,1,0,BRL,No,,
CUST-01119,Female,1,No,No,22,22,Yes,No,Fiber optic,No,No,Yes,No,Yes,One year,No,Electronic check,66.8,1349.98,61.36,4.9446,Brazil,1,0,BRL,No,,
CUST-01120,Female,0,Yes,Yes,10,10,Yes,No,Fiber optic,No,,No,No,Yes,Month-to-month,Yes,Bank transfer,63.56,618.54,61.85,10.2592,Brazil,1,0,BRL,Yes,,
CUST-01121,Male,0,No,Yes,29,29,Yes,No,No,No internet service,No internet service,No internet service,No internet service,No internet service,Month-to-month,Yes,Mailed check,27.12,799.56,27.57,3.3876,Brazil,1,0,BRL,No,,
CUST-01122,Male,1,No,Yes,3,4,Yes,No,No,No internet service,No internet service,No internet service,No internet service,No internet service,Two year,No,Bank transfer,30.35,1.45,0.48,1238.7755,Brazil,1,0,BRL,No,,
CUST-01123,Male,0,No,No,31,32,Yes,No,Fiber optic,,No,No,Yes,Yes,One year,No,Mailed check,75.53,2314.95,74.68,3.2613,Brazil,1,0,BRL,No,LP003,
CUST-01124,Female,1,No,No,9,9,Yes,Yes,Fiber optic,,Yes,Yes,No,No,Month-to-month,Yes,Bank transfer,18.0,214.22,23.8,8.3635,Brazil,1,0,BRL,No,,58.2
CUST-01125,Female,0,No,No,1,1,Yes,Yes,DSL,Yes,No,Yes,No,No,Two year,No,Bank transfer,30.99,0.0,0.0,3099.0,Brazil,1,0,BRL,Yes,,
CUST-01126,Female,0,No,No,4,4,Yes,No,Fiber optic,Yes,No,Yes,Yes,No,Month-to-month,Yes,Bank transfer,87.52,275.86,68.96,31.6116,Brazil,1,0,BRL,Yes,,
CUST-01127,Female,0,No,No,72,72,Yes,No,DSL,No,Yes,Yes,No,Yes,Two year,No,Electronic check,71.71,5219.66,72.5,1.3736,Brazil,1,0,BRL,No,,
CUST-01128,Female,1,Yes,Yes,60,60,No,No phone service,DSL,No,No,No,Yes,No,One year,No,Bank transfer,64.78,3909.03,65.15,1.6568,Brazil,1,0,BRL,No,,
CUST-01129,Female,0,Yes,Yes,7,7,Yes,No,Fiber optic,,No,No,No,Yes,One year,Yes,Electronic check,62.47,433.85,61.98,14.3659,Brazil,1,0,BRL,No,,
CUST-01130,Female,0,Yes,No,45,45,Yes,No,DSL,No,Yes,Yes,Yes,Yes,Two year,No,Electronic check,78.29,3518.13,78.18,2.2247,Brazil,1,0,BRL,No,,
CUST-01131,Female,0,Yes,No,28,28,No,No phone service,DSL,Yes,No,No,Yes,Yes,Month-to-month,Yes,Mailed check,42.92,1253.17,44.76,3.4222,Brazil,1,0,BRL,No,,51.0
CUST-01132,Female,0,No,No,72,72,No,No phone service,No,No internet service,No internet service,No internet service,No internet service,No internet service,One year,Yes,Mailed check,27.72,2010.57,27.92,1.378,Brazil,1,0,BRL,No,,
CUST-01133,Male,0,No,Yes,14,13,Yes,No,DSL,No,No,Yes,No,Yes,Month-to-month,Yes,Mailed check,70.92,1025.16,73.23,6.9112,Brazil,1,0,BRL,No,,
CUST-01134,Male,0,No,Yes,34,34,Yes,Yes,DSL,Yes,Yes,Yes,No,No,Month-to-month,Yes,Bank transfer,69.91,2342.31,68.89,2.9834,Brazil,1,0,BRL,No,,
CUST-01135,Male,1,Yes,Yes,1,1,Yes,No,DSL,Yes,Yes,No,Yes,Yes,Month-to-month,Yes,Electronic check,37.1,0.0,0.0,3710.0,Brazil,1,0,BRL,Yes,,
CUST-01136,Male,0,No,No,15,16,Yes,No,DSL,Yes,No,No,No,No,Month-to-month,No,Electronic check,47.03,736.55,49.1,6.3765,Brazil,1,0,BRL,No,,
CUST-01137,Female,0,Yes,No,72,72,Yes,No,DSL,Yes,No,No,Yes,No,One year,No,Electronic check,80.34,5839.53,81.1,1.3756,Brazil,1,0,BRL,No,,
CUST-01138,Female,0,No,No,23,22,No,No phone service,Fiber optic,No,No,No,Yes,No,One year,Yes,Bank transfer,86.44,1976.89,85.95,4.3703,Brazil,1,0,BRL,No,,
CUST-01139,Male,1,No,No,10,10,Yes,No,DSL,No,No,Yes,Yes,No,One year,No,Mailed check,66.81,712.49,71.25,9.3638,Brazil,1,0,BRL,No,,
CUST-01140,Female,0,Yes,No,3,3,Yes,Yes,No,,No internet service,No internet service,No internet service,No internet service,Month-to-month,No,Mailed check,20.19,43.81,14.6,45.0569,Brazil,1,0,BRL,No,,
CUST-01141,Male,0,Yes,No,36,36,Yes,Yes,DSL,Yes,No,Yes,No,No,Month-to-month,No,Bank transfer,64.85,2330.07,64.72,2.782,Brazil,1,0,BRL,No,,
CUST-01142,Female,0,Yes,Yes,31,31,Yes,No,Fiber optic,Yes,No,No,No,Yes,Two year,No,Mailed check,64.93,2100.45,67.76,3.0898,Brazil,1,0,BRL,No,,
CUST-01143,Male,0,No,No,14,14,No,No phone service,Fiber optic,No,Yes,No,Yes,No,Month-to-month,Yes,Mailed check,57.54,790.98,56.5,7.2653,Brazil,1,0,BRL,No,,
CUST-01144,Female,0,No,No,72,72,Yes,Yes,Fiber optic,No,Yes,Yes,No,No,One year,Yes,Mailed check,98.55,7078.07,98.31,1.3921,Brazil,1,0,BRL,No,,
CUST-01145,Female,0,No,Yes,1,1,Yes,Yes,Fiber optic,Yes,,Yes,Yes,Yes,Two year,No,Bank transfer,67.04,0.0,0.0,6704.0,Brazil,1,0,BRL,No,,
CUST-01146,Male,0,Yes,No,10,11,Yes,No,No,No internet service,No internet service,No internet service,No internet service,No internet service,Two year,Yes,Bank transfer,24.33,277.8,27.78,8.7267,Brazil,1,0,BRL,No,,
CUST-01147,Female,0,Yes,No,72,72,Yes,Yes,DSL,,,Yes,No,Yes,Month-to-month,Yes,Electronic check,46.8,3334.11,46.31,1.4033,Brazil,1,0,BRL,Yes,,
CUST-01148,Male,0,No,No,11,11,Yes,No,Fiber optic,No,Yes,Yes,Yes,No,Two year,Yes,Electronic check,81.4,902.76,82.07,9.0068,Brazil,1,0,BRL,Yes,,
CUST-01149,Male,0,No,No,8,9,Yes,No,No,No internet service,No internet service,No internet service,No internet service,No internet service,Month-to-month,Yes,Electronic check,21.38,155.29,19.41,13.6797,Brazil,1,0,BRL,Yes,,
CUST-01150,Male,0,Yes,No,22,21,No,No phone service,DSL,No,,No,Yes,Yes,Two year,Yes,Bank transfer,54.01,1165.93,53.0,4.6284,Brazil,1,0,BRL,No,,44.5
CUST-01151,Male,0,Yes,No,52,53,Yes,No,DSL,No,Yes,No,No,Yes,Month-to-month,Yes,Credit card,80.41,4175.43,80.3,1.9253,Brazil,1,0,BRL,No,,
CUST-01152,Female,0,No,Yes,3,2,Yes,No,DSL,No,Yes,Yes,Yes,No,Month-to-month,Yes,Mailed check,49.7,147.06,49.02,33.5675,Brazil,1,0,BRL,No,,41.2
CUST-01153,Female,0,Yes,Yes,72,71,Yes,Yes,Fiber optic,Yes,No,Yes,No,Yes,Month-to-month,No,Electronic check,70.18,5111.76,71.0,1.3726,Brazil,1,0,BRL,Yes,,
CUST-01154,Female,0,Yes,Yes,47,46,Yes,Yes,DSL,No,No,Yes,No,No,Two year,No,Bank transfer,67.23,3235.82,68.85,2.077,Brazil,1,0,BRL,No,,
CUST-01155,Male,0,Yes,Yes,5,5,Yes,No,DSL,,Yes,Yes,Yes,No,Month-to-month,Yes,Credit card,44.32,254.14,50.83,17.3709,Brazil,1,0,BRL,No,,
CUST-01156,Female,0,No,No,37,37,Yes,No,Fiber optic,No,No,No,Yes,No,Month-to-month,Yes,Credit card,112.25,4216.83,113.97,2.6613,Brazil,1,0,BRL,No,,
CUST-01157,Male,0,No,No,14,14,Yes,Yes,Fiber optic,No,Yes,Yes,No,Yes,Month-to-month,Yes,Bank transfer,97.81,1412.05,100.86,6.9219,Brazil,1,0,BRL,No,,
CUST-01158,Female,0,No,Yes,15,14,Yes,Yes,DSL,No,No,No,Yes,Yes,Two year,Yes,Credit card,57.78,891.43,59.43,6.4745,Brazil,1,0,BRL,No,,
CUST-01159,Female,0,No,No,45,45,Yes,No,DSL,No,,No,Yes,No,Two year,Yes,Electronic check,56.02,2593.66,57.64,2.159,Brazil,1,0,BRL,No,,
CUST-01160,Female,0,No,Yes,72,72,Yes,No,Fiber optic,No,No,No,No,Yes,One year,Yes,Electronic check,66.87,4749.22,65.96,1.4077,Brazil,1,0,BRL,No,,
CUST-01161,Male,0,Yes,No,4,4,Yes,No,No,No internet service,No internet service,No internet service,No internet service,No internet service,One year,No,Electronic check,24.49,63.74,15.94,37.8282,Brazil,1,0,BRL,No,,
CUST-01162,Female,0,No,Yes,16,16,Yes,No,Fiber optic,,No,No,Yes,No,Month-to-month,Yes,Bank transfer,56.58,864.23,54.01,6.5393,Brazil,1,0,BRL,Yes,LP002,
CUST-01163,Female,1,Yes,No,19,19,Yes,No,No,No internet service,No internet service,No internet service,No internet service,No internet service,Month-to-month,Yes,Electronic check,27.29,503.44,26.5,5.41,Brazil,1,0,BRL,No,,
CUST-01164,Male,0,No,Yes,14,14,Yes,No,Fiber optic,,No,Yes,No,No,Two year,Yes,Mailed check,58.69,855.96,61.14,6.8486,Brazil,1,0,BRL,No,,
CUST-01165,Female,1,Yes,No,13,14,Yes,No,DSL,No,Yes,Yes,Yes,No,Month-to-month,No,Mailed check,64.14,778.06,59.85,8.233,Brazil,1,0,BRL,Yes,,
CUST-01166,Male,0,Yes,No,1,1,Yes,No,Fiber optic,,,No,No,No,Month-to-month,No,Electronic check,113.62,138.76,138.76,81.2965,Brazil,1,0,BRL,Yes,,
CUST-01167,Female,0,Yes,No,34,34,No,No phone service,No,No internet service,No internet service,No internet service,No internet service,No internet service,Month-to-month,No,Credit card,21.67,707.43,20.81,3.0589,Brazil,1,0,BRL,No,,
CUST-01168,Male,0,Yes,Yes,17,18,Yes,Yes,Fiber optic,Yes,No,No,No,No,Month-to-month,Yes,Electronic check,99.66,1676.87,98.64,5.9397,Brazil,1,0,BRL,No,,
CUST-01169,Male,0,Yes,Yes,6,7,Yes,Yes,No,No internet service,No internet service,No internet service,No internet service,No internet service,Month-to-month,Yes,Mailed check,29.03,184.2,30.7,15.6749,Brazil,1,0,BRL,No,,
CUST-01170,Female,0,Yes,Yes,50,50,Yes,No,No,No internet service,No internet service,No internet service,No internet service,No internet service,Month-to-month,Yes,Bank transfer,24.43,1305.56,26.11,1.8698,Brazil,1,0,BRL,No,,
CUST-01171,Male,0,No,No,48,48,Yes,No,DSL,,No,Yes,Yes,No,Month-to-month,No,Electronic check,71.12,3378.14,70.38,2.1047,Brazil,1,0,BRL,No,,
CUST-01172,Male,0,Yes,Yes,19,19,Yes,Yes,DSL,Yes,No,Yes,No,No,Month-to-month,Yes,Bank transfer,44.03,832.57,43.82,5.2821,Brazil,1,0,BRL,No,LP003,
CUST-01173,Male,1,No,No,10,11,No,No phone service,DSL,Yes,No,No,No,Yes,Month-to-month,No,Credit card,44.42,390.29,39.03,11.3522,Brazil,1,0,BRL,No,LP001,
CUST-01174,Male,0,No,No,30,31,No,No phone service,Fiber optic,,No,No,Yes,No,Month-to-month,No,Credit card,115.53,3429.8,114.33,3.3674,Brazil,1,0,BRL,Yes,,
CUST-01175,Male,0,No,No,10,10,Yes,No,DSL,No,No,No,No,Yes,Month-to-month,No,Credit card,63.51,580.73,58.07,10.9174,Brazil,1,0,BRL,No,LP003,
CUST-01176,Male,0,No,No,8,9,Yes,Yes,No,No internet service,No internet service,No internet service,No internet service,No internet service,Two year,Yes,Electronic check,27.65,233.44,29.18,11.7941,Brazil,1,0,BRL,No,,
CUST-01177,Female,0,No,Yes,39,39,Yes,Yes,DSL,Yes,No,Yes,Yes,No,Month-to-month,No,Bank transfer,43.5,1717.77,44.05,2.5309,Brazil,1,0,BRL,No,,
CUST-01178,Male,0,Yes,Yes,1,1,Yes,No,DSL,No,No,No,Yes,No,One year,Yes,Electronic check,59.35,93.7,93.7,62.6716,Brazil,1,0,BRL,No,LP003,53.8
CUST-01179,Male,0,Yes,No,2,2,Yes,Yes,DSL,Yes,No,No,Yes,No,One year,Yes,Electronic check,36.94,36.2,18.1,99.3011,Brazil,1,0,BRL,Yes,LP002,
CUST-01180,Female,0,Yes,No,1,1,Yes,No,No,No internet service,No internet service,No internet service,No internet service,No internet service,One year,Yes,Electronic check,18.0,43.4,43.4,40.5405,Brazil,1,0,BRL,No,LP003,
CUST-01181,Female,0,No,Yes,4,4,No,No phone service,Fiber optic,No,No,No,No,No,Month-to-month,No,Electronic check,87.82,356.94,89.24,24.5348,Brazil,1,0,BRL,Yes,,54.4
CUST-01182,Female,0,No,Yes,2,3,Yes,Yes,No,No internet service,No internet service,No internet service,No internet service,No internet service,Month-to-month,Yes,Credit card,25.84,48.79,24.4,51.898,Brazil,1,0,BRL,No,LP002,
CUST-01183,Female,0,Yes,No,72,72,Yes,Yes,No,No internet service,,No internet service,No internet service,No internet service,Month-to-month,Yes,Mailed check,22.96,1591.05,22.1,1.4422,Brazil,1,1,BRL,No,,39.0
CUST-01184,Female,0,Yes,Yes,10,9,Yes,Yes,Fiber optic,,No,No,Yes,No,One year,Yes,Mailed check,95.46,962.26,96.23,9.9101,Brazil,1,0,BRL,Yes,,
CUST-01185,Female,1,No,No,4,4,Yes,Yes,DSL,,No,Yes,No,Yes,Month-to-month,No,Mailed check,35.57,151.53,37.88,23.32,Brazil,1,0,BRL,Yes,,
CUST-01186,Female,1,Yes,No,8,8,Yes,Yes,DSL,No,Yes,No,No,Yes,Two year,No,Mailed check,48.73,394.93,49.37,12.3077,Brazil,1,0,BRL,No,,44.2
CUST-01187,Male,0,No,Yes,72,72,No,No phone service,DSL,No,No,Yes,No,Yes,Two year,No,Credit card,31.3,2273.6,31.58,1.3761,Brazil,1,0,BRL,No,,
CUST-01188,Male,0,No,Yes,22,22,Yes,Yes,Fiber optic,No,No,No,No,No,Month-to-month,Yes,Electronic check,44.43,1012.19,46.01,4.3852,Brazil,1,0,BRL,Yes,,
CUST-01189,Female,0,No,Yes,13,13,Yes,No,DSL,,No,No,No,No,Month-to-month,Yes,Bank transfer,19.23,195.09,15.01,9.8067,Brazil,1,0,BRL,No,,
CUST-01190,Male,0,No,No,61,62,Yes,Yes,DSL,Yes,No,No,Yes,Yes,One year,No,Mailed check,48.24,2931.81,48.06,1.6448,Brazil,1,0,BRL,No,,
CUST-01191,Male,1,No,No,15,15,Yes,No,Fiber optic,Yes,No,No,No,Yes,Month-to-month,Yes,Electronic check,88.32,1350.59,90.04,6.5345,Brazil,1,0,BRL,Yes,,
CUST-01192,Male,0,No,No,12,12,No,No phone service,Fiber optic,Yes,No,No,No,No,Month-to-month,No,Mailed check,76.58,905.54,75.46,8.4475,Brazil,1,0,BRL,No,,
CUST-01193,Female,0,No,No,6,6,Yes,Yes,Fiber optic,Yes,Yes,No,Yes,No,Two year,Yes,Credit card,83.22,547.29,91.21,15.1781,Brazil,1,0,BRL,No,,
CUST-01194,Female,0,No,No,14,14,No,No phone service,Fiber optic,Yes,No,Yes,No,No,Month-to-month,Yes,Electronic check,65.6,922.91,65.92,7.1003,Brazil,1,0,BRL,No,,
CUST-01195,Male,0,Yes,Yes,11,10,Yes,No,No,No internet service,No internet service,No internet service,No internet service,No internet service,Two year,Yes,Electronic check,26.22,190.67,17.33,13.6798,Brazil,1,0,BRL,No,,
CUST-01196,Female,0,Yes,Yes,33,34,Yes,No,Fiber optic,Yes,No,No,No,No,One year,No,Electronic check,99.66,3330.75,100.93,2.9912,Brazil,1,0,BRL,Yes,,
CUST-01197,Male,1,Yes,No,10,8,Yes,No,DSL,No,No,No,No,No,Two year,Yes,Bank transfer,19.73,191.44,19.14,10.2525,Brazil,1,0,BRL,No,LP001,
CUST-01198,Male,0,Yes,Yes,25,25,Yes,No,No,No internet service,No internet service,No internet service,No internet service,No internet service,Month-to-month,Yes,Bank transfer,19.09,388.76,15.55,4.8979,Brazil,1,0,BRL,No,LP003,47.4
CUST-01199,Male,0,No,Yes,2,1,Yes,No,No,No internet service,,No internet service,No internet service,No internet service,Month-to-month,No,Mailed check,32.17,51.73,25.86,61.0089,Brazil,1,0,BRL,Yes,,
CUST-01200,Male,1,No,No,6,6,Yes,No,DSL,Yes,No,Yes,Yes,No,Month-to-month,Yes,Mailed check,53.23,255.96,42.66,20.7153,Brazil,1,0,BRL,No,LP003,
CUST-01201,Female,0,Yes,No,15,15,Yes,No,Fiber optic,Yes,Yes,No,No,No,Month-to-month,No,Credit card,78.41,,80.92,6.4545,Brazil,1,0,BRL,No,,
CUST-01202,Female,0,Yes,No,72,71,Yes,No,Fiber optic,Yes,No,No,Yes,No,Month-to-month,Yes,Bank transfer,73.79,5311.09,73.77,1.3891,Brazil,1,0,BRL,Yes,,
CUST-01203,Female,0,No,No,14,13,No,No phone service,DSL,No,No,No,No,No,Month-to-month,No,Credit card,45.46,590.25,42.16,7.6888,Brazil,1,0,BRL,Yes,,
CUST-01204,Male,0,Yes,Yes,32,32,No,No phone service,No,No internet service,No internet service,No internet service,No internet service,No internet service,Month-to-month,Yes,Credit card,19.29,657.82,20.56,2.928,Brazil,1,0,BRL,No,,
CUST-01205,Female,1,Yes,No,8,9,Yes,Yes,DSL,Yes,No,No,No,Yes,Month-to-month,Yes,Bank transfer,49.22,,52.09,11.7839,Brazil,1,0,BRL,No,,
CUST-01206,Male,0,No,Yes,4,4,No,No phone service,No,No internet service,No internet service,No internet service,No internet service,No internet service,Two year,No,Mailed check,20.36,69.65,17.41,28.8181,Brazil,1,0,BRL,No,,
CUST-01207,Female,1,No,No,1,1,Yes,No,Fiber optic,Yes,No,No,Yes,No,Month-to-month,Yes,Credit card,93.93,31.65,31.65,287.6876,Brazil,1,0,BRL,Yes,,
CUST-01208,Male,0,Yes,No,10,11,Yes,No,Fiber optic,No,Yes,Yes,Yes,Yes,Month-to-month,Yes,Credit card,48.55,443.38,44.34,10.9253,Brazil,1,0,BRL,Yes,,
CUST-01209,Male,1,Yes,Yes,5,4,Yes,No,DSL,No,No,No,No,No,One year,Yes,Electronic check,67.61,295.18,59.04,22.8273,Brazil,1,0,BRL,No,,39.8
CUST-01210,Male,0,Yes,No,5,5,No,No phone service,DSL,No,No,No,Yes,No,Two year,No,Electronic check,54.05,307.57,61.51,17.5163,Brazil,1,0,BRL,No,,
CUST-01211,Female,0,No,Yes,42,41,Yes,Yes,DSL,Yes,No,No,Yes,Yes,Month-to-month,Yes,Credit card,39.71,1583.78,37.71,2.5057,Brazil,1,0,BRL,No,,
CUST-01212,Female,0,No,No,1,1,Yes,Yes,DSL,Yes,No,Yes,Yes,No,Month-to-month,No,Electronic check,58.02,55.66,55.66,102.4003,Brazil,1,0,BRL,No,LP003,
CUST-01213,Female,1,Yes,No,24,25,Yes,No,Fiber optic,No,Yes,Yes,Yes,No,One year,No,Credit card,80.41,1917.33,79.89,4.1917,Brazil,1,0,BRL,No,,
CUST-01214,Female,0,No,No,14,14,Yes,No,No,No internet service,No internet service,No internet service,No internet service,No internet service,Two year,No,Mailed check,24.8,398.98,28.5,6.2003,Brazil,1,0,BRL,No,,
CUST-01215,Male,0,No,No,21,21,Yes,Yes,Fiber optic,No,No,Yes,No,Yes,Two year,Yes,Electronic check,86.29,1823.73,86.84,4.7289,Brazil,1,0,BRL,No,,
CUST-01216,Female,0,Yes,Yes,24,24,Yes,No,Fiber optic,Yes,No,No,Yes,Yes,One year,Yes,Electronic check,95.51,2319.0,96.62,4.1168,Brazil,1,0,BRL,No,,52.2
CUST-01217,Female,0,No,No,11,10,Yes,Yes,Fiber optic,No,Yes,Yes,No,Yes,Month-to-month,No,Electronic check,73.36,780.69,70.97,9.3848,Brazil,1,0,BRL,No,,
CUST-01218,Male,1,No,No,10,10,No,No phone service,No,No internet service,No internet service,No internet service,No internet service,No internet service,Month-to-month,Yes,Electronic check,25.99,198.35,19.84,13.0374,Brazil,1,0,BRL,Yes,,
CUST-01219,Male,0,Yes,Yes,39,40,Yes,No,No,No internet service,No internet service,No internet service,No internet service,No internet service,Month-to-month,Yes,Mailed check,24.92,955.61,24.5,2.605,Brazil,1,0,BRL,No,LP001,
CUST-01220,Male,0,Yes,No,61,61,Yes,Yes,DSL,,No,No,No,No,One year,Yes,Bank transfer,62.23,3834.89,62.87,1.6223,Brazil,1,0,BRL,No,LP002,48.3
CUST-01221,Female,0,No,No,6,6,Yes,No,No,No internet service,No internet service,No internet service,No internet service,No internet service,One year,Yes,Credit card,33.82,,40.28,13.9372,Brazil,1,0,BRL,No,,
CUST-01222,Male,0,No,Yes,3,2,Yes,No,Fiber optic,Yes,Yes,No,Yes,No,Two year,Yes,Mailed check,50.58,130.21,43.4,38.5489,Brazil,1,0,BRL,Yes,,
CUST-01223,Male,0,No,No,68,68,Yes,No,No,No internet service,No internet service,No internet service,No internet service,No internet service,Month-to-month,Yes,Mailed check,25.22,1671.92,24.59,1.5075,Brazil,1,0,BRL,No,,
CUST-01224,Male,0,No,Yes,12,13,Yes,Yes,Fiber optic,No,No,Yes,Yes,No,Month-to-month,No,Mailed check,114.88,1325.73,110.48,8.6589,Brazil,1,0,BRL,Yes,LP003,
CUST-01225,Female,0,No,No,24,24,No,No phone service,Fiber optic,No,Yes,Yes,No,Yes,Month-to-month,Yes,Mailed check,90.59,2167.33,90.31,4.1779,Brazil,1,0,BRL,No,,
CUST-01226,Male,0,Yes,Yes,13,12,Yes,No,DSL,,No,No,No,No,One year,Yes,Mailed check,48.79,641.1,49.32,7.5985,Brazil,1,0,BRL,No,,
CUST-01227,Female,0,No,No,4,5,No,No phone service,DSL,No,No,No,No,No,Two year,Yes,Electronic check,45.62,256.14,64.04,17.7413,Brazil,1,0,BRL,Yes,,
CUST-01228,Female,0,Yes,No,26,26,Yes,No,Fiber optic,No,Yes,No,Yes,No,Month-to-month,Yes,Electronic check,94.14,2453.81,94.38,3.8349,Brazil,1,0,BRL,No,,
CUST-01229,Male,0,Yes,No,22,22,Yes,Yes,No,No internet service,No internet service,No internet service,No internet service,No internet service,Month-to-month,Yes,Electronic check,25.49,591.47,26.88,4.3023,Brazil,1,0,BRL,Yes,,
CUST-01230,Male,0,No,No,6,6,Yes,Yes,Fiber optic,No,Yes,No,Yes,No,Month-to-month,No,Electronic check,85.71,475.24,79.21,17.9972,Brazil,1,0,BRL,No,,
CUST-01231,Female,0,No,No,18,19,Yes,No,DSL,No,No,No,No,No,Month-to-month,No,Bank transfer,42.62,769.25,42.74,5.5333,Brazil,1,0,BRL,No,,
CUST-01232,Male,1,Yes,No,47,46,Yes,No,No,No internet service,No internet service,No internet service,No internet service,No internet service,Two year,Yes,Electronic check,27.35,1292.45,27.5,2.1145,Brazil,1,0,BRL,No,,
CUST-01233,Male,1,No,Yes,26,26,Yes,Yes,Fiber optic,No,Yes,No,Yes,No,Month-to-month,Yes,Credit card,74.92,1940.89,74.65,3.8581,Brazil,1,0,BRL,Yes,LP001,
CUST-01234,Female,0,Yes,No,3,3,Yes,Yes,DSL,Yes,No,No,No,No,Two year,Yes,Credit card,48.49,144.38,48.13,33.354,Brazil,1,0,BRL,No,,
CUST-01235,Female,0,Yes,No,23,24,Yes,No,DSL,No,No,No,Yes,Yes,One year,No,Credit card,37.88,877.55,38.15,4.3116,Brazil,1,0,BRL,No,,
CUST-01236,Male,1,Yes,No,36,36,Yes,Yes,DSL,No,No,Yes,No,No,Two year,No,Credit card,67.46,2452.61,68.13,2.7494,Brazil,1,0,BRL,No,,
CUST-01237,Female,0,No,No,47,48,No,No phone service,No,No internet service,No internet service,No internet service,No internet service,No internet service,Month-to-month,No,Electronic check,34.39,1674.79,35.63,2.0522,Brazil,1,0,BRL,No,,
CUST-01238,Male,0,No,No,29,29,Yes,Yes,No,No internet service,No internet service,No internet service,No internet service,No internet service,Two year,Yes,Mailed check,26.44,653.48,22.53,4.0398,Brazil,1,0,BRL,No,,
CUST-01239,Male,0,Yes,No,4,4,Yes,Yes,DSL,Yes,No,No,Yes,Yes,Month-to-month,No,Electronic check,44.2,232.49,58.12,18.9301,Brazil,1,0,BRL,No,,
CUST-01240,Male,0,No,No,37,37,Yes,No,DSL,No,No,Yes,No,No,Month-to-month,Yes,Credit card,54.25,1921.71,51.94,2.8215,Brazil,1,0,BRL,No,,
CUST-01241,Female,0,Yes,Yes,33,34,Yes,Yes,No,No internet service,No internet service,No internet service,No internet service,No internet service,Month-to-month,Yes,Credit card,20.72,699.2,21.19,2.9592,Brazil,1,0,BRL,No,,
CUST-01242,Male,0,No,No,1,1,Yes,Yes,No,No internet service,No internet service,No internet service,No internet service,No internet service,Month-to-month,No,Credit card,21.95,139.73,139.73,15.5972,Brazil,1,0,BRL,No,,
CUST-01243,Male,1,Yes,No,15,15,Yes,Yes,Fiber optic,No,,No,Yes,No,Month-to-month,No,Mailed check,51.38,768.57,51.24,6.6765,Brazil,1,0,BRL,No,,
CUST-01244,Male,1,Yes,No,12,12,Yes,Yes,Fiber optic,No,No,Yes,No,No,Month-to-month,Yes,Bank transfer,94.25,1140.0,95.0,8.2603,Brazil,1,0,BRL,No,LP002,57.5
CUST-01245,Female,0,No,No,33,33,Yes,No,DSL,Yes,No,No,No,No,Two year,Yes,Electronic check,80.26,2633.07,79.79,3.047,Brazil,1,0,BRL,No,,
CUST-01246,Female,0,Yes,Yes,7,8,Yes,Yes,Fiber optic,No,No,No,Yes,No,Month-to-month,Yes,Electronic check,109.7,801.26,114.47,13.6739,Brazil,1,0,BRL,No,,
CUST-01247,Female,0,Yes,No,26,26,Yes,No,DSL,No,No,No,No,Yes,Two year,Yes,Bank transfer,88.44,2317.55,89.14,3.8145,Brazil,1,0,BRL,No,,
CUST-01248,Female,0,No,No,72,72,Yes,Yes,No,No internet service,No internet service,No internet service,No internet service,No internet service,Two year,Yes,Mailed check,22.05,1553.8,21.58,1.4182,Brazil,1,0,BRL,No,,46.0
CUST-01249,Female,0,No,Yes,47,47,Yes,Yes,Fiber optic,Yes,No,No,Yes,No,Month-to-month,No,Credit card,40.39,1892.61,40.27,2.133,Brazil,1,0,BRL,No,,
CUST-01250,Male,0,Yes,No,72,71,Yes,Yes,No,No internet service,No internet service,No internet service,No internet service,No internet service,One year,No,Electronic check,27.08,1893.84,26.3,1.4291,Brazil,1,0,BRL,No,,
CUST-01251,Female,1,Yes,Yes,72,72,Yes,Yes,Fiber optic,Yes,No,No,No,Yes,Month-to-month,No,Credit card,78.4,5638.85,78.32,1.3901,Brazil,1,0,BRL,Yes,,
CUST-01252,Female,0,Yes,No,1,1,Yes,No,No,No internet service,No internet service,No internet service,No internet service,No internet service,Month-to-month,No,Mailed check,18.84,0.0,0.0,1884.0,Brazil,1,0,BRL,No,,
CUST-01253,Female,0,No,Yes,29,28,Yes,No,DSL,No,No,No,Yes,No,Month-to-month,Yes,Credit card,48.98,1427.25,49.22,3.4294,Brazil,1,0,BRL,No,,
CUST-01254,Male,1,Yes,No,15,15,Yes,No,Fiber optic,Yes,No,Yes,Yes,No,Two year,No,Credit card,72.04,1045.1,69.67,6.8865,Brazil,1,0,BRL,Yes,,
CUST-01255,Female,0,No,No,58,57,No,No phone service,Fiber optic,Yes,No,No,Yes,No,Month-to-month,No,Credit card,75.66,4377.56,75.48,1.728,Brazil,1,0,BRL,Yes,LP001,
CUST-01256,Female,0,No,No,8,8,Yes,Yes,DSL,No,No,No,No,No,One year,Yes,Electronic check,38.34,307.16,38.4,12.4416,Brazil,1,0,BRL,No,LP001,
CUST-01257,Male,0,Yes,No,72,72,Yes,Yes,No,No internet service,No internet service,No internet service,No internet service,No internet service,Month-to-month,Yes,Credit card,24.26,1750.64,24.31,1.385,Brazil,1,0,BRL,No,,
CUST-01258,Female,0,Yes,No,28,28,Yes,No,Fiber optic,Yes,No,No,No,No,Two year,Yes,Electronic check,84.93,2391.75,85.42,3.5495,Brazil,1,0,BRL,No,,36.2
CUST-01259,Male,0,Yes,Yes,47,47,Yes,Yes,Fiber optic,No,Yes,No,Yes,No,Month-to-month,No,Electronic check,78.27,3669.98,78.08,2.1321,Brazil,1,0,BRL,No,,
CUST-01260,Male,0,Yes,Yes,2,2,Yes,Yes,No,No internet service,,No internet service,No internet service,No internet service,One year,No,Mailed check,26.47,13.61,6.8,181.1773,Brazil,1,0,BRL,No,,
CUST-01261,Male,0,No,No,6,6,Yes,Yes,No,,No internet service,No internet service,No internet service,No internet service,One year,Yes,Credit card,31.4,192.5,32.08,16.2274,Brazil,1,0,BRL,Yes,,65.8
CUST-01262,Male,1,Yes,Yes,42,42,No,No phone service,Fiber optic,Yes,No,Yes,No,No,One year,No,Mailed check,58.7,2456.46,58.49,2.3886,Brazil,1,0,BRL,No,,
CUST-01263,Male,0,Yes,No,1,1,Yes,No,No,No internet service,No internet service,No internet service,No internet service,No internet service,Two year,Yes,Credit card,24.09,75.32,75.32,31.5645,Brazil,1,0,BRL,No,,
CUST-01264,Female,0,No,No,50,50,Yes,No,DSL,No,,No,No,Yes,Two year,No,Bank transfer,46.21,,47.36,1.9506,Brazil,1,0,BRL,No,,
CUST-01265,Male,0,Yes,No,1,2,Yes,No,DSL,No,No,Yes,Yes,Yes,Month-to-month,Yes,Electronic check,56.78,0.0,0.0,5678.0,Brazil,1,0,BRL,No,,
CUST-01266,Male,0,No,No,32,32,No,No phone service,Fiber optic,No,No,Yes,No,Yes,Month-to-month,Yes,Credit card,104.27,3367.5,105.23,3.0954,Brazil,1,0,BRL,No,,
CUST-01267,Female,0,Yes,Yes,13,12,Yes,No,Fiber optic,No,No,No,Yes,Yes,Month-to-month,Yes,Electronic check,105.65,1414.34,108.8,7.4646,Brazil,1,0,BRL,No,,
CUST-01268,Male,0,No,No,28,28,Yes,Yes,Fiber optic,No,Yes,Yes,No,No,Month-to-month,No,Credit card,70.67,1911.47,68.27,3.6952,Brazil,1,0,BRL,No,,56.4
CUST-01269,Female,0,No,No,35,35,Yes,No,DSL,Yes,Yes,No,No,No,Month-to-month,Yes,Electronic check,64.14,2273.87,64.97,2.8195,Brazil,1,0,BRL,No,,
CUST-01270,Female,0,No,No,12,12,Yes,Yes,Fiber optic,No,No,Yes,Yes,Yes,Month-to-month,No,Mailed check,81.52,1023.04,85.25,7.9606,Brazil,1,0,BRL,No,LP001,
CUST-01271,Female,0,No,No,3,3,Yes,Yes,No,No internet service,No internet service,No internet service,No internet service,No internet service,Month-to-month,Yes,Mailed check,19.09,9.79,3.26,176.9231,Brazil,1,0,BRL,No,,
CUST-01272,Male,0,Yes,Yes,2,1,No,No phone service,Fiber optic,No,No,Yes,No,Yes,Two year,No,Electronic check,74.22,136.62,68.31,53.9311,Brazil,1,0,BRL,No,,
CUST-01273,Male,0,Yes,No,26,26,Yes,No,No,No internet service,,No internet service,No internet service,No internet service,Month-to-month,No,Mailed check,27.15,715.22,27.51,3.7907,Brazil,1,0,BRL,No,,
CUST-01274,Male,1,No,No,22,22,Yes,No,No,No internet service,,No internet service,No internet service,No internet service,Two year,Yes,Electronic check,20.32,475.56,21.62,4.2639,Brazil,1,0,BRL,No,LP001,
CUST-01275,Female,0,No,No,40,41,Yes,No,DSL,No,No,No,Yes,No,Month-to-month,Yes,Electronic check,38.68,1497.78,37.44,2.5808,Brazil,1,0,BRL,No,,
CUST-01276,Male,0,Yes,Yes,21,21,Yes,Yes,DSL,Yes,No,No,No,Yes,One year,No,Electronic check,53.98,1191.43,56.73,4.5269,Brazil,1,0,BRL,No,,45.0
CUST-01277,Male,0,Yes,No,16,16,Yes,Yes,DSL,No,Yes,No,No,No,Two year,No,Mailed check,71.72,1046.05,65.38,6.8497,Brazil,1,0,BRL,No,,
CUST-01278,Male,0,Yes,No,15,15,Yes,Yes,No,No internet service,No internet service,No internet service,No internet service,No internet service,Month-to-month,No,Credit card,29.31,505.84,33.72,5.7829,Brazil,1,0,BRL,No,,
CUST-01279,Female,0,Yes,Yes,1,1,Yes,No,DSL,No,Yes,Yes,No,Yes,Month-to-month,Yes,Mailed check,49.0,76.51,76.51,63.2176,Brazil,1,0,BRL,No,,
CUST-01280,Female,0,Yes,No,12,12,Yes,No,DSL,,Yes,No,No,Yes,Month-to-month,Yes,Credit card,81.72,949.55,79.13,8.5971,Brazil,1,0,BRL,No,,
CUST-01281,Male,0,No,No,72,72,Yes,Yes,No,No internet service,No internet service,No internet service,No internet service,No internet service,Month-to-month,No,Bank transfer,24.34,1795.7,24.94,1.3547,Brazil,1,0,BRL,No,LP001,
CUST-01282,Male,0,Yes,No,62,63,Yes,Yes,Fiber optic,No,No,No,Yes,Yes,Two year,Yes,Bank transfer,60.61,,59.76,1.6353,Brazil,1,0,BRL,No,LP003,
CUST-01283,Male,0,Yes,No,11,11,Yes,No,DSL,No,Yes,No,No,No,Two year,Yes,Bank transfer,53.27,591.72,53.79,8.9874,Brazil,1,0,BRL,No,,
CUST-01284,Male,0,No,Yes,26,26,Yes,No,DSL,No,,Yes,Yes,No,Month-to-month,Yes,Mailed check,34.82,917.25,35.28,3.792,Brazil,1,0,BRL,Yes,LP002,53.9
CUST-01285,Female,0,No,No,56,56,Yes,No,No,No internet service,,No internet service,No internet service,No internet service,Month-to-month,No,Bank transfer,18.0,1019.81,18.21,1.7633,Brazil,1,0,BRL,Yes,LP003,
CUST-01286,Female,1,No,No,17,16,No,No phone service,No,No internet service,No internet service,No internet service,No internet service,No internet service,Month-to-month,No,Electronic check,18.0,264.01,15.53,6.7922,Brazil,1,0,BRL,No,,
CUST-01287,Female,0,No,No,1,2,Yes,No,DSL,No,No,No,Yes,No,Month-to-month,Yes,Credit card,54.55,29.75,29.75,177.3984,Brazil,1,0,BRL,Yes,,
CUST-01288,Female,0,Yes,No,2,3,Yes,No,Fiber optic,No,Yes,Yes,No,No,One year,Yes,Bank transfer,68.81,143.96,71.98,47.4683,Brazil,1,0,BRL,No,,
CUST-01289,Male,0,No,No,21,21,Yes,Yes,No,,No internet service,No internet service,No internet service,No internet service,Month-to-month,Yes,Electronic check,26.4,518.06,24.67,5.0861,Brazil,1,0,BRL,Yes,,
CUST-01290,Male,0,No,Yes,72,72,Yes,No,Fiber optic,Yes,No,No,No,Yes,Month-to-month,Yes,Bank transfer,80.42,5803.81,80.61,1.3854,Brazil,1,0,BRL,Yes,,
CUST-01291,Male,0,Yes,No,35,35,Yes,No,No,No internet service,No internet service,No internet service,No internet service,No internet service,Month-to-month,Yes,Electronic check,23.16,779.89,22.28,2.9658,Brazil,1,0,BRL,No,,
CUST-01292,Female,0,No,No,2,2,Yes,Yes,Fiber optic,No,No,No,No,Yes,Month-to-month,No,Electronic check,93.81,237.62,118.81,39.3136,Brazil,1,0,BRL,No,,55.3
CUST-01293,Male,0,No,No,6,5,Yes,No,No,No internet service,,No internet service,No internet service,No internet service,One year,Yes,Electronic check,25.9,233.53,38.92,11.0434,Brazil,1,0,BRL,Yes,,
CUST-01294,Female,0,Yes,No,44,44,Yes,No,DSL,Yes,Yes,No,No,No,Month-to-month,Yes,Bank transfer,63.99,,63.65,2.284,Brazil,1,0,BRL,No,,
CUST-01295,Female,0,Yes,No,55,56,Yes,No,DSL,Yes,No,No,Yes,No,Two year,No,Bank transfer,79.65,4426.76,80.49,1.7989,Brazil,1,0,BRL,No,,
CUST-01296,Male,0,Yes,No,28,28,Yes,Yes,Fiber optic,No,No,No,Yes,No,Two year,Yes,Credit card,106.54,2972.5,106.16,3.583,Brazil,1,0,BRL,Yes,,
CUST-01297,Male,0,Yes,Yes,31,32,No,No phone service,Fiber optic,No,No,Yes,Yes,No,Month-to-month,No,Electronic check,100.04,3054.42,98.53,3.2742,Brazil,1,0,BRL,Yes,,
CUST-01298,Male,0,Yes,No,1,1,Yes,Yes,No,No internet service,,No internet service,No internet service,No internet service,Month-to-month,Yes,Mailed check,32.29,11.0,11.0,269.0833,Brazil,1,0,BRL,No,,
CUST-01299,Female,0,No,No,52,51,Yes,No,DSL,No,No,No,Yes,No,Two year,Yes,Bank transfer,63.01,3280.8,63.09,1.92,Brazil,1,0,BRL,No,LP001,
CUST-01300,Male,0,Yes,No,46,46,Yes,No,No,No internet service,No internet service,No internet service,No internet service,No internet service,Two year,No,Electronic check,34.76,1509.61,32.82,2.3011,Brazil,1,0,BRL,No,,
CUST-01301,Female,0,No,No,8,8,Yes,Yes,DSL,No,No,No,No,Yes,Two year,Yes,Bank transfer,57.49,491.2,61.4,11.6802,Brazil,1,0,BRL,No,,
CUST-01302,Male,0,No,No,36,35,Yes,Yes,Fiber optic,No,No,Yes,Yes,Yes,Month-to-month,Yes,Electronic check,74.95,2702.5,75.07,2.7723,Brazil,1,0,BRL,Yes,,
CUST-01303,Female,0,No,No,7,6,Yes,No,DSL,No,Yes,Yes,Yes,Yes,Two year,No,Electronic check,41.33,339.34,48.48,12.1437,Brazil,1,0,BRL,No,,
CUST-01304,Female,1,No,No,1,1,Yes,Yes,Fiber optic,No,No,Yes,No,No,Month-to-month,No,Mailed check,60.28,90.69,90.69,65.7433,Brazil,1,0,BRL,No,,
CUST-01305,Male,0,Yes,No,6,6,Yes,No,Fiber optic,,,Yes,No,Yes,One year,Yes,Bank transfer,92.13,558.78,93.13,16.4583,Brazil,1,0,BRL,No,,
CUST-01306,Female,0,Yes,No,5,5,Yes,No,Fiber optic,No,Yes,Yes,No,Yes,Two year,Yes,Electronic check,50.58,235.11,47.02,21.4222,Brazil,1,0,BRL,No,LP003,
CUST-01307,Female,0,No,No,12,13,Yes,No,DSL,Yes,No,No,Yes,No,Month-to-month,No,Electronic check,47.36,644.46,53.71,7.3374,Brazil,1,0,BRL,No,,
CUST-01308,Male,0,No,No,16,16,Yes,No,Fiber optic,No,No,Yes,No,Yes,Two year,Yes,Electronic check,79.69,1383.53,86.47,5.7557,Brazil,1,0,BRL,No,,
CUST-01309,Female,0,No,No,21,20,Yes,Yes,No,No internet service,No internet service,No internet service,No internet service,No internet service,Month-to-month,No,Electronic check,22.15,448.19,21.34,4.9311,Brazil,1,0,BRL,No,LP002,
CUST-01310,Male,0,Yes,No,19,19,Yes,Yes,DSL,No,No,Yes,Yes,No,Two year,No,Electronic check,35.97,735.54,38.71,4.8836,Brazil,1,0,BRL,Yes,,47.9
CUST-01311,Female,1,No,No,9,10,No,No phone service,DSL,No,No,No,No,No,Month-to-month,No,Mailed check,40.93,333.03,37.0,12.2534,Brazil,1,0,BRL,Yes,,
CUST-01312,Male,0,Yes,No,1,1,Yes,No,DSL,Yes,,No,No,Yes,Two year,Yes,Bank transfer,65.87,36.49,36.49,175.7002,Brazil,1,0,BRL,No,,
CUST-01313,Male,0,No,Yes,27,26,Yes,Yes,No,No internet service,No internet service,No internet service,No internet service,No internet service,Month-to-month,Yes,Mailed check,30.68,809.05,29.96,3.7874,Brazil,1,0,BRL,No,,
CUST-01314,Female,1,No,Yes,15,14,Yes,No,Fiber optic,No,No,No,No,Yes,One year,No,Bank transfer,85.78,1320.93,88.06,6.489,Brazil,1,0,BRL,Yes,,
CUST-01315,Female,0,Yes,No,10,11,Yes,No,DSL,Yes,Yes,No,No,No,Month-to-month,Yes,Bank transfer,75.52,701.45,70.15,10.7509,Brazil,1,0,BRL,No,,
CUST-01316,Female,0,No,No,60,60,Yes,Yes,No,No internet service,No internet service,No internet service,No internet service,No internet service,Month-to-month,Yes,Electronic check,33.53,2089.3,34.82,1.6041,Brazil,1,0,BRL,No,,55.3
CUST-01317,Female,0,Yes,No,41,42,Yes,No,Fiber optic,No,Yes,Yes,No,Yes,Month-to-month,Yes,Electronic check,86.82,3606.51,87.96,2.4066,Brazil,1,0,BRL,No,,48.4
CUST-01318,Female,0,Yes,No,58,58,Yes,No,DSL,No,Yes,No,Yes,No,One year,Yes,Credit card,56.72,3322.84,57.29,1.7065,Brazil,1,0,BRL,No,,
CUST-01319,Male,0,No,Yes,20,20,Yes,Yes,No,No internet service,No internet service,No internet service,No internet service,No internet service,Month-to-month,No,Electronic check,26.84,522.11,26.11,5.1309,Brazil,1,0,BRL,Yes,,
CUST-01320,Female,1,No,No,4,5,Yes,Yes,Fiber optic,No,No,Yes,No,No,One year,Yes,Electronic check,75.14,342.03,85.51,21.9048,Brazil,1,0,BRL,No,,
CUST-01321,Male,0,No,No,35,35,No,No phone service,Fiber optic,No,No,No,No,No,Month-to-month,No,Electronic check,69.08,2271.93,64.91,3.0392,Brazil,1,0,BRL,No,,
CUST-01322,Male,0,No,No,6,5,No,No phone service,Fiber optic,Yes,Yes,Yes,Yes,No,Two year,Yes,Bank transfer,100.26,623.61,103.94,16.0516,Brazil,1,0,BRL,Yes,LP003,58.8
CUST-01323,Female,0,No,No,17,17,Yes,Yes,No,No internet service,,No internet service,No internet service,No internet service,Month-to-month,Yes,Bank transfer,20.36,354.13,20.83,5.7331,Brazil,1,0,BRL,Yes,,
CUST-01324,Male,0,No,Yes,2,2,No,No phone service,DSL,No,No,No,No,Yes,Month-to-month,Yes,Credit card,55.36,16.41,8.2,317.9782,Brazil,1,0,BRL,No,,
CUST-01325,Male,1,No,Yes,52,53,Yes,Yes,DSL,No,,No,No,No,Month-to-month,No,Credit card,72.46,3788.23,72.85,1.9123,Brazil,1,0,BRL,No,,
CUST-01326,Male,0,Yes,No,4,4,Yes,No,DSL,No,No,Yes,No,No,Month-to-month,No,Mailed check,70.12,310.02,77.5,22.5452,Brazil,1,0,BRL,No,LP003,
CUST-01327,Male,0,No,No,70,69,Yes,Yes,Fiber optic,No,Yes,No,Yes,No,Month-to-month,Yes,Mailed check,74.95,5153.81,73.63,1.454,Brazil,1,0,BRL,No,,
CUST-01328,Female,0,Yes,No,59,58,Yes,Yes,Fiber optic,Yes,No,Yes,Yes,Yes,Month-to-month,No,Electronic check,107.63,6290.83,106.62,1.7106,Brazil,1,0,BRL,No,LP001,
CUST-01329,Male,0,No,Yes,18,17,No,No phone service,Fiber optic,No,,Yes,Yes,Yes,Two year,Yes,Electronic check,75.92,1469.78,81.65,5.1619,Brazil,1,0,BRL,No,,
CUST-01330,Female,0,Yes,Yes,40,39,Yes,No,DSL,No,Yes,No,No,Yes,One year,No,Electronic check,65.99,2630.28,65.76,2.5079,Brazil,1,0,BRL,No,,
CUST-01331,Female,0,Yes,No,28,28,Yes,No,Fiber optic,Yes,Yes,No,No,Yes,One year,No,Electronic check,58.45,1685.38,60.19,3.466,Brazil,1,0,BRL,No,LP001,
CUST-01332,Male,0,Yes,No,48,49,Yes,Yes,Fiber optic,No,No,Yes,No,Yes,Month-to-month,No,Electronic check,71.7,3497.94,72.87,2.0492,Brazil,1,0,BRL,Yes,,
CUST-01333,Female,0,No,No,16,16,No,No phone service,Fiber optic,No,No,Yes,Yes,No,One year,No,Electronic check,78.32,1272.82,79.55,6.1484,Brazil,1,0,BRL,No,LP002,
CUST-01334,Female,0,Yes,Yes,46,45,Yes,Yes,No,No internet service,No internet service,No internet service,No internet service,No internet service,Month-to-month,Yes,Electronic check,21.91,1058.72,23.02,2.0675,Brazil,1,0,BRL,No,,39.5
CUST-01335,Female,0,Yes,No,18,18,No,No phone service,Fiber optic,No,No,No,No,Yes,Two year,Yes,Credit card,36.06,543.44,30.19,6.6233,Brazil,1,0,BRL,No,,45.3
CUST-01336,Male,0,No,Yes,72,72,Yes,No,Fiber optic,No,Yes,No,No,Yes,Month-to-month,Yes,Bank transfer,73.35,5269.67,73.19,1.3917,Brazil,1,0,BRL,No,,
CUST-01337,Female,0,No,Yes,19,19,Yes,Yes,DSL,Yes,No,Yes,No,No,Month-to-month,Yes,Credit card,67.65,1131.32,59.54,5.9745,Brazil,1,0,BRL,Yes,,
CUST-01338,Female,0,Yes,No,18,19,Yes,Yes,Fiber optic,No,No,No,Yes,No,Month-to-month,No,Mailed check,38.46,604.98,33.61,6.3467,Brazil,1,0,BRL,No,,
CUST-01339,Female,0,Yes,Yes,46,46,Yes,No,No,No internet service,No internet service,No internet service,No internet service,No internet service,Two year,Yes,Mailed check,22.87,1024.72,22.28,2.2297,Brazil,1,0,BRL,No,,
CUST-01340,Male,0,Yes,Yes,51,52,Yes,No,No,No internet service,No internet service,No internet service,No internet service,No internet service,Month-to-month,No,Electronic check,30.84,1539.57,30.19,2.0019,Brazil,1,0,BRL,No,,
CUST-01341,Female,0,Yes,No,24,25,Yes,No,DSL,No,Yes,No,No,No,One year,Yes,Electronic check,63.81,1533.51,63.9,4.1583,Brazil,1,0,BRL,Yes,,
CUST-01342,Male,0,No,No,5,5,Yes,No,Fiber optic,No,No,No,No,No,Month-to-month,Yes,Electronic check,74.75,372.72,74.54,20.0016,Brazil,1,0,BRL,No,,
CUST-01343,Male,0,No,No,18,18,Yes,No,DSL,No,,Yes,No,No,One year,No,Credit card,46.41,842.07,46.78,5.5049,Brazil,1,0,BRL,No,,
CUST-01344,Male,1,No,No,72,72,Yes,No,No,No internet service,No internet service,No internet service,No internet service,No internet service,Two year,Yes,Credit card,19.76,1431.46,19.88,1.3794,Brazil,1,0,BRL,No,,
CUST-01345,Male,0,Yes,Yes,41,41,Yes,No,Fiber optic,Yes,No,Yes,Yes,Yes,Month-to-month,No,Electronic check,85.06,3504.11,85.47,2.4267,Brazil,1,0,BRL,No,,
CUST-01346,Male,0,No,Yes,50,50,Yes,No,Fiber optic,Yes,No,Yes,Yes,Yes,Month-to-month,Yes,Electronic check,62.41,3072.55,61.45,2.0306,Brazil,1,0,BRL,No,,
CUST-01347,Male,0,No,No,1,1,Yes,No,DSL,No,Yes,No,No,No,Two year,No,Mailed check,49.05,12.81,12.81,355.1774,Brazil,1,0,BRL,No,,
CUST-01348,Female,0,No,No,18,17,Yes,No,No,No internet service,No internet service,No internet service,No internet service,No internet service,Month-to-month,Yes,Electronic check,18.05,323.06,17.95,5.57,Brazil,1,0,BRL,No,,
CUST-01349,Male,0,No,No,31,31,Yes,Yes,Fiber optic,No,No,Yes,Yes,No,Month-to-month,Yes,Mailed check,105.73,3276.56,105.7,3.2259,Brazil,1,0,BRL,Yes,,
CUST-01350,Female,0,No,Yes,53,53,Yes,Yes,DSL,Yes,Yes,No,No,Yes,One year,No,Electronic check,35.53,1828.99,34.51,1.9415,Brazil,1,0,BRL,No,,
CUST-01351,Female,1,No,No,1,1,Yes,No,Fiber optic,No,Yes,No,No,No,One year,No,Mailed check,63.31,117.39,117.39,53.4758,Brazil,1,0,BRL,No,,
CUST-01352,Male,0,Yes,Yes,57,58,Yes,No,DSL,,No,No,No,No,Month-to-month,Yes,Electronic check,48.91,2824.11,49.55,1.7313,Brazil,1,0,BRL,No,,
CUST-01353,Female,1,No,No,23,22,No,No phone service,Fiber optic,No,Yes,No,Yes,No,Two year,Yes,Mailed check,75.47,1692.82,73.6,4.4556,Brazil,1,0,BRL,No,,
CUST-01354,Female,0,No,No,6,6,Yes,Yes,No,,No internet service,No internet service,No internet service,No internet service,Month-to-month,Yes,Electronic check,24.35,135.68,22.61,17.8153,Brazil,1,0,BRL,No,,
CUST-01355,Female,0,No,No,11,10,No,No phone service,No,No internet service,No internet service,No internet service,No internet service,No internet service,Month-to-month,Yes,Mailed check,19.09,,28.22,6.129,Brazil,1,0,BRL,No,,
CUST-01356,Female,1,Yes,No,9,8,Yes,Yes,Fiber optic,No,No,Yes,Yes,No,Two year,No,Credit card,94.66,859.97,95.55,10.9946,Brazil,1,0,BRL,Yes,,
CUST-01357,Male,0,No,No,22,21,Yes,No,No,No internet service,No internet service,No internet service,No internet service,No internet service,Month-to-month,No,Electronic check,18.6,428.98,19.5,4.3258,Brazil,1,0,BRL,No,,
CUST-01358,Female,0,No,No,1,1,Yes,Yes,Fiber optic,No,No,No,Yes,No,Month-to-month,Yes,Credit card,84.87,54.42,54.42,153.1397,Brazil,1,0,BRL,Yes,LP001,
CUST-01359,Male,0,Yes,No,5,5,Yes,Yes,DSL,Yes,,Yes,No,Yes,One year,Yes,Credit card,71.35,341.09,68.22,20.8571,Brazil,1,0,BRL,No,,
CUST-01360,Female,0,Yes,Yes,50,50,Yes,Yes,No,No internet service,No internet service,No internet service,No internet service,No internet service,Two year,No,Credit card,18.0,975.57,19.51,1.8432,Brazil,1,0,BRL,No,,
CUST-01361,Female,0,No,No,4,4,Yes,No,DSL,No,No,No,No,Yes,Two year,Yes,Credit card,33.52,139.74,34.94,23.817,Brazil,1,0,BRL,No,,
CUST-01362,Male,0,No,Yes,7,7,Yes,Yes,DSL,No,No,No,No,Yes,Two year,No,Bank transfer,52.19,361.78,51.68,14.3861,Brazil,1,0,BRL,No,,
CUST-01363,Female,0,No,No,18,18,Yes,Yes,No,No internet service,No internet service,No internet service,No internet service,No internet service,Two year,Yes,Credit card,21.57,388.64,21.59,5.5359,Brazil,1,0,BRL,No,,49.1
CUST-01364,Female,0,Yes,No,21,20,Yes,Yes,DSL,No,No,Yes,Yes,Yes,Month-to-month,No,Electronic check,48.47,1145.14,54.53,4.229,Brazil,1,0,BRL,No,,
CUST-01365,Female,0,No,No,43,42,Yes,Yes,Fiber optic,No,Yes,No,No,Yes,Month-to-month,Yes,Mailed check,42.98,1850.13,43.03,2.3218,Brazil,1,0,BRL,Yes,,
CUST-01366,Male,0,Yes,No,17,17,Yes,No,No,No internet service,No internet service,No internet service,No internet service,No internet service,Two year,No,Credit card,18.0,264.5,15.56,6.7797,Brazil,1,0,BRL,No,,
CUST-01367,Female,0,Yes,Yes,46,47,Yes,Yes,Fiber optic,Yes,No,Yes,No,No,Month-to-month,Yes,Bank transfer,109.88,,109.17,2.1877,Brazil,1,0,BRL,No,,
CUST-01368,Male,0,Yes,No,28,29,Yes,Yes,DSL,No,Yes,Yes,Yes,No,One year,Yes,Credit card,64.61,,66.0,3.4941,Brazil,1,0,BRL,No,,
CUST-01369,Female,0,Yes,No,3,3,Yes,No,Fiber optic,No,,No,No,No,One year,No,Bank transfer,87.96,192.46,64.15,45.4668,Brazil,1,0,BRL,Yes,,
CUST-01370,Male,0,Yes,No,5,6,Yes,No,DSL,Yes,No,Yes,Yes,No,Month-to-month,Yes,Credit card,54.27,293.88,58.78,18.4041,Brazil,1,0,BRL,No,,
CUST-01371,Male,1,Yes,No,17,17,Yes,No,Fiber optic,No,No,Yes,Yes,No,Two year,Yes,Bank transfer,67.08,1104.17,64.95,6.0697,Brazil,1,0,BRL,No,,
CUST-01372,Female,0,Yes,No,15,15,Yes,No,No,No internet service,No internet service,No internet service,No internet service,No internet service,Month-to-month,Yes,Bank transfer,33.27,406.11,27.07,8.1722,Brazil,1,0,BRL,No,,
CUST-01373,Female,0,Yes,No,40,40,Yes,No,Fiber optic,No,No,Yes,Yes,No,Month-to-month,Yes,Mailed check,80.74,3180.6,79.52,2.5377,Brazil,1,1,BRL,Yes,,
CUST-01374,Male,0,No,Yes,26,26,Yes,Yes,Fiber optic,No,,Yes,Yes,No,Two year,No,Credit card,71.96,1872.34,72.01,3.8413,Brazil,1,0,BRL,Yes,,
CUST-01375,Male,0,No,Yes,14,14,Yes,No,Fiber optic,No,No,No,Yes,No,Month-to-month,No,Credit card,66.04,994.32,71.02,6.6351,Brazil,1,0,BRL,No,,
CUST-01376,Female,0,Yes,No,5,5,Yes,No,Fiber optic,Yes,No,No,No,Yes,Month-to-month,Yes,Credit card,79.6,443.67,88.73,17.9009,Brazil,1,0,BRL,Yes,LP001,
CUST-01377,Male,0,No,No,7,7,Yes,No,No,No internet service,No internet service,No internet service,No internet service,No internet service,Month-to-month,No,Bank transfer,27.25,,25.15,15.3894,Brazil,1,0,BRL,No,,
CUST-01378,Female,0,Yes,No,25,24,Yes,No,DSL,,Yes,No,No,No,Two year,Yes,Electronic check,37.1,976.11,39.04,3.7969,Brazil,1,0,BRL,No,,
CUST-01379,Female,0,No,No,16,16,No,No phone service,No,No internet service,No internet service,No internet service,No internet service,No internet service,Two year,No,Electronic check,27.23,417.84,26.12,6.5013,Brazil,1,0,BRL,No,,
CUST-01380,Female,0,Yes,No,21,21,Yes,Yes,Fiber optic,No,Yes,Yes,No,Yes,Two year,Yes,Credit card,94.61,1913.48,91.12,4.9418,Brazil,1,0,BRL,Yes,,
CUST-01381,Female,1,Yes,No,5,5,Yes,Yes,DSL,No,No,No,Yes,Yes,One year,Yes,Bank transfer,26.89,135.5,27.1,19.6996,Brazil,1,0,BRL,No,,
CUST-01382,Male,1,No,Yes,32,32,Yes,No,DSL,Yes,No,No,No,No,Month-to-month,Yes,Electronic check,54.35,1663.9,52.0,3.2645,Brazil,1,0,BRL,No,,
CUST-01383,Female,0,No,Yes,57,57,Yes,No,Fiber optic,No,No,Yes,No,No,Two year,Yes,Electronic check,90.22,5182.11,90.91,1.7407,Brazil,1,0,BRL,No,,
CUST-01384,Male,0,No,No,8,8,Yes,Yes,Fiber optic,Yes,No,Yes,No,Yes,Two year,Yes,Credit card,62.09,537.01,67.13,11.5407,Brazil,1,0,BRL,No,,
CUST-01385,Female,0,No,No,20,20,Yes,No,DSL,Yes,,Yes,Yes,Yes,Month-to-month,Yes,Credit card,62.48,1205.6,60.28,5.1782,Brazil,1,0,BRL,No,,
CUST-01386,Male,0,No,No,72,72,Yes,No,No,,No internet service,No internet service,No internet service,No internet service,Month-to-month,No,Credit card,24.12,1743.92,24.22,1.3823,Brazil,1,0,BRL,No,,
CUST-01387,Female,0,Yes,No,12,12,Yes,Yes,Fiber optic,Yes,No,Yes,Yes,No,Two year,Yes,Bank transfer,59.56,721.52,60.13,8.2434,Brazil,1,0,BRL,Yes,,
CUST-01388,Male,0,Yes,Yes,27,26,Yes,No,No,No internet service,No internet service,No internet service,No internet service,No internet service,Two year,No,Mailed check,28.37,809.59,29.98,3.4999,Brazil,1,0,BRL,No,,
CUST-01389,Male,0,Yes,No,2,2,Yes,No,DSL,,No,Yes,Yes,No,Two year,Yes,Electronic check,71.26,80.27,40.14,87.683,Brazil,1,0,BRL,No,,
CUST-01390,Female,0,Yes,Yes,27,27,Yes,Yes,Fiber optic,Yes,,No,Yes,No,Two year,No,Electronic check,120.0,3269.97,121.11,3.6686,Brazil,1,0,BRL,No,,
CUST-01391,Female,0,No,No,2,3,Yes,No,DSL,No,No,No,Yes,No,Month-to-month,No,Credit card,32.42,0.0,0.0,3242.0,Brazil,1,0,BRL,No,,
CUST-01392,Female,0,No,No,72,72,Yes,Yes,DSL,,No,No,No,No,One year,No,Electronic check,59.18,,59.72,1.376,Brazil,1,0,BRL,No,,
CUST-01393,Female,0,Yes,No,37,36,Yes,No,No,No internet service,No internet service,No internet service,No internet service,No internet service,Month-to-month,No,Bank transfer,22.25,876.38,23.69,2.536,Brazil,1,0,BRL,No,LP001,
CUST-01394,Male,1,No,No,46,46,Yes,Yes,DSL,No,Yes,No,Yes,No,Month-to-month,No,Mailed check,98.54,4499.36,97.81,2.1896,Brazil,1,0,BRL,No,,45.4
CUST-01395,Female,0,No,Yes,36,36,Yes,No,Fiber optic,No,Yes,Yes,Yes,No,One year,Yes,Mailed check,71.13,2621.64,72.82,2.7122,Brazil,1,0,BRL,Yes,,49.3
CUST-01396,Male,0,Yes,No,26,26,Yes,Yes,DSL,No,Yes,Yes,No,No,Month-to-month,No,Credit card,55.87,1373.92,52.84,4.0635,Brazil,1,0,BRL,No,,
CUST-01397,Male,0,Yes,No,17,17,No,No phone service,Fiber optic,Yes,No,No,No,No,One year,Yes,Electronic check,62.58,1118.84,65.81,5.5883,Brazil,1,0,BRL,No,LP002,
CUST-01398,Female,0,Yes,No,58,57,Yes,No,No,No internet service,,No internet service,No internet service,No internet service,Month-to-month,Yes,Bank transfer,26.96,1635.6,28.2,1.6473,Brazil,1,0,BRL,No,,
CUST-01399,Male,0,Yes,No,72,71,No,No phone service,Fiber optic,,No,No,Yes,No,Month-to-month,Yes,Electronic check,73.96,5342.41,74.2,1.3841,Brazil,1,0,BRL,No,LP001,
CUST-01400,Male,0,Yes,No,20,20,Yes,No,Fiber optic,Yes,No,No,No,No,Month-to-month,No,Electronic check,87.52,1740.62,87.03,5.0252,Brazil,1,0,BRL,No,,
CUST-01401,Male,0,No,No,72,71,Yes,No,Fiber optic,Yes,Yes,No,No,No,Month-to-month,Yes,Mailed check,39.39,2851.7,39.61,1.3808,Brazil,1,0,BRL,No,LP001,
CUST-01402,Male,0,Yes,Yes,26,26,Yes,No,No,No internet service,No internet service,No internet service,No internet service,No internet service,Month-to-month,Yes,Electronic check,26.35,654.91,25.19,4.0173,Brazil,1,0,BRL,No,,
CUST-01403,Female,0,Yes,No,23,23,Yes,No,Fiber optic,Yes,No,No,Yes,Yes,Month-to-month,Yes,Bank transfer,101.93,2475.62,107.64,4.1157,Brazil,1,0,BRL,Yes,LP003,
CUST-01404,Female,0,No,Yes,18,19,Yes,Yes,Fiber optic,Yes,No,No,No,No,Two year,No,Mailed check,44.48,771.31,42.85,5.7593,Brazil,1,0,BRL,No,,
CUST-01405,Female,0,No,No,7,7,Yes,Yes,Fiber optic,Yes,No,No,Yes,Yes,Month-to-month,Yes,Electronic check,87.43,677.88,96.84,12.8786,Brazil,1,0,BRL,Yes,,
CUST-01406,Female,0,No,No,1,1,Yes,No,No,No internet service,No internet service,No internet service,No internet service,No internet service,Month-to-month,Yes,Electronic check,25.92,0.0,0.0,2592.0,Brazil,1,0,BRL,No,,
CUST-01407,Male,0,Yes,No,8,8,Yes,No,Fiber optic,No,No,No,Yes,Yes,One year,Yes,Bank transfer,113.6,988.64,123.58,11.4789,Brazil,1,0,BRL,No,,
CUST-01408,Male,1,Yes,No,21,21,Yes,Yes,Fiber optic,Yes,No,No,Yes,No,One year,No,Credit card,69.93,1569.15,74.72,4.4537,Brazil,1,0,BRL,No,,
CUST-01409,Female,0,No,No,14,14,No,No phone service,Fiber optic,No,Yes,No,No,No,Month-to-month,No,Mailed check,95.6,1357.7,96.98,7.0361,Brazil,1,0,BRL,Yes,,
CUST-01410,Female,0,Yes,Yes,17,17,Yes,No,DSL,No,No,No,No,Yes,Two year,No,Mailed check,29.49,515.66,30.33,5.7078,Brazil,1,0,BRL,No,,
CUST-01411,Female,0,Yes,No,72,72,Yes,No,Fiber optic,Yes,Yes,Yes,Yes,Yes,Two year,No,Credit card,88.03,6290.33,87.37,1.3992,Brazil,1,0,BRL,No,,
CUST-01412,Male,0,No,No,12,12,Yes,No,Fiber optic,No,No,No,No,No,Month-to-month,Yes,Bank transfer,105.7,1214.62,101.22,8.6952,Brazil,1,0,BRL,No,LP001,
CUST-01413,Female,0,No,No,18,18,Yes,No,Fiber optic,No,No,Yes,No,No,Month-to-month,No,Electronic check,79.28,1441.94,80.11,5.4943,Brazil,1,0,BRL,Yes,,
CUST-01414,Female,0,Yes,Yes,4,4,Yes,No,Fiber optic,No,No,No,Yes,Yes,Two year,Yes,Bank transfer,87.89,424.47,106.12,20.6572,Brazil,1,0,BRL,No,,
CUST-01415,Female,1,No,No,1,2,Yes,No,DSL,Yes,Yes,Yes,No,Yes,Two year,Yes,Bank transfer,56.74,29.33,29.33,187.0755,Brazil,1,0,BRL,No,,
CUST-01416,Male,0,Yes,No,44,44,No,No phone service,No,No internet service,No internet service,No internet service,No internet service,No internet service,One year,Yes,Bank transfer,35.76,1683.84,38.27,2.1225,Brazil,1,0,BRL,No,,
CUST-01417,Male,0,Yes,No,25,25,Yes,No,No,No internet service,No internet service,No internet service,No internet service,No internet service,Month-to-month,Yes,Bank transfer,22.27,526.24,21.05,4.2239,Brazil,1,0,BRL,No,,
CUST-01418,Male,0,Yes,No,42,42,Yes,No,No,No internet service,,No internet service,No internet service,No internet service,Month-to-month,No,Credit card,32.27,1366.81,32.54,2.3592,Brazil,1,0,BRL,No,,
CUST-01419,Male,0,Yes,No,4,5,Yes,No,DSL,,Yes,No,No,No,One year,Yes,Electronic check,67.57,281.88,70.47,23.8865,Brazil,1,0,BRL,No,,
CUST-01420,Male,0,Yes,No,25,25,Yes,No,Fiber optic,Yes,,Yes,No,No,Month-to-month,No,Credit card,95.22,2375.42,95.02,4.0069,Brazil,1,0,BRL,No,,
CUST-01421,Male,0,No,No,8,7,Yes,Yes,No,No internet service,No internet service,No internet service,No internet service,No internet service,Month-to-month,Yes,Mailed check,32.18,155.25,19.41,20.5952,Brazil,1,0,BRL,No,,
CUST-01422,Male,0,No,Yes,7,7,Yes,No,Fiber optic,No,No,Yes,Yes,Yes,One year,Yes,Bank transfer,39.01,242.12,34.59,16.0456,Brazil,1,0,BRL,No,,
CUST-01423,Male,0,No,Yes,1,1,Yes,No,Fiber optic,Yes,No,No,No,No,Month-to-month,Yes,Electronic check,119.53,129.51,129.51,91.5869,Brazil,1,0,BRL,Yes,LP003,
CUST-01424,Female,0,Yes,No,4,5,Yes,Yes,No,No internet service,No internet service,No internet service,No internet service,No internet service,Two year,No,Mailed check,28.58,109.52,27.38,25.8596,Brazil,1,0,BRL,No,,
CUST-01425,Female,1,Yes,Yes,11,12,Yes,Yes,Fiber optic,Yes,Yes,No,No,No,Two year,No,Bank transfer,99.3,1124.11,102.19,8.8258,Brazil,1,0,BRL,Yes,LP001,
CUST-01426,Male,0,Yes,No,3,3,Yes,No,Fiber optic,No,Yes,No,Yes,No,Month-to-month,Yes,Bank transfer,103.22,347.5,115.83,29.6184,Brazil,1,0,BRL,No,LP001,
CUST-01427,Male,1,Yes,No,72,72,Yes,Yes,DSL,No,No,No,No,No,Two year,No,Electronic check,36.72,2631.84,36.55,1.3947,Brazil,1,0,BRL,No,LP002,
CUST-01428,Female,0,Yes,Yes,11,11,Yes,Yes,DSL,No,No,Yes,Yes,No,Month-to-month,Yes,Mailed check,60.39,616.17,56.02,9.785,Brazil,1,0,BRL,No,LP003,
CUST-01429,Male,1,No,No,4,4,Yes,Yes,DSL,Yes,,No,No,Yes,Two year,No,Electronic check,47.84,268.78,67.19,17.733,Brazil,1,0,BRL,No,,
CUST-01430,Male,0,No,No,6,6,Yes,No,No,No internet service,No internet service,No internet service,No internet service,No internet service,Month-to-month,No,Credit card,22.48,67.11,11.18,33.0054,Brazil,1,0,BRL,No,,
CUST-01431,Male,0,No,No,26,26,Yes,No,Fiber optic,No,No,Yes,Yes,No,Month-to-month,Yes,Credit card,72.85,1864.33,71.7,3.9055,Brazil,1,0,BRL,No,,
CUST-01432,Female,1,Yes,No,1,1,Yes,Yes,Fiber optic,Yes,Yes,Yes,No,Yes,One year,No,Electronic check,106.38,63.88,63.88,163.9642,Brazil,1,0,BRL,Yes,,
CUST-01433,Female,0,No,No,59,60,Yes,No,No,,No internet service,No internet service,No internet service,No internet service,Month-to-month,Yes,Credit card,18.0,1099.32,18.63,1.6359,Brazil,1,0,BRL,No,,49.6
CUST-01434,Female,1,Yes,No,72,71,Yes,No,Fiber optic,Yes,Yes,No,No,No,Two year,Yes,Credit card,47.63,3495.21,48.54,1.3623,Brazil,1,0,BRL,No,,47.1
CUST-01435,Female,0,Yes,No,8,7,Yes,Yes,Fiber optic,No,Yes,No,No,No,Month-to-month,No,Mailed check,67.34,530.04,66.26,12.6808,Brazil,1,0,BRL,No,,
CUST-01436,Female,0,Yes,No,17,17,Yes,Yes,DSL,No,No,No,Yes,Yes,Month-to-month,Yes,Bank transfer,36.69,635.22,37.37,5.7669,Brazil,1,0,BRL,No,,
CUST-01437,Male,0,No,Yes,1,1,Yes,No,No,No internet service,No internet service,No internet service,No internet service,No internet service,Month-to-month,Yes,Mailed check,21.97,43.41,43.41,49.4708,Brazil,1,0,BRL,Yes,,
CUST-01438,Female,0,No,Yes,30,30,Yes,No,DSL,Yes,Yes,No,No,Yes,Month-to-month,Yes,Bank transfer,46.83,1495.1,49.84,3.1301,Brazil,1,0,BRL,No,LP003,
CUST-01439,Male,0,Yes,No,16,16,Yes,No,DSL,No,No,No,No,Yes,Month-to-month,Yes,Mailed check,73.67,1090.04,68.13,6.7523,Brazil,1,0,BRL,Yes,,
CUST-01440,Male,0,No,Yes,9,9,Yes,No,DSL,No,Yes,No,No,No,One year,No,Electronic check,46.44,455.17,50.57,10.1804,Brazil,1,0,BRL,No,,
CUST-01441,Female,0,No,Yes,6,6,Yes,Yes,DSL,No,Yes,Yes,No,No,One year,No,Mailed check,35.93,234.41,39.07,15.2627,Brazil,1,0,BRL,No,,
CUST-01442,Female,0,Yes,No,31,32,Yes,No,DSL,Yes,Yes,Yes,No,Yes,Two year,No,Electronic check,56.97,1747.53,56.37,3.2582,Brazil,1,0,BRL,No,,
CUST-01443,Male,0,Yes,Yes,16,16,Yes,Yes,Fiber optic,No,Yes,No,No,Yes,Two year,Yes,Credit card,90.32,1461.43,91.34,6.176,Brazil,1,0,BRL,No,,39.8
CUST-01444,Male,0,Yes,No,5,6,Yes,No,DSL,No,Yes,No,No,Yes,Month-to-month,Yes,Mailed check,47.62,275.14,55.03,17.2449,Brazil,1,0,BRL,No,,
CUST-01445,Male,0,No,No,35,35,No,No phone service,Fiber optic,Yes,No,No,Yes,No,One year,Yes,Mailed check,120.0,4229.16,120.83,2.8368,Brazil,1,0,BRL,No,,
CUST-01446,Female,0,Yes,No,24,25,Yes,Yes,DSL,Yes,No,No,No,No,Month-to-month,Yes,Credit card,69.64,1779.29,74.14,3.9117,Brazil,1,0,BRL,Yes,,
CUST-01447,Female,0,No,No,58,59,Yes,No,DSL,No,Yes,Yes,No,No,One year,No,Mailed check,65.06,3779.85,65.17,1.7208,Brazil,1,0,BRL,No,,
CUST-01448,Female,0,Yes,Yes,3,3,No,No phone service,Fiber optic,No,Yes,Yes,No,Yes,Month-to-month,No,Mailed check,48.25,146.1,48.7,32.8008,Brazil,1,0,BRL,Yes,LP002,
CUST-01449,Female,0,No,No,46,46,Yes,No,No,No internet service,No internet service,No internet service,No internet service,No internet service,Two year,Yes,Credit card,24.64,1124.38,24.44,2.1895,Brazil,1,0,BRL,No,,
CUST-01450,Female,0,Yes,No,33,33,Yes,Yes,No,No internet service,No internet service,No internet service,No internet service,No internet service,One year,No,Credit card,26.61,905.78,27.45,2.9346,Brazil,1,0,BRL,No,,
CUST-01451,Male,1,No,No,3,3,Yes,No,No,No internet service,No internet service,No internet service,No internet service,No internet service,Two year,No,Electronic check,31.67,93.41,31.14,33.5452,Brazil,1,0,BRL,Yes,,
CUST-01452,Female,0,No,No,35,34,Yes,No,Fiber optic,,Yes,No,No,Yes,Two year,Yes,Mailed check,69.28,2425.46,69.3,2.8552,Brazil,1,0,BRL,No,,
CUST-01453,Male,0,No,No,17,17,Yes,Yes,Fiber optic,No,No,Yes,Yes,No,Two year,No,Credit card,77.85,1324.34,77.9,5.874,Brazil,1,0,BRL,No,,
CUST-01454,Male,0,No,No,72,72,Yes,No,Fiber optic,No,No,No,No,No,Two year,Yes,Mailed check,69.91,5026.79,69.82,1.3905,Brazil,1,0,BRL,No,,
CUST-01455,Male,0,Yes,Yes,4,3,No,No phone service,Fiber optic,No,Yes,No,No,Yes,Month-to-month,Yes,Mailed check,120.0,449.57,112.39,26.6329,Brazil,1,0,BRL,No,,
CUST-01456,Female,0,No,No,30,30,Yes,Yes,DSL,Yes,No,Yes,Yes,Yes,Month-to-month,Yes,Electronic check,52.09,1583.61,52.79,3.2872,Brazil,1,0,BRL,No,,
CUST-01457,Female,0,Yes,No,14,14,Yes,No,Fiber optic,No,,Yes,Yes,No,Month-to-month,Yes,Electronic check,120.0,1665.75,118.98,7.1996,Brazil,1,0,BRL,Yes,LP002,
CUST-01458,Female,0,Yes,Yes,72,72,Yes,No,Fiber optic,No,Yes,Yes,No,No,Month-to-month,Yes,Bank transfer,109.85,7939.88,110.28,1.3833,Brazil,1,0,BRL,No,,
CUST-01459,Male,0,No,No,12,12,Yes,No,Fiber optic,No,No,No,Yes,No,Month-to-month,Yes,Bank transfer,67.22,812.18,67.68,8.2663,Brazil,1,0,BRL,No,,
CUST-01460,Male,1,Yes,Yes,72,72,Yes,Yes,Fiber optic,No,,No,No,No,Month-to-month,Yes,Credit card,80.75,5794.67,80.48,1.3933,Brazil,1,0,BRL,No,,
CUST-01461,Male,1,No,No,69,69,Yes,No,DSL,No,No,Yes,No,Yes,Month-to-month,No,Bank transfer,65.27,4581.87,66.4,1.4242,Brazil,1,0,BRL,No,,
CUST-01462,Male,0,No,No,9,10,Yes,No,Fiber optic,No,Yes,No,Yes,Yes,Two year,No,Electronic check,76.76,685.72,76.19,11.1778,Brazil,1,0,BRL,No,,
CUST-01463,Male,0,Yes,Yes,48,49,Yes,Yes,DSL,Yes,No,Yes,Yes,No,Two year,No,Electronic check,54.03,2624.58,54.68,2.0578,Brazil,1,0,BRL,No,,
CUST-01464,Male,0,No,No,72,72,Yes,Yes,No,No internet service,No internet service,No internet service,No internet service,No internet service,Month-to-month,Yes,Credit card,29.22,2068.84,28.73,1.4117,Brazil,1,0,BRL,No,LP002,
CUST-01465,Female,0,Yes,Yes,8,8,Yes,No,DSL,Yes,No,Yes,Yes,No,Month-to-month,Yes,Mailed check,59.33,373.36,46.67,15.8484,Brazil,1,0,BRL,Yes,,
CUST-01466,Female,0,Yes,No,17,16,Yes,No,DSL,No,,Yes,No,Yes,Month-to-month,Yes,Electronic check,67.32,1116.09,65.65,6.0264,Brazil,1,0,BRL,No,,
CUST-01467,Female,0,Yes,Yes,22,22,Yes,Yes,No,No internet service,No internet service,No internet service,No internet service,No internet service,Month-to-month,Yes,Credit card,29.84,549.61,24.98,5.4194,Brazil,1,0,BRL,Yes,,
CUST-01468,Female,0,No,No,10,9,Yes,Yes,Fiber optic,Yes,,Yes,No,Yes,Two year,Yes,Bank transfer,78.81,776.26,77.63,10.1395,Brazil,1,0,BRL,No,,48.7
CUST-01469,Male,0,No,No,1,1,Yes,Yes,DSL,No,No,No,Yes,No,Month-to-month,No,Electronic check,51.77,125.2,125.2,41.0222,Brazil,1,0,BRL,No,,
CUST-01470,Male,0,No,No,7,7,Yes,No,Fiber optic,No,No,No,No,No,One year,No,Credit card,74.86,478.76,68.39,15.6036,Brazil,1,0,BRL,Yes,,
CUST-01471,Female,1,No,No,9,8,Yes,No,DSL,No,No,No,No,Yes,Two year,No,Credit card,54.84,388.26,43.14,14.0883,Brazil,1,0,BRL,No,,
CUST-01472,Male,1,Yes,No,17,17,Yes,No,DSL,No,No,No,No,Yes,Two year,Yes,Electronic check,56.59,1037.04,61.0,5.4516,Brazil,1,0,BRL,Yes,,54.9
CUST-01473,Female,0,Yes,No,5,4,Yes,No,DSL,No,Yes,No,No,Yes,Month-to-month,Yes,Credit card,53.77,245.08,49.02,21.8506,Brazil,1,0,BRL,No,,
CUST-01474,Female,0,No,No,61,62,Yes,No,Fiber optic,No,,No,No,No,One year,No,Mailed check,89.77,5475.18,89.76,1.6393,Brazil,1,0,BRL,No,,
CUST-01475,Female,1,No,No,36,36,Yes,No,No,No internet service,No internet service,No internet service,No internet service,No internet service,Month-to-month,Yes,Mailed check,24.18,909.89,25.27,2.6545,Brazil,1,0,BRL,Yes,,
CUST-01476,Male,0,Yes,No,2,2,Yes,No,Fiber optic,Yes,No,No,No,No,Month-to-month,Yes,Credit card,72.9,171.96,85.98,42.1485,Brazil,1,0,BRL,Yes,,
CUST-01477,Female,0,Yes,Yes,31,31,Yes,Yes,Fiber optic,No,,No,No,No,Month-to-month,Yes,Credit card,89.3,2805.83,90.51,3.1815,Brazil,1,0,BRL,No,LP001,
CUST-01478,Female,0,No,No,31,30,Yes,No,DSL,No,No,No,No,Yes,Month-to-month,Yes,Electronic check,18.0,603.02,19.45,2.98,Brazil,1,0,BRL,No,,
CUST-01479,Female,0,No,Yes,72,72,Yes,No,Fiber optic,Yes,No,No,Yes,No,Month-to-month,Yes,Electronic check,45.01,3153.41,43.8,1.4269,Brazil,1,0,BRL,No,,
CUST-01480,Male,0,Yes,No,1,1,Yes,Yes,No,No internet service,No internet service,No internet service,No internet service,No internet service,Month-to-month,No,Electronic check,19.41,0.0,0.0,1941.0,Brazil,1,0,BRL,No,,
CUST-01481,Male,1,Yes,No,8,9,Yes,No,DSL,No,,No,No,Yes,One year,No,Mailed check,52.16,475.84,59.48,10.9387,Brazil,1,0,BRL,Yes,,
CUST-01482,Female,1,No,No,72,72,Yes,No,No,,,No internet service,No internet service,No internet service,Two year,Yes,Electronic check,18.0,1256.91,17.46,1.4309,Brazil,1,0,BRL,No,LP002,
CUST-01483,Male,0,No,Yes,72,72,Yes,No,Fiber optic,Yes,Yes,Yes,Yes,No,Month-to-month,Yes,Mailed check,43.21,3077.49,42.74,1.4036,Brazil,1,0,BRL,No,,
CUST-01484,Male,0,Yes,Yes,38,39,Yes,No,No,No internet service,No internet service,No internet service,No internet service,No internet service,Month-to-month,No,Electronic check,29.04,1040.38,27.38,2.7886,Brazil,1,0,BRL,No,,
CUST-01485,Male,1,No,No,43,44,Yes,No,DSL,No,No,Yes,No,No,Two year,Yes,Mailed check,53.0,2258.75,52.53,2.3454,Brazil,1,0,BRL,No,LP003,
CUST-01486,Male,0,Yes,No,2,2,No,No phone service,DSL,No,,No,Yes,No,Month-to-month,Yes,Electronic check,74.63,131.79,65.9,56.2015,Brazil,1,0,BRL,No,,
CUST-01487,Male,1,Yes,No,21,23,Yes,Yes,Fiber optic,No,No,No,No,No,Two year,Yes,Credit card,78.62,1604.15,76.39,4.898,Brazil,1,0,BRL,No,,
CUST-01488,Male,0,No,No,7,7,No,No phone service,No,No internet service,No internet service,No internet service,No internet service,No internet service,One year,Yes,Electronic check,27.65,140.9,20.13,19.4856,Brazil,1,0,BRL,No,LP002,
CUST-01489,Male,0,No,No,5,4,Yes,No,DSL,No,No,No,No,Yes,Month-to-month,No,Electronic check,66.11,346.48,69.3,19.0256,Brazil,1,0,BRL,Yes,,
CUST-01490,Male,0,Yes,No,49,48,Yes,No,No,No internet service,No internet service,No internet service,No internet service,No internet service,Month-to-month,No,Credit card,23.07,1090.05,22.25,2.1145,Brazil,1,0,BRL,No,,
CUST-01491,Male,0,No,Yes,4,4,Yes,Yes,DSL,Yes,Yes,No,Yes,No,Month-to-month,Yes,Bank transfer,46.82,156.96,39.24,29.6404,Brazil,1,0,BRL,No,,
CUST-01492,Male,0,No,No,18,19,Yes,No,DSL,No,Yes,Yes,No,No,Month-to-month,Yes,Electronic check,66.88,1094.53,60.81,6.1048,Brazil,1,0,BRL,No,,
CUST-01493,Female,0,No,Yes,72,72,Yes,No,Fiber optic,No,Yes,No,Yes,No,Month-to-month,Yes,Electronic check,79.76,5839.63,81.11,1.3656,Brazil,1,0,BRL,No,LP003,
CUST-01494,Female,0,No,No,6,7,Yes,No,Fiber optic,No,Yes,No,Yes,No,One year,Yes,Bank transfer,91.54,596.33,99.39,15.3249,Brazil,1,0,BRL,No,,
CUST-01495,Male,0,No,Yes,72,72,Yes,No,No,No internet service,,No internet service,No internet service,No internet service,Month-to-month,No,Mailed check,26.99,1918.54,26.65,1.4061,Brazil,1,0,BRL,No,,
CUST-01496,Female,0,No,No,72,72,Yes,No,Fiber optic,No,,No,Yes,No,Month-to-month,No,Bank transfer,68.56,4891.37,67.94,1.4014,Brazil,1,0,BRL,No,,
CUST-01497,Female,1,Yes,Yes,24,24,Yes,Yes,DSL,No,No,Yes,No,No,One year,Yes,Mailed check,47.1,1130.94,47.12,4.161,Brazil,1,0,BRL,No,,
CUST-01498,Male,1,Yes,Yes,5,5,Yes,Yes,Fiber optic,No,,No,Yes,Yes,Month-to-month,No,Mailed check,93.45,466.42,93.28,19.9927,Brazil,1,0,BRL,Yes,,
CUST-01499,Male,0,Yes,No,11,11,Yes,Yes,DSL,Yes,No,No,Yes,Yes,Month-to-month,No,Mailed check,54.66,537.46,48.86,10.1512,Brazil,1,0,BRL,No,,
CUST-01500,Male,0,No,Yes,16,16,Yes,No,Fiber optic,No,Yes,No,No,No,Month-to-month,No,Bank transfer,93.25,1364.47,85.28,6.8292,Brazil,1,0,BRL,Yes,,
CUST-01501,Female,0,No,Yes,11,11,Yes,Yes,Fiber optic,Yes,No,No,No,No,Month-to-month,Yes,Credit card,88.55,947.75,86.16,9.3333,Brazil,1,0,BRL,Yes,LP001,
CUST-01502,Female,0,Yes,No,9,9,Yes,No,DSL,Yes,No,No,Yes,Yes,One year,Yes,Electronic check,50.52,376.51,41.83,13.3824,Brazil,1,0,BRL,No,,
CUST-01503,Male,1,Yes,Yes,72,72,Yes,Yes,Fiber optic,No,No,No,No,No,Month-to-month,No,Mailed check,108.12,7793.21,108.24,1.3872,Brazil,1,0,BRL,Yes,,
CUST-01504,Male,0,No,Yes,4,3,Yes,No,Fiber optic,No,,No,Yes,No,Two year,Yes,Electronic check,42.47,178.78,44.7,23.6233,Brazil,1,0,BRL,No,,
CUST-01505,Male,0,Yes,No,39,38,Yes,No,Fiber optic,No,Yes,Yes,Yes,Yes,Month-to-month,No,Mailed check,33.16,1244.58,31.91,2.6622,Brazil,1,0,BRL,No,,
CUST-01506,Female,1,No,No,1,1,Yes,No,Fiber optic,No,Yes,No,Yes,Yes,Month-to-month,No,Credit card,114.36,87.63,87.63,129.0308,Brazil,1,0,BRL,Yes,,
CUST-01507,Female,0,Yes,No,27,28,Yes,No,DSL,No,No,Yes,Yes,Yes,Month-to-month,No,Mailed check,43.46,1261.57,46.72,3.4422,Brazil,1,0,BRL,No,,
CUST-01508,Female,1,No,No,72,72,Yes,Yes,DSL,Yes,No,Yes,Yes,No,One year,Yes,Credit card,57.04,4145.64,57.58,1.3756,Brazil,1,0,BRL,No,,
CUST-01509,Female,1,No,No,10,9,Yes,Yes,DSL,Yes,,No,No,No,Month-to-month,No,Bank transfer,41.47,392.09,39.21,10.5497,Brazil,1,0,BRL,Yes,,
CUST-01510,Male,0,Yes,Yes,6,6,Yes,No,DSL,No,Yes,Yes,No,Yes,Month-to-month,Yes,Credit card,36.41,333.06,55.51,10.8992,Brazil,1,0,BRL,No,,
CUST-01511,Male,1,Yes,No,31,30,Yes,No,Fiber optic,No,No,No,Yes,No,One year,No,Bank transfer,72.37,2183.62,70.44,3.3127,Brazil,1,0,BRL,No,,
CUST-01512,Male,0,Yes,No,37,37,Yes,No,No,No internet service,No internet service,No internet service,No internet service,No internet service,Month-to-month,Yes,Electronic check,19.11,666.44,18.01,2.8632,Brazil,1,0,BRL,No,,
CUST-01513,Male,0,No,No,34,34,Yes,No,Fiber optic,No,Yes,No,Yes,Yes,Month-to-month,Yes,Electronic check,75.33,2555.69,75.17,2.9464,Brazil,1,0,BRL,No,,
CUST-01514,Female,0,No,No,11,11,Yes,No,Fiber optic,No,No,Yes,Yes,No,One year,No,Mailed check,85.6,865.05,78.64,9.884,Brazil,1,0,BRL,No,,
CUST-01515,Female,1,Yes,Yes,8,8,Yes,Yes,Fiber optic,No,Yes,No,Yes,Yes,Month-to-month,Yes,Electronic check,73.13,674.56,84.32,10.8251,Brazil,1,0,BRL,No,,
CUST-01516,Male,0,No,No,72,72,Yes,No,DSL,Yes,No,No,Yes,No,One year,Yes,Mailed check,59.03,4259.32,59.16,1.3856,Brazil,1,0,BRL,No,,
CUST-01517,Male,0,No,No,72,72,No,No phone service,No,No internet service,No internet service,No internet service,No internet service,No internet service,Month-to-month,No,Mailed check,25.41,1790.02,24.86,1.4187,Brazil,1,0,BRL,No,,
CUST-01518,Female,0,Yes,No,18,19,Yes,Yes,No,No internet service,No internet service,No internet service,No internet service,No internet service,One year,Yes,Credit card,19.94,381.31,21.18,5.2157,Brazil,1,0,BRL,No,,
CUST-01519,Male,0,Yes,Yes,56,56,Yes,Yes,Fiber optic,No,No,Yes,No,Yes,One year,No,Mailed check,112.06,6282.66,112.19,1.7834,Brazil,1,0,BRL,No,,
CUST-01520,Female,0,No,Yes,18,17,Yes,Yes,DSL,No,No,Yes,No,Yes,Month-to-month,Yes,Bank transfer,62.8,1115.17,61.95,5.6264,Brazil,1,0,BRL,No,LP001,
CUST-01521,Male,0,No,Yes,16,16,Yes,Yes,Fiber optic,Yes,Yes,No,No,No,One year,No,Credit card,116.5,1803.57,112.72,6.4558,Brazil,1,0,BRL,Yes,LP002,
CUST-01522,Male,0,No,No,5,4,Yes,No,DSL,Yes,No,No,No,No,Two year,No,Credit card,57.82,217.29,43.46,26.4877,Brazil,1,0,BRL,No,,
CUST-01523,Male,0,No,Yes,16,15,Yes,No,Fiber optic,No,No,Yes,Yes,No,Month-to-month,Yes,Electronic check,55.36,995.1,62.19,5.5577,Brazil,1,0,BRL,Yes,,
CUST-01524,Male,0,No,Yes,23,23,Yes,Yes,No,No internet service,No internet service,No internet service,No internet service,No internet service,Month-to-month,Yes,Mailed check,21.24,420.88,18.3,5.0346,Brazil,1,0,BRL,No,,
CUST-01525,Male,0,Yes,No,1,1,Yes,No,DSL,Yes,No,No,No,Yes,Two year,No,Mailed check,56.78,141.68,141.68,39.7953,Brazil,1,0,BRL,No,,
CUST-01526,Male,0,No,Yes,17,17,Yes,Yes,No,No internet service,No internet service,No internet service,No internet service,No internet service,One year,Yes,Mailed check,27.74,429.34,25.26,6.4461,Brazil,1,0,BRL,No,,
CUST-01527,Male,1,No,No,45,45,Yes,Yes,No,,No internet service,No internet service,No internet service,No internet service,Month-to-month,Yes,Mailed check,29.78,1379.6,30.66,2.157,Brazil,1,0,BRL,No,LP003,21.0
CUST-01528,Female,0,No,No,34,34,Yes,No,No,No internet service,No internet service,No internet service,No internet service,No internet service,Two year,No,Credit card,18.0,635.27,18.68,2.829,Brazil,1,0,BRL,No,,
CUST-01529,Female,1,Yes,No,30,30,No,No phone service,Fiber optic,No,No,No,Yes,Yes,Month-to-month,Yes,Mailed check,75.42,2295.87,76.53,3.2836,Brazil,1,0,BRL,Yes,,
CUST-01530,Female,0,Yes,No,72,72,Yes,Yes,DSL,Yes,No,Yes,No,No,One year,Yes,Mailed check,81.48,5903.16,81.99,1.38,Brazil,1,1,BRL,No,,
CUST-01531,Female,0,Yes,No,1,1,Yes,Yes,Fiber optic,No,No,No,Yes,No,One year,No,Credit card,58.9,0.0,0.0,5890.0,Brazil,1,0,BRL,Yes,LP001,
CUST-01532,Female,0,Yes,No,24,23,Yes,No,Fiber optic,No,No,No,No,Yes,Two year,Yes,Electronic check,68.26,1604.42,66.85,4.2518,Brazil,1,0,BRL,Yes,,49.7
CUST-01533,Male,0,Yes,Yes,46,46,Yes,Yes,DSL,No,No,No,No,No,Month-to-month,Yes,Mailed check,41.54,1842.44,40.05,2.2534,Brazil,1,0,BRL,No,,
CUST-01534,Male,0,No,Yes,23,23,Yes,No,Fiber optic,No,Yes,No,Yes,No,One year,Yes,Bank transfer,100.48,2320.51,100.89,4.3282,Brazil,1,0,BRL,No,,
CUST-01535,Female,0,No,Yes,11,11,Yes,No,Fiber optic,No,Yes,Yes,No,Yes,Month-to-month,Yes,Electronic check,93.88,966.51,87.86,9.7033,Brazil,1,0,BRL,Yes,,
CUST-01536,Male,0,Yes,No,4,3,Yes,Yes,DSL,Yes,No,No,No,Yes,Month-to-month,No,Bank transfer,42.35,,17.59,59.3553,Brazil,1,0,BRL,No,LP003,
CUST-01537,Female,0,No,No,65,65,Yes,No,DSL,No,No,No,No,No,Month-to-month,No,Electronic check,47.88,3100.33,47.7,1.5439,Brazil,1,0,BRL,No,LP001,
CUST-01538,Female,0,Yes,No,19,19,Yes,Yes,DSL,No,Yes,Yes,No,No,One year,Yes,Credit card,73.82,1292.13,68.01,5.7086,Brazil,1,0,BRL,No,LP002,
CUST-01539,Male,0,Yes,No,63,62,Yes,No,Fiber optic,,No,Yes,No,Yes,Month-to-month,Yes,Electronic check,74.76,4722.82,74.97,1.5826,Brazil,1,0,BRL,No,,
CUST-01540,Male,0,Yes,Yes,26,26,Yes,No,Fiber optic,No,Yes,No,Yes,No,Month-to-month,Yes,Electronic check,74.61,1876.98,72.19,3.9729,Brazil,1,0,BRL,Yes,LP003,
CUST-01541,Male,0,No,No,33,33,Yes,No,DSL,Yes,No,No,Yes,No,One year,Yes,Bank transfer,39.94,1275.99,38.67,3.1277,Brazil,1,0,BRL,No,,
CUST-01542,Female,1,Yes,No,48,48,Yes,No,No,No internet service,,No internet service,No internet service,No internet service,One year,No,Electronic check,31.43,1394.62,29.05,2.252,Brazil,1,0,BRL,Yes,,
CUST-01543,Male,0,Yes,Yes,32,32,Yes,No,DSL,No,No,No,Yes,Yes,Two year,Yes,Electronic check,22.43,800.27,25.01,2.7993,Brazil,1,0,BRL,No,,
CUST-01544,Female,0,Yes,No,15,15,Yes,Yes,Fiber optic,No,Yes,No,Yes,No,Two year,Yes,Mailed check,18.14,198.95,13.26,9.0723,Brazil,1,0,BRL,No,,
CUST-01545,Female,0,No,Yes,21,21,Yes,No,Fiber optic,No,No,No,Yes,Yes,Month-to-month,Yes,Mailed check,92.81,1930.81,91.94,4.8043,Brazil,1,0,BRL,No,,
CUST-01546,Female,0,Yes,No,48,47,No,No phone service,No,No internet service,No internet service,No internet service,No internet service,No internet service,Two year,No,Mailed check,32.88,1488.65,31.01,2.2072,Brazil,1,0,BRL,No,,
CUST-01547,Male,0,No,No,14,14,Yes,No,DSL,No,,No,No,No,Two year,No,Bank transfer,56.91,754.96,53.93,7.5282,Brazil,1,0,BRL,No,,
CUST-01548,Male,0,No,Yes,14,13,Yes,No,No,No internet service,No internet service,No internet service,No internet service,No internet service,Month-to-month,No,Mailed check,27.96,479.03,34.22,5.8246,Brazil,1,0,BRL,No,,
CUST-01549,Female,0,No,No,3,4,Yes,Yes,No,No internet service,No internet service,No internet service,No internet service,No internet service,Month-to-month,No,Bank transfer,27.58,97.61,32.54,27.9688,Brazil,1,0,BRL,Yes,,
CUST-01550,Male,0,No,No,72,72,Yes,No,Fiber optic,No,Yes,No,No,No,Month-to-month,Yes,Electronic check,100.01,7164.54,99.51,1.3957,Brazil,1,0,BRL,Yes,,
CUST-01551,Male,0,Yes,No,2,2,Yes,No,Fiber optic,No,No,No,No,No,Month-to-month,Yes,Electronic check,94.86,188.01,94.0,50.1878,Brazil,1,0,BRL,Yes,,
CUST-01552,Male,0,Yes,No,31,31,Yes,No,DSL,No,No,Yes,Yes,No,One year,Yes,Bank transfer,46.04,1399.21,45.14,3.2881,Brazil,1,0,BRL,No,LP001,
CUST-01553,Female,1,No,Yes,15,14,No,No phone service,Fiber optic,No,Yes,Yes,Yes,No,One year,No,Credit card,71.56,1068.78,71.25,6.6892,Brazil,1,0,BRL,Yes,,48.6
CUST-01554,Female,0,Yes,No,15,16,No,No phone service,Fiber optic,No,No,No,No,Yes,One year,No,Electronic check,101.94,1566.29,104.42,6.5042,Brazil,1,0,BRL,No,,
CUST-01555,Male,1,No,No,34,35,Yes,No,Fiber optic,No,Yes,No,Yes,No,Month-to-month,Yes,Mailed check,84.64,2861.21,84.15,2.9572,Brazil,1,0,BRL,No,,
CUST-01556,Female,0,No,No,2,2,Yes,Yes,Fiber optic,Yes,Yes,No,No,No,Month-to-month,No,Mailed check,100.89,212.78,106.39,47.1934,Brazil,1,0,BRL,Yes,,
CUST-01557,Male,0,No,Yes,27,27,Yes,No,Fiber optic,No,No,No,No,No,Two year,No,Mailed check,32.22,881.76,32.66,3.6499,Brazil,1,0,BRL,No,,61.6
CUST-01558,Male,0,No,No,44,43,Yes,No,DSL,No,No,Yes,No,Yes,Month-to-month,No,Bank transfer,48.39,2112.85,48.02,2.2892,Brazil,1,0,BRL,No,,
CUST-01559,Male,0,No,No,52,51,Yes,No,DSL,No,,No,Yes,No,Two year,Yes,Electronic check,44.65,2285.0,43.94,1.9532,Brazil,1,0,BRL,No,,
CUST-01560,Male,0,No,Yes,5,4,Yes,No,DSL,No,No,Yes,Yes,No,Month-to-month,No,Bank transfer,77.09,359.19,71.84,21.4026,Brazil,1,0,BRL,No,,
CUST-01561,Female,0,Yes,No,68,68,Yes,No,DSL,No,No,No,No,Yes,Two year,Yes,Electronic check,63.21,4333.24,63.72,1.4584,Brazil,1,0,BRL,No,,
CUST-01562,Female,0,No,Yes,32,33,Yes,Yes,Fiber optic,No,Yes,No,Yes,No,Month-to-month,No,Mailed check,114.78,3712.08,116.0,3.0912,Brazil,1,0,BRL,Yes,,
CUST-01563,Female,0,Yes,No,64,64,Yes,Yes,No,No internet service,No internet service,No internet service,No internet service,No internet service,Month-to-month,No,Credit card,25.63,1583.43,24.74,1.6176,Brazil,1,0,BRL,No,,
CUST-01564,Male,0,Yes,Yes,19,19,No,No phone service,Fiber optic,No,,No,No,Yes,Month-to-month,Yes,Mailed check,69.49,1307.26,68.8,5.3116,Brazil,1,0,BRL,No,,
CUST-01565,Male,0,No,No,23,23,No,No phone service,Fiber optic,,,No,No,No,One year,No,Electronic check,78.09,1758.42,76.45,4.4384,Brazil,1,0,BRL,Yes,,
CUST-01566,Male,0,Yes,No,72,71,Yes,No,Fiber optic,Yes,Yes,No,No,No,Two year,No,Credit card,60.51,4396.72,61.07,1.3759,Brazil,1,0,BRL,No,,
CUST-01567,Female,0,Yes,No,69,70,Yes,No,DSL,Yes,No,No,No,Yes,Month-to-month,Yes,Credit card,64.63,4435.91,64.29,1.4566,Brazil,1,0,BRL,No,,
CUST-01568,Male,0,Yes,No,17,18,No,No phone service,Fiber optic,Yes,No,No,No,No,Two year,Yes,Bank transfer,78.6,1446.25,85.07,5.431,Brazil,1,0,BRL,No,LP003,
CUST-01569,Female,1,No,No,9,9,Yes,No,DSL,No,Yes,No,Yes,No,One year,Yes,Mailed check,43.11,398.88,44.32,10.7807,Brazil,1,0,BRL,No,LP002,
CUST-01570,Female,0,No,No,14,14,Yes,Yes,Fiber optic,Yes,,Yes,Yes,No,One year,No,Electronic check,92.4,1352.7,96.62,6.8257,Brazil,1,0,BRL,No,,
CUST-01571,Female,1,No,Yes,14,14,Yes,Yes,DSL,No,Yes,No,No,No,Two year,No,Credit card,55.5,726.27,51.88,7.6313,Brazil,1,0,BRL,No,,
CUST-01572,Female,0,Yes,Yes,10,10,Yes,Yes,DSL,No,No,No,No,No,Month-to-month,Yes,Mailed check,33.39,334.49,33.45,9.9526,Brazil,1,0,BRL,No,,
CUST-01573,Female,0,No,No,9,10,Yes,No,Fiber optic,No,No,Yes,No,Yes,Month-to-month,Yes,Credit card,78.74,739.47,82.16,10.6338,Brazil,1,0,BRL,No,,
CUST-01574,Female,0,No,Yes,59,59,Yes,Yes,No,No internet service,No internet service,No internet service,No internet service,No internet service,Two year,No,Mailed check,21.67,1226.86,20.79,1.7649,Brazil,1,0,BRL,No,,
CUST-01575,Male,0,Yes,No,2,2,No,No phone service,Fiber optic,Yes,No,Yes,No,No,Two year,Yes,Electronic check,82.16,165.34,82.67,49.3928,Brazil,1,0,BRL,Yes,,
CUST-01576,Male,1,Yes,No,33,34,Yes,No,No,No internet service,No internet service,No internet service,No internet service,No internet service,Two year,Yes,Credit card,23.25,819.84,24.84,2.8325,Brazil,1,0,BRL,No,,55.6
CUST-01577,Female,0,Yes,Yes,5,4,Yes,No,Fiber optic,No,No,Yes,No,Yes,Two year,Yes,Mailed check,56.5,266.13,53.23,21.1508,Brazil,1,0,BRL,No,,
CUST-01578,Female,0,No,No,12,12,Yes,Yes,Fiber optic,No,,No,No,No,Month-to-month,Yes,Electronic check,49.35,549.61,45.8,8.9628,Brazil,1,0,BRL,Yes,,
CUST-01579,Male,0,No,No,1,1,Yes,Yes,Fiber optic,,Yes,No,Yes,No,Two year,Yes,Electronic check,80.98,171.13,171.13,47.0458,Brazil,1,0,BRL,Yes,,
CUST-01580,Female,0,No,No,9,8,Yes,Yes,No,No internet service,No internet service,No internet service,No internet service,No internet service,Month-to-month,No,Mailed check,28.83,200.88,22.32,14.2808,Brazil,1,0,BRL,No,,
CUST-01581,Female,1,Yes,No,43,43,Yes,No,DSL,No,Yes,Yes,Yes,No,Two year,No,Electronic check,69.25,2985.54,69.43,2.3187,Brazil,1,0,BRL,No,,
CUST-01582,Male,0,No,No,64,64,Yes,Yes,DSL,Yes,No,Yes,No,No,Month-to-month,No,Mailed check,75.21,4778.03,74.66,1.5738,Brazil,1,0,BRL,No,,40.5
CUST-01583,Female,0,No,Yes,7,7,Yes,No,DSL,No,No,Yes,No,No,One year,No,Mailed check,55.36,340.68,48.67,16.2023,Brazil,1,0,BRL,No,,
CUST-01584,Female,0,No,No,18,18,Yes,No,Fiber optic,No,Yes,No,No,No,Month-to-month,Yes,Bank transfer,93.8,1725.48,95.86,5.433,Brazil,1,0,BRL,No,,
CUST-01585,Female,0,No,No,19,19,Yes,Yes,No,No internet service,No internet service,No internet service,No internet service,No internet service,Month-to-month,Yes,Mailed check,25.61,476.31,25.07,5.3655,Brazil,1,0,BRL,Yes,,
CUST-01586,Male,0,Yes,No,62,63,Yes,No,Fiber optic,Yes,Yes,No,No,No,Month-to-month,Yes,Credit card,79.55,4952.39,79.88,1.606,Brazil,1,0,BRL,No,,
CUST-01587,Male,0,Yes,Yes,43,43,Yes,No,Fiber optic,No,Yes,No,No,No,Two year,No,Electronic check,66.81,2760.07,64.19,2.4197,Brazil,1,0,BRL,No,LP001,
CUST-01588,Male,0,No,Yes,21,21,Yes,No,No,No internet service,No internet service,No internet service,No internet service,No internet service,Two year,No,Bank transfer,26.28,577.04,27.48,4.5464,Brazil,1,0,BRL,No,,
CUST-01589,Female,0,No,No,33,34,Yes,Yes,Fiber optic,No,No,Yes,Yes,No,Month-to-month,No,Electronic check,113.88,3722.01,112.79,3.0588,Brazil,1,0,BRL,Yes,,40.2
CUST-01590,Female,0,No,No,56,56,Yes,Yes,Fiber optic,No,No,No,No,Yes,Two year,No,Bank transfer,86.39,4743.9,84.71,1.8207,Brazil,1,0,BRL,No,LP003,58.7
CUST-01591,Male,0,Yes,No,1,1,Yes,Yes,No,No internet service,,No internet service,No internet service,No internet service,One year,No,Credit card,23.96,118.2,118.2,20.1007,Brazil,1,0,BRL,No,LP003,
CUST-01592,Female,0,No,No,15,15,Yes,Yes,Fiber optic,No,No,No,Yes,Yes,Month-to-month,Yes,Credit card,83.02,1275.35,85.02,6.5045,Brazil,1,0,BRL,No,LP003,
CUST-01593,Female,0,Yes,No,71,71,Yes,No,Fiber optic,Yes,No,No,No,No,Month-to-month,Yes,Mailed check,92.4,6571.76,92.56,1.4058,Brazil,1,0,BRL,No,,
CUST-01594,Female,0,Yes,No,40,41,Yes,No,DSL,No,Yes,Yes,No,No,Two year,Yes,Mailed check,30.22,1271.27,31.78,2.3753,Brazil,1,0,BRL,No,,
CUST-01595,Female,0,No,Yes,23,23,Yes,No,DSL,Yes,No,Yes,Yes,No,One year,Yes,Credit card,49.62,1153.64,50.16,4.2974,Brazil,1,0,BRL,No,,
CUST-01596,Female,0,No,Yes,22,22,Yes,Yes,Fiber optic,No,No,No,Yes,No,Month-to-month,No,Credit card,102.14,2207.15,100.32,4.6256,Brazil,1,0,BRL,No,,
CUST-01597,Male,0,Yes,Yes,12,12,Yes,Yes,Fiber optic,No,No,No,No,No,One year,Yes,Credit card,83.13,988.81,82.4,8.3986,Brazil,1,0,BRL,No,,
CUST-01598,Female,0,Yes,No,22,22,Yes,No,No,No internet service,No internet service,No internet service,No internet service,No internet service,Month-to-month,Yes,Mailed check,30.47,636.42,28.93,4.7802,Brazil,1,0,BRL,Yes,,34.7
CUST-01599,Male,0,Yes,No,31,30,Yes,Yes,No,No internet service,No internet service,No internet service,No internet service,No internet service,Month-to-month,Yes,Credit card,18.15,537.63,17.34,3.3697,Brazil,1,0,BRL,No,,48.9
CUST-01600,Female,0,Yes,No,16,17,Yes,Yes,No,No internet service,No internet service,No internet service,No internet service,No internet service,Month-to-month,Yes,Electronic check,21.49,280.95,17.56,7.6219,Brazil,1,0,BRL,No,,
CUST-01601,Male,0,No,No,37,36,Yes,No,DSL,No,No,No,Yes,No,Month-to-month,Yes,Electronic check,72.24,2624.38,70.93,2.7516,Brazil,1,0,BRL,No,,
CUST-01602,Female,0,No,No,59,60,Yes,Yes,No,No internet service,No internet service,No internet service,No internet service,No internet service,One year,Yes,Electronic check,28.56,1729.77,29.32,1.6501,Brazil,1,0,BRL,No,,
CUST-01603,Male,0,Yes,No,5,5,No,No phone service,Fiber optic,No,No,No,Yes,Yes,Two year,Yes,Electronic check,80.89,421.05,84.21,19.166,Brazil,1,0,BRL,Yes,,
CUST-01604,Female,0,No,No,18,18,Yes,Yes,Fiber optic,No,,No,No,Yes,Month-to-month,No,Bank transfer,93.74,1662.17,92.34,5.6362,Brazil,1,0,BRL,Yes,,
CUST-01605,Male,0,No,Yes,15,15,Yes,No,Fiber optic,No,No,Yes,No,No,Month-to-month,Yes,Credit card,95.94,1387.7,92.51,6.9086,Brazil,1,0,BRL,Yes,,
CUST-01606,Female,0,No,Yes,34,35,Yes,No,DSL,No,No,No,Yes,No,One year,No,Bank transfer,29.43,980.35,28.83,2.9989,Brazil,1,0,BRL,No,,
CUST-01607,Male,0,Yes,No,8,8,No,No phone service,DSL,No,No,Yes,No,No,Two year,No,Bank transfer,31.27,165.97,20.75,18.7279,Brazil,1,0,BRL,No,,
CUST-01608,Female,0,No,No,30,30,Yes,No,No,No internet service,No internet service,No internet service,No internet service,No internet service,One year,No,Mailed check,18.0,546.33,18.21,3.2887,Brazil,1,0,BRL,No,,
CUST-01609,Male,0,Yes,No,62,62,Yes,No,Fiber optic,Yes,No,No,Yes,Yes,Two year,No,Bank transfer,68.08,4268.23,68.84,1.5947,Brazil,1,0,BRL,No,,36.1
CUST-01610,Male,0,Yes,No,16,16,Yes,No,Fiber optic,No,No,No,No,No,Month-to-month,Yes,Mailed check,68.02,1206.67,75.42,5.6323,Brazil,1,0,BRL,Yes,,
CUST-01611,Female,0,Yes,No,72,72,Yes,Yes,Fiber optic,No,Yes,Yes,No,Yes,One year,Yes,Credit card,96.17,6869.08,95.4,1.3998,Brazil,1,0,BRL,Yes,,
CUST-01612,Female,0,No,Yes,72,72,Yes,No,No,No internet service,No internet service,No internet service,No internet service,No internet service,Month-to-month,Yes,Bank transfer,23.13,1710.55,23.76,1.3514,Brazil,1,0,BRL,No,,
CUST-01613,Male,0,Yes,Yes,3,3,Yes,Yes,Fiber optic,Yes,,No,No,No,Month-to-month,Yes,Bank transfer,66.73,164.83,54.94,40.24,Brazil,1,0,BRL,No,LP002,
CUST-01614,Female,0,Yes,Yes,7,7,Yes,No,Fiber optic,No,No,Yes,Yes,No,Month-to-month,No,Mailed check,71.52,444.22,63.46,16.064,Brazil,1,0,BRL,Yes,LP001,
CUST-01615,Male,0,Yes,No,72,72,Yes,No,DSL,Yes,No,No,Yes,No,Month-to-month,No,Credit card,73.49,5234.84,72.71,1.4036,Brazil,1,0,BRL,No,LP002,
CUST-01616,Male,0,No,Yes,72,72,Yes,No,DSL,No,Yes,No,Yes,No,Two year,Yes,Electronic check,66.53,4797.2,66.63,1.3866,Brazil,1,0,BRL,No,,
CUST-01617,Male,0,No,No,3,3,Yes,No,No,No internet service,No internet service,No internet service,No internet service,No internet service,Two year,Yes,Mailed check,18.64,9.38,3.13,179.5761,Brazil,1,0,BRL,No,,
CUST-01618,Female,1,Yes,No,1,1,Yes,Yes,Fiber optic,No,,No,No,Yes,Month-to-month,Yes,Bank transfer,74.62,44.28,44.28,164.7968,Brazil,1,0,BRL,No,,
CUST-01619,Male,0,No,No,5,5,No,No phone service,Fiber optic,Yes,,No,No,Yes,Month-to-month,No,Mailed check,93.28,444.38,88.88,20.9439,Brazil,1,0,BRL,Yes,,
CUST-01620,Male,0,No,Yes,72,71,Yes,No,Fiber optic,No,Yes,No,No,No,Month-to-month,No,Credit card,91.08,6520.76,90.57,1.3966,Brazil,1,0,BRL,Yes,LP001,
CUST-01621,Female,1,No,No,5,6,Yes,No,No,No internet service,No internet service,No internet service,No internet service,No internet service,Month-to-month,No,Mailed check,23.69,77.82,15.56,30.0558,Brazil,1,0,BRL,Yes,,
CUST-01622,Female,0,Yes,No,20,20,Yes,No,Fiber optic,Yes,Yes,No,No,No,One year,No,Mailed check,100.68,1892.14,94.61,5.3181,Brazil,1,0,BRL,Yes,,
CUST-01623,Female,1,No,No,56,56,No,No phone service,Fiber optic,Yes,No,Yes,No,Yes,Two year,Yes,Credit card,69.43,3892.43,69.51,1.7833,Brazil,1,0,BRL,No,LP003,
CUST-01624,Female,0,No,No,1,1,Yes,No,Fiber optic,Yes,Yes,No,No,No,Two year,Yes,Mailed check,80.38,83.76,83.76,94.8325,Brazil,1,0,BRL,Yes,,
CUST-01625,Male,1,No,Yes,27,26,Yes,No,DSL,No,Yes,Yes,Yes,No,One year,Yes,Mailed check,59.53,1567.44,58.05,3.7955,Brazil,1,0,BRL,No,,
CUST-01626,Male,0,Yes,No,9,9,Yes,Yes,No,No internet service,No internet service,No internet service,No internet service,No internet service,Two year,Yes,Electronic check,25.6,248.42,27.6,10.2638,Brazil,1,0,BRL,No,,
CUST-01627,Male,0,No,No,59,59,Yes,Yes,No,No internet service,No internet service,No internet service,No internet service,No internet service,Month-to-month,No,Electronic check,26.15,1612.7,27.33,1.6205,Brazil,1,0,BRL,No,,
CUST-01628,Male,0,No,No,9,9,Yes,No,No,No internet service,No internet service,No internet service,No internet service,No internet service,Month-to-month,Yes,Bank transfer,20.01,181.27,20.14,10.9782,Brazil,1,0,BRL,No,,
CUST-01629,Female,0,No,No,34,34,Yes,No,No,,No internet service,No internet service,No internet service,No internet service,Month-to-month,No,Electronic check,18.24,686.67,20.2,2.6524,Brazil,1,0,BRL,Yes,,
CUST-01630,Male,0,Yes,No,33,33,Yes,No,No,No internet service,No internet service,No internet service,No internet service,No internet service,One year,Yes,Credit card,23.12,874.87,26.51,2.6397,Brazil,1,0,BRL,No,,
CUST-01631,Male,0,Yes,Yes,7,8,Yes,Yes,Fiber optic,,,Yes,No,No,One year,Yes,Bank transfer,89.27,751.42,107.35,11.8644,Brazil,1,0,BRL,Yes,,
CUST-01632,Female,0,No,No,1,1,Yes,No,No,No internet service,No internet service,No internet service,No internet service,No internet service,Month-to-month,Yes,Electronic check,30.31,0.0,0.0,3031.0,Brazil,1,0,BRL,No,,
CUST-01633,Male,0,No,No,15,16,Yes,No,Fiber optic,No,,No,Yes,No,Month-to-month,Yes,Bank transfer,90.37,1296.4,86.43,6.9655,Brazil,1,0,BRL,No,,
CUST-01634,Male,0,Yes,No,10,10,Yes,Yes,DSL,No,Yes,No,Yes,No,Month-to-month,No,Bank transfer,37.36,351.38,35.14,10.6022,Brazil,1,0,BRL,Yes,,45.0
CUST-01635,Male,0,No,No,49,49,Yes,No,Fiber optic,No,No,No,No,No,Two year,Yes,Electronic check,92.47,4537.47,92.6,2.0375,Brazil,1,0,BRL,No,,51.7
CUST-01636,Male,1,Yes,No,48,48,Yes,No,No,No internet service,No internet service,No internet service,No internet service,No internet service,Month-to-month,No,Electronic check,20.28,1052.77,21.93,1.9245,Brazil,1,0,BRL,No,,60.1
CUST-01637,Male,0,No,No,18,18,Yes,No,Fiber optic,Yes,No,Yes,Yes,Yes,One year,No,Mailed check,77.14,1419.88,78.88,5.429,Brazil,1,0,BRL,Yes,,
CUST-01638,Male,1,No,Yes,27,27,Yes,No,No,No internet service,No internet service,No internet service,No internet service,No internet service,One year,Yes,Bank transfer,21.05,508.19,18.82,4.134,Brazil,1,0,BRL,No,,
CUST-01639,Female,0,No,No,27,27,Yes,No,DSL,Yes,,No,Yes,Yes,Month-to-month,No,Bank transfer,63.87,1693.91,62.74,3.7683,Brazil,1,0,BRL,No,,
CUST-01640,Female,0,No,No,52,52,Yes,No,DSL,No,Yes,No,No,No,One year,Yes,Mailed check,51.55,2678.5,51.51,1.9239,Brazil,1,0,BRL,No,,
CUST-01641,Male,0,Yes,No,16,16,Yes,No,Fiber optic,No,Yes,No,No,Yes,Two year,No,Bank transfer,88.58,1342.82,83.93,6.5917,Brazil,1,0,BRL,Yes,,
CUST-01642,Male,0,No,No,9,9,Yes,No,DSL,Yes,Yes,No,No,No,Month-to-month,No,Bank transfer,44.12,397.76,44.2,11.0643,Brazil,1,0,BRL,No,LP002,
CUST-01643,Female,0,Yes,No,9,8,Yes,Yes,DSL,Yes,No,No,Yes,No,Two year,No,Bank transfer,77.07,634.21,70.47,12.133,Brazil,1,0,BRL,No,LP003,
CUST-01644,Male,0,No,Yes,23,22,Yes,No,DSL,,Yes,Yes,No,No,Month-to-month,Yes,Bank transfer,51.62,1104.72,48.03,4.6685,Brazil,1,0,BRL,No,,
CUST-01645,Male,0,No,No,17,17,No,No phone service,No,No internet service,No internet service,No internet service,No internet service,No internet service,Month-to-month,Yes,Electronic check,23.14,346.03,20.35,6.668,Brazil,1,0,BRL,No,,
CUST-01646,Male,1,No,No,17,16,No,No phone service,DSL,No,No,No,No,Yes,Two year,Yes,Credit card,49.73,865.96,50.94,5.7361,Brazil,1,0,BRL,No,LP001,
CUST-01647,Female,0,Yes,No,2,2,Yes,No,DSL,Yes,Yes,No,No,No,Two year,Yes,Bank transfer,38.51,97.23,48.62,39.2039,Brazil,1,0,BRL,No,,
CUST-01648,Male,0,No,No,38,38,Yes,Yes,DSL,No,,Yes,No,Yes,Two year,No,Credit card,66.77,2542.09,66.9,2.6255,Brazil,1,0,BRL,No,,
CUST-01649,Female,0,Yes,No,7,7,Yes,No,Fiber optic,No,Yes,No,Yes,Yes,One year,No,Mailed check,78.55,599.43,85.63,13.0823,Brazil,1,0,BRL,Yes,LP002,
CUST-01650,Male,0,Yes,Yes,6,6,Yes,Yes,Fiber optic,Yes,Yes,No,No,Yes,Two year,Yes,Electronic check,101.34,652.32,108.72,15.5115,Brazil,1,0,BRL,No,,
CUST-01651,Female,0,No,No,15,16,Yes,Yes,Fiber optic,No,Yes,No,No,No,Two year,Yes,Mailed check,73.54,1113.32,74.22,6.5995,Brazil,1,0,BRL,No,,
CUST-01652,Female,0,Yes,No,7,7,Yes,No,Fiber optic,No,Yes,Yes,No,Yes,Two year,Yes,Mailed check,88.03,619.53,88.5,14.1863,Brazil,1,0,BRL,No,,
CUST-01653,Male,0,No,Yes,26,25,No,No phone service,DSL,No,No,No,No,Yes,One year,Yes,Bank transfer,55.36,1445.84,55.61,3.8263,Brazil,1,0,BRL,No,LP001,
CUST-01654,Female,0,Yes,Yes,13,13,Yes,No,Fiber optic,No,No,No,No,Yes,Month-to-month,Yes,Mailed check,108.03,1397.01,107.46,7.7274,Brazil,1,0,BRL,Yes,,
CUST-01655,Male,0,Yes,No,17,18,Yes,No,No,No internet service,No internet service,No internet service,No internet service,No internet service,Two year,Yes,Credit card,18.0,197.28,11.6,9.0781,Brazil,1,0,BRL,No,,
CUST-01656,Female,0,No,Yes,23,23,Yes,No,DSL,Yes,No,No,Yes,No,Month-to-month,No,Bank transfer,60.29,1443.44,62.76,4.1739,Brazil,1,0,BRL,No,,
CUST-01657,Male,1,No,No,6,6,Yes,No,Fiber optic,Yes,No,No,No,Yes,Month-to-month,Yes,Bank transfer,49.63,317.66,52.94,15.5746,Brazil,1,0,BRL,Yes,,
CUST-01658,Male,0,Yes,Yes,5,6,Yes,No,DSL,Yes,Yes,No,Yes,No,Month-to-month,Yes,Electronic check,33.13,104.83,20.97,31.3049,Brazil,1,0,BRL,No,LP003,
CUST-01659,Female,0,No,Yes,63,63,Yes,No,DSL,No,,Yes,No,Yes,One year,No,Credit card,40.56,2626.67,41.69,1.5436,Brazil,1,0,BRL,No,,
CUST-01660,Male,0,No,No,17,18,Yes,Yes,Fiber optic,No,No,No,No,No,Month-to-month,Yes,Credit card,62.95,1040.65,61.21,6.0433,Brazil,1,0,BRL,Yes,,
CUST-01661,Male,1,No,No,15,15,Yes,No,Fiber optic,No,No,Yes,Yes,Yes,Month-to-month,No,Bank transfer,84.97,1269.16,84.61,6.6897,Brazil,1,0,BRL,Yes,,
CUST-01662,Female,0,Yes,No,1,1,Yes,Yes,DSL,No,,No,No,No,Two year,No,Electronic check,73.79,124.97,124.97,58.5774,Brazil,1,0,BRL,No,,
CUST-01663,Male,0,No,No,20,21,Yes,No,DSL,No,No,No,No,No,Month-to-month,No,Mailed check,55.11,1113.21,55.66,4.9461,Brazil,1,0,BRL,No,,
CUST-01664,Male,0,No,No,24,24,Yes,Yes,No,No internet service,No internet service,No internet service,No internet service,No internet service,One year,Yes,Electronic check,26.78,709.49,29.56,3.7692,Brazil,1,0,BRL,No,,
CUST-01665,Female,0,No,No,24,24,Yes,No,No,No internet service,No internet service,No internet service,No internet service,No internet service,Month-to-month,Yes,Mailed check,20.55,475.59,19.82,4.3119,Brazil,1,0,BRL,No,,
CUST-01666,Female,0,Yes,No,36,35,Yes,No,No,No internet service,No internet service,No internet service,No internet service,No internet service,Month-to-month,No,Electronic check,26.46,1037.12,28.81,2.5488,Brazil,1,0,BRL,No,,57.6
CUST-01667,Male,0,No,No,5,4,No,No phone service,Fiber optic,No,No,No,No,Yes,Month-to-month,No,Mailed check,109.28,507.51,101.5,21.4902,Brazil,1,0,BRL,Yes,,
CUST-01668,Male,0,No,Yes,8,9,Yes,No,Fiber optic,Yes,Yes,No,Yes,Yes,One year,Yes,Bank transfer,48.76,455.96,57.0,10.6705,Brazil,1,0,BRL,No,,
CUST-01669,Female,0,No,Yes,49,49,Yes,No,Fiber optic,Yes,,Yes,No,Yes,Month-to-month,Yes,Mailed check,98.26,4701.48,95.95,2.0895,Brazil,1,0,BRL,No,,47.2
CUST-01670,Female,0,Yes,No,72,72,Yes,Yes,DSL,No,Yes,Yes,Yes,Yes,Two year,Yes,Mailed check,66.5,4732.99,65.74,1.4047,Brazil,1,0,BRL,No,LP002,
CUST-01671,Male,0,No,No,4,4,Yes,No,Fiber optic,No,No,Yes,Yes,No,Month-to-month,Yes,Credit card,64.88,274.42,68.6,23.5567,Brazil,1,0,BRL,No,,58.6
CUST-01672,Female,0,No,Yes,20,21,No,No phone service,Fiber optic,Yes,No,No,No,Yes,Month-to-month,Yes,Electronic check,75.82,1496.38,74.82,5.0635,Brazil,1,0,BRL,No,,
CUST-01673,Male,0,Yes,Yes,7,7,Yes,No,DSL,No,No,No,Yes,Yes,Month-to-month,Yes,Credit card,55.04,381.54,54.51,14.388,Brazil,1,0,BRL,No,,
CUST-01674,Male,1,Yes,Yes,1,1,Yes,Yes,No,No internet service,No internet service,No internet service,No internet service,No internet service,Month-to-month,Yes,Electronic check,24.58,26.66,26.66,88.8648,Brazil,1,0,BRL,No,,
CUST-01675,Male,0,No,No,11,10,Yes,No,DSL,No,No,Yes,No,No,Two year,No,Electronic check,51.86,510.91,46.45,10.1307,Brazil,1,0,BRL,No,LP001,
CUST-01676,Male,0,Yes,No,4,4,Yes,No,Fiber optic,No,No,No,No,No,Two year,Yes,Electronic check,95.35,325.6,81.4,29.1947,Brazil,1,0,BRL,No,,54.8
CUST-01677,Male,0,No,Yes,37,37,Yes,No,DSL,Yes,No,Yes,Yes,No,One year,No,Bank transfer,61.65,2292.66,61.96,2.6878,Brazil,1,0,BRL,No,LP003,
CUST-01678,Female,0,No,No,22,21,Yes,No,Fiber optic,No,No,No,No,No,Month-to-month,No,Mailed check,36.76,775.4,35.25,4.7347,Brazil,1,0,BRL,No,,
CUST-01679,Female,0,No,No,4,5,Yes,No,DSL,No,No,No,Yes,Yes,Month-to-month,Yes,Credit card,53.03,279.17,69.79,18.9278,Brazil,1,0,BRL,No,,
CUST-01680,Female,0,Yes,No,1,1,No,No phone service,DSL,No,Yes,Yes,No,No,Month-to-month,No,Mailed check,32.41,22.81,22.81,136.1193,Brazil,1,0,BRL,No,,56.6
CUST-01681,Female,0,Yes,Yes,49,49,Yes,No,Fiber optic,Yes,No,No,Yes,Yes,Two year,No,Electronic check,85.8,4240.14,86.53,2.023,Brazil,1,0,BRL,No,,
CUST-01682,Male,0,No,No,5,4,Yes,No,Fiber optic,No,No,Yes,No,No,Month-to-month,Yes,Bank transfer,50.55,274.89,54.98,18.3225,Brazil,1,0,BRL,No,,
CUST-01683,Male,0,Yes,No,27,28,Yes,Yes,Fiber optic,Yes,Yes,No,No,No,One year,Yes,Electronic check,106.42,2843.28,105.31,3.7415,Brazil,1,0,BRL,No,,
CUST-01684,Male,0,No,No,12,13,Yes,Yes,DSL,No,Yes,No,No,Yes,Month-to-month,Yes,Bank transfer,53.25,539.98,45.0,9.8432,Brazil,1,0,BRL,No,,51.5
CUST-01685,Male,0,Yes,Yes,26,26,Yes,Yes,Fiber optic,,,No,Yes,No,Month-to-month,No,Electronic check,102.78,2731.53,105.06,3.7613,Brazil,1,0,BRL,No,LP003,53.9
CUST-01686,Female,0,Yes,No,11,11,Yes,No,Fiber optic,No,,No,No,No,Month-to-month,No,Mailed check,104.42,1099.67,99.97,9.4869,Brazil,1,0,BRL,No,,
CUST-01687,Male,0,Yes,No,2,2,Yes,Yes,DSL,Yes,No,No,No,No,Month-to-month,Yes,Bank transfer,65.65,111.11,55.56,58.5586,Brazil,1,0,BRL,No,,
CUST-01688,Male,0,No,No,7,7,Yes,No,No,,No internet service,No internet service,No internet service,No internet service,Two year,No,Credit card,25.73,172.57,24.65,14.824,Brazil,1,0,BRL,No,,
CUST-01689,Female,0,No,Yes,6,7,Yes,Yes,Fiber optic,No,No,No,Yes,No,Month-to-month,Yes,Mailed check,75.84,452.49,75.42,16.7236,Brazil,1,0,BRL,Yes,,
CUST-01690,Female,0,Yes,No,16,16,Yes,No,DSL,No,Yes,No,Yes,Yes,One year,No,Credit card,36.64,634.34,39.65,5.767,Brazil,1,0,BRL,No,,
CUST-01691,Female,0,Yes,Yes,32,31,Yes,No,No,No internet service,No internet service,No internet service,No internet service,No internet service,Month-to-month,No,Electronic check,20.41,653.41,20.42,3.1188,Brazil,1,0,BRL,No,,
CUST-01692,Female,0,Yes,No,9,10,Yes,No,No,No internet service,No internet service,No internet service,No internet service,No internet service,Two year,Yes,Credit card,26.2,229.43,25.49,11.37,Brazil,1,0,BRL,No,,
CUST-01693,Male,0,No,No,1,1,Yes,No,No,No internet service,,No internet service,No internet service,No internet service,Month-to-month,No,Bank transfer,20.27,71.19,71.19,28.0787,Brazil,1,0,BRL,No,,
CUST-01694,Male,1,Yes,No,21,21,Yes,No,Fiber optic,No,No,Yes,No,No,Two year,No,Electronic check,102.25,2177.28,103.68,4.6941,Brazil,1,0,BRL,No,,
CUST-01695,Female,0,No,No,27,27,Yes,Yes,Fiber optic,No,Yes,Yes,Yes,Yes,Two year,No,Electronic check,45.45,1190.37,44.09,3.8149,Brazil,1,0,BRL,No,,
CUST-01696,Male,0,No,No,72,72,Yes,No,DSL,Yes,No,Yes,No,No,Two year,Yes,Electronic check,67.83,4826.4,67.03,1.4051,Brazil,1,0,BRL,No,LP001,
CUST-01697,Male,0,No,No,26,26,Yes,Yes,Fiber optic,,,Yes,No,Yes,Month-to-month,No,Mailed check,99.02,2533.34,97.44,3.9071,Brazil,1,0,BRL,No,,53.3
CUST-01698,Male,0,Yes,No,19,19,Yes,Yes,No,No internet service,No internet service,No internet service,No internet service,No internet service,One year,No,Electronic check,25.79,487.55,25.66,5.2789,Brazil,1,0,BRL,No,,
CUST-01699,Female,0,No,Yes,25,24,Yes,No,Fiber optic,No,Yes,No,No,No,Month-to-month,Yes,Bank transfer,87.0,2112.7,84.51,4.116,Brazil,1,0,BRL,No,,
CUST-01700,Male,0,Yes,No,72,72,Yes,Yes,No,No internet service,No internet service,No internet service,No internet service,No internet service,Month-to-month,Yes,Credit card,25.8,1862.14,25.86,1.3848,Brazil,1,0,BRL,No,,
CUST-01701,Female,1,Yes,No,52,52,Yes,No,DSL,No,No,Yes,Yes,No,Month-to-month,Yes,Electronic check,54.1,2806.74,53.98,1.9268,Brazil,1,0,BRL,Yes,,
CUST-01702,Male,0,No,No,11,12,Yes,Yes,Fiber optic,No,No,No,No,No,Month-to-month,No,Mailed check,72.57,671.14,61.01,10.7969,Brazil,1,0,BRL,No,,
CUST-01703,Male,0,No,No,8,7,Yes,No,No,No internet service,No internet service,No internet service,No internet service,No internet service,Two year,No,Bank transfer,26.61,142.57,17.82,18.5345,Brazil,1,0,BRL,No,,
CUST-01704,Male,0,Yes,No,9,9,Yes,Yes,Fiber optic,No,No,Yes,Yes,No,Month-to-month,Yes,Credit card,81.35,587.86,65.32,13.8148,Brazil,1,0,BRL,No,,
CUST-01705,Female,0,Yes,No,21,21,Yes,Yes,No,No internet service,No internet service,No internet service,No internet service,No internet service,One year,No,Mailed check,18.0,,17.18,4.9751,Brazil,1,0,BRL,No,,35.9
CUST-01706,Male,0,No,No,40,40,No,No phone service,Fiber optic,No,No,Yes,Yes,Yes,One year,Yes,Mailed check,83.8,3405.7,85.14,2.4599,Brazil,1,0,BRL,No,,
CUST-01707,Female,0,Yes,No,20,19,No,No phone service,Fiber optic,No,No,Yes,No,No,Month-to-month,No,Mailed check,120.0,2305.47,115.27,5.2028,Brazil,1,0,BRL,No,LP002,
CUST-01708,Female,0,No,No,2,2,Yes,No,Fiber optic,Yes,No,No,No,No,One year,Yes,Electronic check,66.29,66.47,33.24,98.2511,Brazil,1,0,BRL,Yes,,
CUST-01709,Female,0,No,No,38,37,Yes,No,No,No internet service,No internet service,No internet service,No internet service,No internet service,Month-to-month,Yes,Electronic check,28.73,,28.51,2.649,Brazil,1,0,BRL,No,,
CUST-01710,Male,0,Yes,Yes,49,48,Yes,No,Fiber optic,Yes,No,No,No,No,One year,Yes,Mailed check,66.64,3212.17,65.55,2.074,Brazil,1,0,BRL,No,,
CUST-01711,Male,0,Yes,Yes,10,10,Yes,No,DSL,,Yes,No,Yes,Yes,Month-to-month,Yes,Electronic check,32.19,268.47,26.85,11.9457,Brazil,1,0,BRL,No,,
CUST-01712,Male,0,Yes,No,32,33,Yes,No,Fiber optic,No,No,No,No,No,Two year,No,Mailed check,96.32,3109.32,97.17,3.0968,Brazil,1,0,BRL,No,,
CUST-01713,Male,0,No,No,16,16,No,No phone service,Fiber optic,,Yes,No,Yes,Yes,Two year,Yes,Electronic check,94.32,1484.38,92.77,6.3499,Brazil,1,0,BRL,No,,
CUST-01714,Female,0,No,No,65,65,No,No phone service,DSL,Yes,No,Yes,No,No,Two year,Yes,Mailed check,86.8,5567.66,85.66,1.5587,Brazil,1,0,BRL,No,,
CUST-01715,Female,0,Yes,No,55,56,No,No phone service,Fiber optic,Yes,Yes,No,Yes,No,Month-to-month,Yes,Electronic check,100.53,5424.76,98.63,1.8528,Brazil,1,0,BRL,No,,
CUST-01716,Female,0,No,Yes,22,22,Yes,No,DSL,Yes,No,Yes,No,Yes,Month-to-month,Yes,Credit card,66.51,1573.64,71.53,4.2238,Brazil,1,0,BRL,No,,
CUST-01717,Male,1,No,No,35,35,Yes,Yes,Fiber optic,Yes,No,No,No,Yes,Month-to-month,No,Credit card,76.75,2742.67,78.36,2.7973,Brazil,1,0,BRL,Yes,,
CUST-01718,Female,1,Yes,Yes,64,64,Yes,Yes,No,,No internet service,No internet service,No internet service,No internet service,Month-to-month,No,Electronic check,23.41,1475.66,23.06,1.5853,Brazil,1,0,BRL,No,,
CUST-01719,Male,0,No,Yes,20,20,Yes,No,Fiber optic,No,,No,Yes,No,Month-to-month,Yes,Mailed check,96.6,1936.39,96.82,4.9861,Brazil,1,0,BRL,Yes,,
CUST-01720,Female,1,Yes,No,11,10,Yes,No,No,No internet service,No internet service,No internet service,No internet service,No internet service,One year,Yes,Bank transfer,26.31,264.98,24.09,9.8917,Brazil,1,0,BRL,No,,
CUST-01721,Male,0,Yes,Yes,42,42,Yes,No,Fiber optic,No,Yes,No,No,Yes,Month-to-month,Yes,Electronic check,80.44,3404.0,81.05,2.3624,Brazil,1,0,BRL,No,,
CUST-01722,Male,0,Yes,No,7,7,Yes,No,No,No internet service,No internet service,No internet service,No internet service,No internet service,Month-to-month,No,Mailed check,23.8,123.89,17.7,19.0568,Brazil,1,0,BRL,No,,
CUST-01723,Female,0,Yes,No,14,14,Yes,No,DSL,Yes,No,Yes,No,No,Two year,No,Electronic check,75.4,1028.44,73.46,7.3244,Brazil,1,0,BRL,Yes,,
CUST-01724,Female,0,Yes,No,60,60,Yes,Yes,DSL,No,No,No,No,No,One year,No,Credit card,71.58,4317.57,71.96,1.6575,Brazil,1,0,BRL,No,,
CUST-01725,Female,0,Yes,Yes,38,38,Yes,Yes,No,No internet service,No internet service,No internet service,No internet service,No internet service,Month-to-month,No,Credit card,18.0,756.69,19.91,2.3756,Brazil,1,0,BRL,No,,44.0
CUST-01726,Female,0,No,No,15,15,Yes,Yes,Fiber optic,Yes,No,No,No,No,Month-to-month,No,Bank transfer,55.49,869.42,57.96,6.3751,Brazil,1,0,BRL,No,,
CUST-01727,Male,0,No,Yes,7,7,Yes,Yes,DSL,Yes,No,No,Yes,Yes,Month-to-month,No,Mailed check,74.49,583.13,83.3,12.7523,Brazil,1,0,BRL,No,,
CUST-01728,Female,0,No,No,13,13,Yes,Yes,No,No internet service,No internet service,No internet service,No internet service,No internet service,Month-to-month,Yes,Credit card,24.07,297.29,22.87,8.0693,Brazil,1,0,BRL,No,,48.5
CUST-01729,Female,0,Yes,No,10,10,Yes,No,Fiber optic,Yes,Yes,No,No,No,One year,Yes,Credit card,85.11,819.95,82.0,10.3673,Brazil,1,0,BRL,No,,
CUST-01730,Female,0,Yes,No,5,4,Yes,No,No,No internet service,No internet service,No internet service,No internet service,No internet service,Month-to-month,Yes,Credit card,32.47,65.43,13.09,48.8785,Brazil,1,0,BRL,No,,
CUST-01731,Male,0,Yes,Yes,40,40,Yes,No,Fiber optic,Yes,Yes,No,Yes,Yes,Two year,Yes,Electronic check,79.24,3173.21,79.33,2.4964,Brazil,1,0,BRL,No,,
CUST-01732,Male,0,No,No,8,8,Yes,No,Fiber optic,No,,No,Yes,No,One year,No,Electronic check,75.18,620.39,77.55,12.0987,Brazil,1,0,BRL,No,,
CUST-01733,Female,1,No,No,18,18,Yes,No,Fiber optic,Yes,Yes,No,Yes,No,One year,Yes,Bank transfer,67.63,1202.34,66.8,5.6202,Brazil,1,0,BRL,No,,
CUST-01734,Male,1,Yes,Yes,14,14,Yes,No,DSL,No,No,No,Yes,No,Month-to-month,Yes,Mailed check,70.76,951.8,67.99,7.4265,Brazil,1,0,BRL,No,,
CUST-01735,Female,0,Yes,No,72,72,No,No phone service,Fiber optic,Yes,Yes,No,Yes,No,Month-to-month,Yes,Electronic check,94.3,6851.77,95.16,1.3761,Brazil,1,0,BRL,No,,
CUST-01736,Male,1,No,No,14,13,Yes,No,Fiber optic,No,No,No,No,No,Two year,Yes,Electronic check,88.74,1273.95,91.0,6.9603,Brazil,1,0,BRL,Yes,,
CUST-01737,Male,0,Yes,Yes,2,2,Yes,Yes,DSL,Yes,No,No,No,Yes,Month-to-month,Yes,Credit card,54.3,174.24,87.12,30.9861,Brazil,1,0,BRL,No,,42.5
CUST-01738,Male,1,Yes,Yes,2,2,Yes,No,DSL,Yes,No,No,Yes,Yes,Month-to-month,No,Credit card,68.62,89.56,44.78,75.773,Brazil,1,0,BRL,Yes,,53.0
CUST-01739,Male,0,No,No,26,27,Yes,Yes,DSL,No,No,No,No,No,Month-to-month,No,Mailed check,59.34,1507.43,57.98,3.9339,Brazil,1,0,BRL,No,LP003,
CUST-01740,Female,0,No,Yes,27,26,Yes,No,No,No internet service,No internet service,No internet service,No internet service,No internet service,Month-to-month,No,Credit card,21.08,629.32,23.31,3.3443,Brazil,1,0,BRL,No,,
CUST-01741,Female,0,Yes,Yes,16,15,No,No phone service,Fiber optic,Yes,Yes,Yes,No,No,Two year,Yes,Bank transfer,67.56,1078.59,67.41,6.2579,Brazil,1,0,BRL,No,,
CUST-01742,Female,0,Yes,No,16,17,Yes,No,Fiber optic,No,Yes,No,No,No,Month-to-month,Yes,Credit card,94.54,1484.18,92.76,6.3656,Brazil,1,0,BRL,Yes,,
CUST-01743,Male,0,No,No,1,1,No,No phone service,No,,No internet service,No internet service,No internet service,No internet service,Month-to-month,Yes,Mailed check,18.87,0.0,0.0,1887.0,Brazil,1,0,BRL,No,,
CUST-01744,Female,0,Yes,No,21,21,Yes,Yes,Fiber optic,No,No,No,Yes,No,Month-to-month,No,Electronic check,105.97,2224.82,105.94,4.7609,Brazil,1,0,BRL,No,,
CUST-01745,Female,0,Yes,No,21,21,Yes,No,No,No internet service,No internet service,No internet service,No internet service,No internet service,One year,Yes,Mailed check,34.64,777.59,37.03,4.4491,Brazil,1,0,BRL,No,,
CUST-01746,Female,0,Yes,No,4,4,Yes,Yes,DSL,No,Yes,No,No,Yes,Two year,Yes,Mailed check,39.97,151.85,37.96,26.1498,Brazil,1,0,BRL,No,,
CUST-01747,Male,0,Yes,Yes,3,4,Yes,Yes,DSL,Yes,No,No,Yes,Yes,Two year,No,Mailed check,41.49,164.0,54.67,25.1455,Brazil,1,0,BRL,No,LP003,55.8
CUST-01748,Male,0,Yes,No,3,3,Yes,Yes,Fiber optic,No,No,Yes,Yes,No,Month-to-month,Yes,Electronic check,78.1,257.67,85.89,30.1929,Brazil,1,0,BRL,Yes,,
CUST-01749,Male,0,No,No,3,4,Yes,No,Fiber optic,Yes,,Yes,Yes,Yes,Month-to-month,Yes,Credit card,102.92,264.84,88.28,38.715,Brazil,1,0,BRL,No,,
CUST-01750,Female,0,Yes,Yes,28,28,Yes,Yes,No,No internet service,No internet service,No internet service,No internet service,No internet service,Month-to-month,Yes,Electronic check,30.87,820.4,29.3,3.7582,Brazil,1,0,BRL,No,,
CUST-01751,Female,0,Yes,No,6,6,Yes,No,Fiber optic,No,Yes,No,Yes,Yes,One year,Yes,Electronic check,100.27,579.11,96.52,17.2847,Brazil,1,0,BRL,Yes,,
CUST-01752,Female,0,No,No,8,8,Yes,Yes,DSL,No,No,Yes,No,No,One year,Yes,Mailed check,42.2,270.76,33.84,15.5284,Brazil,1,0,BRL,Yes,,43.2
CUST-01753,Male,0,No,Yes,5,5,Yes,Yes,Fiber optic,No,Yes,Yes,No,No,One year,Yes,Mailed check,54.29,,49.15,22.0029,Brazil,1,0,BRL,No,,
CUST-01754,Male,1,No,Yes,72,72,Yes,No,Fiber optic,No,No,No,Yes,No,Month-to-month,No,Mailed check,18.0,1371.67,19.05,1.3113,Brazil,1,0,BRL,No,LP002,
CUST-01755,Female,0,No,No,57,58,Yes,Yes,DSL,No,No,No,No,No,One year,No,Bank transfer,60.52,3448.07,60.49,1.7547,Brazil,1,0,BRL,No,,
CUST-01756,Male,0,Yes,No,7,7,Yes,Yes,Fiber optic,No,Yes,No,Yes,No,Month-to-month,Yes,Mailed check,85.58,560.74,80.11,15.2348,Brazil,1,0,BRL,Yes,,
CUST-01757,Male,1,No,No,11,10,Yes,Yes,No,No internet service,No internet service,No internet service,No internet service,No internet service,One year,No,Bank transfer,25.43,375.52,34.14,6.754,Brazil,1,0,BRL,No,,
CUST-01758,Male,0,Yes,No,7,7,Yes,No,No,No internet service,No internet service,No internet service,No internet service,No internet service,Month-to-month,Yes,Bank transfer,25.49,131.9,18.84,19.1798,Brazil,1,0,BRL,No,,43.7
CUST-01759,Male,0,No,Yes,20,20,Yes,No,Fiber optic,No,No,No,No,Yes,One year,Yes,Electronic check,100.06,1953.11,97.66,5.1205,Brazil,1,0,BRL,Yes,LP001,
CUST-01760,Female,0,No,Yes,1,1,Yes,Yes,Fiber optic,No,Yes,No,No,No,Month-to-month,Yes,Bank transfer,70.92,132.39,132.39,53.1674,Brazil,1,0,BRL,No,,41.1
CUST-01761,Male,0,No,Yes,33,33,No,No phone service,DSL,No,,No,Yes,Yes,Month-to-month,No,Credit card,44.11,,45.11,2.961,Brazil,1,0,BRL,No,,
CUST-01762,Male,0,No,Yes,22,22,Yes,No,Fiber optic,No,Yes,No,No,No,One year,Yes,Electronic check,101.08,2217.26,100.78,4.5567,Brazil,1,0,BRL,No,,42.8
CUST-01763,Male,0,Yes,Yes,68,68,Yes,Yes,Fiber optic,No,,No,No,Yes,Month-to-month,No,Mailed check,30.71,2129.88,31.32,1.4412,Brazil,1,0,BRL,No,,
CUST-01764,Male,0,No,No,5,5,Yes,No,Fiber optic,,No,Yes,Yes,No,Two year,No,Credit card,80.26,416.33,83.27,19.2318,Brazil,1,0,BRL,No,,53.4
CUST-01765,Female,1,No,No,48,47,Yes,No,DSL,No,No,Yes,Yes,No,One year,Yes,Mailed check,43.46,2026.77,42.22,2.1432,Brazil,1,0,BRL,No,,
CUST-01766,Female,0,No,No,47,47,Yes,No,No,No internet service,No internet service,No internet service,No internet service,No internet service,One year,No,Mailed check,28.02,,25.47,2.3388,Brazil,1,0,BRL,No,,
CUST-01767,Male,0,Yes,Yes,4,3,Yes,Yes,No,No internet service,No internet service,No internet service,No internet service,No internet service,Month-to-month,No,Credit card,22.21,60.47,15.12,36.1314,Brazil,1,0,BRL,Yes,,
CUST-01768,Male,0,No,No,15,15,Yes,No,Fiber optic,No,Yes,No,No,Yes,Month-to-month,Yes,Electronic check,90.33,1409.2,93.95,6.4055,Brazil,1,0,BRL,Yes,,
CUST-01769,Male,0,Yes,No,5,5,Yes,No,DSL,No,No,No,Yes,No,One year,Yes,Electronic check,71.24,334.78,66.96,21.2163,Brazil,1,0,BRL,No,,
CUST-01770,Male,0,Yes,Yes,8,8,Yes,No,DSL,No,,Yes,No,Yes,Month-to-month,No,Credit card,52.72,444.76,55.6,11.827,Brazil,1,0,BRL,Yes,LP003,
CUST-01771,Male,0,Yes,No,9,10,Yes,No,DSL,No,Yes,No,Yes,No,One year,No,Credit card,75.32,687.1,76.34,10.9461,Brazil,1,0,BRL,No,,
CUST-01772,Male,0,Yes,No,24,24,Yes,No,Fiber optic,,No,No,Yes,Yes,Month-to-month,Yes,Mailed check,71.37,1628.2,67.84,4.3807,Brazil,1,0,BRL,Yes,,
CUST-01773,Female,0,No,Yes,15,15,Yes,No,DSL,No,Yes,No,Yes,Yes,Month-to-month,Yes,Mailed check,70.42,1035.98,69.07,6.7909,Brazil,1,0,BRL,Yes,,58.1
CUST-01774,Male,0,Yes,No,72,72,Yes,Yes,No,No internet service,No internet service,No internet service,No internet service,No internet service,Month-to-month,Yes,Credit card,26.31,1912.26,26.56,1.3751,Brazil,1,0,BRL,No,,
CUST-01775,Female,0,No,Yes,4,4,Yes,No,No,No internet service,No internet service,No internet service,No internet service,No internet service,Month-to-month,Yes,Bank transfer,22.45,50.44,12.61,43.6431,Brazil,1,0,BRL,Yes,,
CUST-01776,Female,0,Yes,No,72,72,Yes,Yes,Fiber optic,No,No,No,No,Yes,Month-to-month,Yes,Electronic check,59.05,4233.47,58.8,1.3945,Brazil,1,0,BRL,No,,
CUST-01777,Male,0,Yes,No,7,7,No,No phone service,Fiber optic,No,No,No,Yes,No,One year,No,Electronic check,100.76,724.91,103.56,13.8805,Brazil,1,0,BRL,No,,
CUST-01778,Female,0,Yes,No,44,44,Yes,No,Fiber optic,No,No,No,No,No,Two year,No,Mailed check,78.65,3464.23,78.73,2.2697,Brazil,1,0,BRL,No,,
CUST-01779,Female,0,Yes,Yes,12,12,Yes,No,No,No internet service,No internet service,No internet service,No internet service,No internet service,Month-to-month,Yes,Credit card,27.76,385.47,32.12,7.183,Brazil,1,0,BRL,No,,
CUST-01780,Female,0,Yes,No,4,4,Yes,No,No,No internet service,No internet service,No internet service,No internet service,No internet service,Two year,No,Credit card,20.59,101.54,25.38,20.08,Brazil,1,0,BRL,No,,
CUST-01781,Female,1,Yes,No,58,57,Yes,Yes,DSL,Yes,,No,No,No,Month-to-month,No,Credit card,81.91,4702.99,81.09,1.7413,Brazil,1,0,BRL,No,,
CUST-01782,Female,1,No,No,11,10,Yes,Yes,DSL,Yes,No,No,No,Yes,Two year,Yes,Credit card,71.83,766.25,69.66,9.362,Brazil,1,0,BRL,Yes,,
CUST-01783,Female,0,Yes,No,32,33,Yes,No,Fiber optic,Yes,Yes,Yes,No,Yes,One year,Yes,Bank transfer,117.19,3751.09,117.22,3.1233,Brazil,1,0,BRL,Yes,,46.8
CUST-01784,Male,1,Yes,No,25,25,Yes,No,Fiber optic,Yes,,No,Yes,No,One year,Yes,Mailed check,61.26,1598.42,63.94,3.8301,Brazil,1,0,BRL,No,,
CUST-01785,Female,0,Yes,No,19,19,Yes,No,DSL,Yes,No,Yes,Yes,Yes,Month-to-month,No,Bank transfer,26.62,482.1,25.37,5.5102,Brazil,1,0,BRL,No,LP003,
CUST-01786,Female,1,No,No,20,20,Yes,Yes,Fiber optic,No,No,Yes,No,Yes,Month-to-month,Yes,Bank transfer,83.18,1576.97,78.85,5.2713,Brazil,1,0,BRL,Yes,,65.3
CUST-01787,Female,0,No,No,39,38,Yes,No,No,No internet service,No internet service,No internet service,No internet service,No internet service,Month-to-month,No,Mailed check,23.57,941.26,24.13,2.5014,Brazil,1,0,BRL,No,LP002,
CUST-01788,Male,1,No,No,2,2,Yes,No,DSL,No,Yes,Yes,No,Yes,One year,Yes,Electronic check,21.4,5.02,2.51,355.4817,Brazil,1,0,BRL,Yes,,
CUST-01789,Female,1,Yes,No,33,33,No,No phone service,No,No internet service,No internet service,No internet service,No internet service,No internet service,Month-to-month,Yes,Credit card,18.0,529.73,16.05,3.3916,Brazil,1,0,BRL,No,,
CUST-01790,Male,0,Yes,No,67,66,Yes,No,DSL,No,Yes,No,Yes,Yes,Two year,Yes,Mailed check,33.64,2254.82,33.65,1.4913,Brazil,1,0,BRL,No,,
CUST-01791,Female,1,No,No,1,1,Yes,No,No,,No internet service,No internet service,No internet service,No internet service,Month-to-month,Yes,Mailed check,26.44,75.08,75.08,34.7529,Brazil,1,0,BRL,No,LP001,
CUST-01792,Male,0,Yes,No,4,3,No,No phone service,Fiber optic,No,No,Yes,No,No,Two year,No,Bank transfer,77.55,281.51,70.38,27.4504,Brazil,1,0,BRL,No,,
CUST-01793,Male,0,Yes,No,37,37,Yes,No,DSL,Yes,No,No,No,Yes,Month-to-month,No,Bank transfer,39.89,1500.76,40.56,2.6562,Brazil,1,0,BRL,No,,
CUST-01794,Female,0,Yes,No,17,16,Yes,Yes,Fiber optic,No,No,Yes,No,No,Month-to-month,Yes,Electronic check,111.24,1925.18,113.25,5.7752,Brazil,1,0,BRL,Yes,,
CUST-01795,Female,0,Yes,Yes,15,15,Yes,No,No,No internet service,No internet service,No internet service,No internet service,No internet service,Month-to-month,No,Credit card,21.81,366.74,24.45,5.9308,Brazil,1,0,BRL,No,,
CUST-01796,Male,0,Yes,No,4,4,Yes,No,No,No internet service,No internet service,No internet service,No internet service,No internet service,Month-to-month,No,Electronic check,27.63,73.91,18.48,36.8843,Brazil,1,0,BRL,Yes,,
CUST-01797,Female,0,No,No,21,21,Yes,No,Fiber optic,Yes,No,Yes,No,No,Month-to-month,Yes,Electronic check,46.68,924.23,44.01,5.0452,Brazil,1,0,BRL,Yes,,
CUST-01798,Male,1,Yes,Yes,4,4,Yes,No,Fiber optic,No,No,No,Yes,No,Two year,No,Mailed check,76.1,255.16,63.79,29.708,Brazil,1,0,BRL,No,,
CUST-01799,Male,0,No,No,19,19,No,No phone service,Fiber optic,Yes,No,Yes,No,No,Month-to-month,Yes,Bank transfer,88.2,1715.35,90.28,5.1388,Brazil,1,0,BRL,Yes,,
CUST-01800,Male,0,Yes,Yes,43,43,Yes,No,Fiber optic,,No,No,No,No,Month-to-month,Yes,Credit card,70.33,3057.56,71.11,2.2994,Brazil,1,0,BRL,No,,
CUST-01801,Male,1,Yes,Yes,8,8,Yes,No,No,No internet service,No internet service,No internet service,No internet service,No internet service,Two year,Yes,Credit card,31.44,203.66,25.46,15.3621,Brazil,1,0,BRL,Yes,,
CUST-01802,Male,1,No,Yes,19,19,Yes,No,DSL,No,No,No,No,Yes,Month-to-month,No,Credit card,47.45,1008.18,53.06,4.7018,Brazil,1,0,BRL,No,,
CUST-01803,Female,1,Yes,No,72,72,Yes,No,DSL,No,No,No,No,No,Two year,Yes,Electronic check,60.28,4286.34,59.53,1.406,Brazil,1,0,BRL,No,,
CUST-01804,Male,0,No,No,34,34,Yes,Yes,Fiber optic,No,No,No,No,No,Two year,No,Electronic check,86.24,2982.13,87.71,2.8909,Brazil,1,0,BRL,No,,49.1
CUST-01805,Male,1,No,No,55,55,No,No phone service,DSL,,No,No,Yes,Yes,Month-to-month,No,Mailed check,83.47,4666.83,84.85,1.7882,Brazil,1,0,BRL,No,,
CUST-01806,Female,0,Yes,No,16,15,Yes,No,No,No internet service,No internet service,No internet service,No internet service,No internet service,Month-to-month,Yes,Electronic check,30.51,493.65,30.85,6.168,Brazil,1,0,BRL,Yes,,
CUST-01807,Male,0,No,No,43,43,No,No phone service,Fiber optic,Yes,Yes,No,No,Yes,Month-to-month,Yes,Credit card,68.66,2913.89,67.76,2.3555,Brazil,1,0,BRL,No,,
CUST-01808,Female,0,Yes,No,1,1,Yes,Yes,Fiber optic,Yes,,Yes,No,No,Two year,Yes,Bank transfer,66.89,29.5,29.5,219.3115,Brazil,1,0,BRL,Yes,,
CUST-01809,Female,0,No,No,3,3,Yes,No,No,No internet service,No internet service,No internet service,No internet service,No internet service,One year,No,Credit card,24.34,59.92,19.97,39.954,Brazil,1,0,BRL,Yes,,
CUST-01810,Female,0,Yes,No,6,6,Yes,No,Fiber optic,No,Yes,No,No,No,One year,Yes,Electronic check,75.39,506.38,84.4,14.8587,Brazil,1,0,BRL,No,,
CUST-01811,Male,0,No,Yes,15,15,Yes,No,Fiber optic,Yes,No,Yes,Yes,No,One year,No,Mailed check,114.49,1657.36,110.49,6.9038,Brazil,1,0,BRL,No,LP001,
CUST-01812,Male,0,Yes,Yes,56,55,No,No phone service,DSL,Yes,No,No,Yes,Yes,Month-to-month,Yes,Mailed check,18.0,916.06,16.36,1.9628,Brazil,1,0,BRL,No,,48.5
CUST-01813,Male,0,No,No,12,12,Yes,Yes,Fiber optic,,No,Yes,No,Yes,Two year,Yes,Electronic check,90.9,1108.9,92.41,8.1899,Brazil,1,0,BRL,No,,
CUST-01814,Female,0,No,No,31,31,Yes,No,DSL,No,No,No,No,No,One year,Yes,Bank transfer,71.09,2232.87,72.03,3.1824,Brazil,1,0,BRL,No,,
CUST-01815,Male,0,No,Yes,37,37,Yes,Yes,Fiber optic,No,No,Yes,No,Yes,One year,Yes,Mailed check,39.48,1559.16,42.14,2.5305,Brazil,1,0,BRL,Yes,,
CUST-01816,Female,0,No,Yes,26,25,Yes,Yes,Fiber optic,No,No,No,Yes,No,Two year,No,Mailed check,63.85,1590.98,61.19,4.0107,Brazil,1,0,BRL,No,,
CUST-01817,Male,0,No,No,13,13,Yes,Yes,DSL,Yes,Yes,Yes,No,No,One year,No,Mailed check,47.07,605.17,46.55,7.7651,Brazil,1,0,BRL,Yes,,
CUST-01818,Female,0,No,No,25,25,Yes,Yes,Fiber optic,No,No,Yes,Yes,No,Month-to-month,Yes,Electronic check,74.5,1920.59,76.82,3.877,Brazil,1,0,BRL,Yes,,64.9
CUST-01819,Male,0,Yes,No,12,13,Yes,Yes,DSL,No,No,No,No,Yes,Month-to-month,Yes,Mailed check,69.57,840.88,70.07,8.2636,Brazil,1,0,BRL,No,,
CUST-01820,Male,1,Yes,No,2,2,Yes,No,No,No internet service,No internet service,No internet service,No internet service,No internet service,Month-to-month,Yes,Electronic check,20.6,31.43,15.72,63.5214,Brazil,1,0,BRL,Yes,LP001,52.4
CUST-01821,Male,0,Yes,No,72,72,Yes,Yes,DSL,No,Yes,No,No,No,Month-to-month,Yes,Electronic check,59.39,4315.58,59.94,1.3759,Brazil,1,0,BRL,No,,
CUST-01822,Female,0,Yes,No,4,4,Yes,No,No,,No internet service,No internet service,No internet service,No internet service,Two year,Yes,Electronic check,26.24,74.99,18.75,34.5309,Brazil,1,0,BRL,No,,
CUST-01823,Female,0,Yes,No,2,3,Yes,No,Fiber optic,,Yes,Yes,No,No,Month-to-month,No,Electronic check,73.76,190.09,95.04,38.5996,Brazil,1,0,BRL,No,,
CUST-01824,Male,0,No,Yes,63,63,Yes,No,Fiber optic,Yes,No,No,Yes,No,One year,No,Mailed check,85.14,5301.14,84.15,1.6058,Brazil,1,0,BRL,Yes,,
CUST-01825,Male,1,Yes,No,10,10,Yes,No,DSL,No,Yes,Yes,No,Yes,Month-to-month,Yes,Electronic check,40.98,333.83,33.38,12.239,Brazil,1,0,BRL,No,,
CUST-01826,Female,0,No,Yes,31,31,Yes,No,No,No internet service,No internet service,No internet service,No internet service,No internet service,Month-to-month,No,Mailed check,24.69,751.71,24.25,3.2801,Brazil,1,0,BRL,Yes,,
CUST-01827,Female,0,Yes,Yes,11,11,Yes,No,DSL,No,Yes,Yes,No,No,Two year,Yes,Bank transfer,35.28,259.92,23.63,13.5214,Brazil,1,0,BRL,No,,
CUST-01828,Female,0,Yes,No,14,15,Yes,No,Fiber optic,Yes,No,No,Yes,No,Two year,Yes,Bank transfer,96.08,1349.35,96.38,7.1152,Brazil,1,0,BRL,No,,
CUST-01829,Male,0,No,No,9,9,Yes,No,No,No internet service,No internet service,No internet service,No internet service,No internet service,Month-to-month,Yes,Credit card,23.06,120.91,13.43,18.9156,Brazil,1,0,BRL,Yes,,
CUST-01830,Female,0,No,No,12,12,Yes,No,No,No internet service,No internet service,No internet service,No internet service,No internet service,Month-to-month,Yes,Mailed check,28.01,350.24,29.19,7.9746,Brazil,1,0,BRL,No,,
CUST-01831,Male,0,No,Yes,15,15,Yes,No,Fiber optic,,No,No,Yes,No,Month-to-month,Yes,Mailed check,79.72,1205.07,80.34,6.6099,Brazil,1,0,BRL,Yes,,52.6
CUST-01832,Female,0,No,No,38,37,Yes,Yes,No,No internet service,No internet service,No internet service,No internet service,No internet service,Month-to-month,Yes,Credit card,36.03,1365.74,35.94,2.6362,Brazil,1,0,BRL,No,,
CUST-01833,Male,0,Yes,No,21,22,Yes,No,Fiber optic,,No,No,No,Yes,Month-to-month,Yes,Mailed check,73.4,1563.22,74.44,4.6924,Brazil,1,0,BRL,Yes,,
CUST-01834,Female,0,No,No,72,71,Yes,No,DSL,Yes,No,No,No,No,Month-to-month,Yes,Bank transfer,63.22,4562.05,63.36,1.3855,Brazil,1,0,BRL,No,,
CUST-01835,Female,1,Yes,Yes,1,1,Yes,No,Fiber optic,No,Yes,No,Yes,Yes,Two year,No,Mailed check,88.77,74.12,74.12,118.1709,Brazil,1,0,BRL,No,,
CUST-01836,Female,1,Yes,No,20,20,Yes,Yes,DSL,,No,Yes,Yes,No,One year,No,Mailed check,70.31,1497.75,74.89,4.6912,Brazil,1,0,BRL,No,,
CUST-01837,Female,0,Yes,No,26,25,Yes,Yes,Fiber optic,Yes,No,No,No,No,Two year,Yes,Bank transfer,78.52,2061.19,79.28,3.8076,Brazil,1,0,BRL,No,,33.0
CUST-01838,Female,0,Yes,Yes,72,72,Yes,No,Fiber optic,No,No,No,No,Yes,One year,Yes,Electronic check,75.59,5481.08,76.13,1.3789,Brazil,1,0,BRL,No,,
CUST-01839,Male,0,Yes,No,1,1,Yes,Yes,Fiber optic,Yes,No,No,Yes,No,Month-to-month,Yes,Electronic check,98.98,152.63,152.63,64.4275,Brazil,1,0,BRL,Yes,,
CUST-01840,Female,0,No,No,25,23,No,No phone service,DSL,No,Yes,Yes,Yes,No,Two year,No,Electronic check,61.8,1578.41,63.14,3.9129,Brazil,1,0,BRL,No,,
CUST-01841,Female,0,No,Yes,57,57,Yes,No,No,No internet service,,No internet service,No internet service,No internet service,Month-to-month,Yes,Mailed check,18.89,1179.87,20.7,1.5997,Brazil,1,0,BRL,No,,
CUST-01842,Female,1,Yes,Yes,8,8,Yes,No,DSL,No,No,No,Yes,No,Two year,Yes,Electronic check,41.72,342.06,42.76,12.1611,Brazil,1,0,BRL,No,,
CUST-01843,Male,1,Yes,Yes,62,62,Yes,No,No,No internet service,No internet service,No internet service,No internet service,No internet service,Month-to-month,Yes,Bank transfer,23.59,1462.23,23.58,1.6122,Brazil,1,0,BRL,No,,
CUST-01844,Female,0,Yes,No,1,1,Yes,No,No,No internet service,No internet service,No internet service,No internet service,No internet service,Month-to-month,Yes,Credit card,33.34,0.86,0.86,1792.4731,Brazil,1,0,BRL,Yes,,
CUST-01845,Male,0,Yes,Yes,39,39,Yes,No,No,No internet service,No internet service,No internet service,No internet service,No internet service,Two year,Yes,Bank transfer,35.98,1390.41,35.65,2.5859,Brazil,1,0,BRL,No,LP003,
CUST-01846,Female,0,No,No,72,72,Yes,No,No,No internet service,No internet service,No internet service,No internet service,No internet service,One year,No,Mailed check,26.72,1887.28,26.21,1.415,Brazil,1,0,BRL,No,,
CUST-01847,Female,0,Yes,No,32,32,Yes,No,DSL,Yes,Yes,No,Yes,Yes,Two year,No,Credit card,62.97,2048.9,64.03,3.0719,Brazil,1,0,BRL,Yes,,
CUST-01848,Male,0,No,No,17,16,Yes,No,Fiber optic,No,Yes,Yes,Yes,Yes,Two year,Yes,Bank transfer,101.66,1682.6,98.98,6.0383,Brazil,1,0,BRL,No,,
CUST-01849,Female,0,Yes,Yes,1,1,Yes,No,DSL,No,Yes,Yes,No,No,Month-to-month,Yes,Mailed check,78.31,82.0,82.0,94.3494,Brazil,1,0,BRL,No,,
CUST-01850,Male,0,No,Yes,72,72,Yes,No,DSL,No,No,No,No,No,Month-to-month,Yes,Credit card,45.21,3283.1,45.6,1.3766,Brazil,1,0,BRL,No,LP001,
CUST-01851,Male,0,Yes,No,19,19,Yes,Yes,Fiber optic,Yes,,Yes,Yes,Yes,Month-to-month,Yes,Bank transfer,110.17,2100.75,110.57,5.2418,Brazil,1,0,BRL,Yes,,
CUST-01852,Female,0,No,No,1,1,Yes,Yes,DSL,Yes,No,No,Yes,No,One year,No,Bank transfer,49.89,5.09,5.09,819.2118,Brazil,1,0,BRL,No,,43.1
CUST-01853,Male,1,Yes,No,35,35,No,No phone service,No,No internet service,No internet service,No internet service,No internet service,No internet service,Two year,Yes,Electronic check,30.62,1106.65,31.62,2.7644,Brazil,1,0,BRL,No,,
CUST-01854,Female,0,No,Yes,19,19,Yes,Yes,No,No internet service,,No internet service,No internet service,No internet service,Month-to-month,Yes,Mailed check,29.16,549.77,28.94,5.2944,Brazil,1,0,BRL,No,LP001,
CUST-01855,Female,0,Yes,No,3,4,No,No phone service,Fiber optic,No,Yes,No,No,No,One year,Yes,Credit card,75.02,81.42,27.14,91.0216,Brazil,1,0,BRL,No,,
CUST-01856,Male,0,Yes,No,7,7,Yes,Yes,Fiber optic,No,,No,No,No,One year,No,Mailed check,94.52,612.47,87.5,15.4074,Brazil,1,0,BRL,Yes,,
CUST-01857,Male,0,No,Yes,1,1,Yes,No,Fiber optic,Yes,Yes,No,No,Yes,Month-to-month,No,Bank transfer,77.13,147.19,147.19,52.048,Brazil,1,0,BRL,Yes,LP002,
CUST-01858,Male,0,No,No,25,25,Yes,Yes,No,No internet service,No internet service,No internet service,No internet service,No internet service,Two year,Yes,Bank transfer,27.11,,30.08,3.6004,Brazil,1,0,BRL,No,,
CUST-01859,Male,0,No,No,29,29,Yes,No,Fiber optic,No,No,No,Yes,No,One year,Yes,Credit card,70.1,2059.21,71.01,3.4026,Brazil,1,0,BRL,No,,55.2
CUST-01860,Female,1,No,Yes,21,21,Yes,Yes,DSL,No,Yes,No,Yes,Yes,Two year,Yes,Electronic check,64.95,1403.15,66.82,4.6256,Brazil,1,0,BRL,No,,
CUST-01861,Female,0,No,No,50,50,Yes,No,Fiber optic,Yes,No,No,Yes,Yes,Month-to-month,No,Bank transfer,95.26,4724.09,94.48,2.016,Brazil,1,0,BRL,No,LP001,
CUST-01862,Male,1,Yes,No,59,59,Yes,Yes,Fiber optic,Yes,No,Yes,Yes,Yes,Month-to-month,Yes,Electronic check,59.87,3519.32,59.65,1.7007,Brazil,1,0,BRL,No,,
CUST-01863,Female,0,Yes,Yes,28,28,Yes,Yes,No,No internet service,,No internet service,No internet service,No internet service,Month-to-month,Yes,Bank transfer,22.25,684.77,24.46,3.2445,Brazil,1,0,BRL,No,,41.8
CUST-01864,Female,0,Yes,No,1,2,Yes,No,DSL,,Yes,No,No,Yes,Month-to-month,Yes,Bank transfer,45.54,66.84,66.84,67.1285,Brazil,1,0,BRL,No,,
CUST-01865,Female,0,No,No,35,35,Yes,Yes,DSL,No,Yes,No,No,Yes,Two year,No,Electronic check,61.38,2151.55,61.47,2.8515,Brazil,1,0,BRL,No,,
CUST-01866,Female,0,Yes,No,16,15,Yes,Yes,No,No internet service,No internet service,No internet service,No internet service,No internet service,Month-to-month,Yes,Bank transfer,32.99,518.5,32.41,6.3503,Brazil,1,0,BRL,No,,
CUST-01867,Male,0,Yes,Yes,25,25,Yes,No,No,No internet service,No internet service,No internet service,No internet service,No internet service,One year,Yes,Mailed check,18.0,508.72,20.35,3.5314,Brazil,1,0,BRL,No,LP002,
CUST-01868,Male,0,No,No,31,31,Yes,Yes,No,,,No internet service,No internet service,No internet service,Month-to-month,Yes,Electronic check,27.38,904.88,29.19,3.0225,Brazil,1,0,BRL,No,,
CUST-01869,Female,0,No,No,12,11,Yes,No,Fiber optic,,No,No,No,Yes,Month-to-month,No,Mailed check,106.07,1305.32,108.78,8.1198,Brazil,1,0,BRL,No,,
CUST-01870,Male,1,Yes,No,72,72,Yes,Yes,Fiber optic,No,No,No,No,No,Month-to-month,No,Electronic check,49.44,3562.99,49.49,1.3872,Brazil,1,0,BRL,No,,
CUST-01871,Male,1,Yes,Yes,4,4,No,No phone service,Fiber optic,No,No,Yes,No,Yes,One year,No,Mailed check,65.95,245.96,61.49,26.7047,Brazil,1,0,BRL,Yes,,
CUST-01872,Male,1,Yes,No,33,33,Yes,No,DSL,No,Yes,No,No,No,One year,Yes,Mailed check,65.6,2199.45,66.65,2.9812,Brazil,1,0,BRL,No,,
CUST-01873,Female,0,Yes,No,1,2,Yes,Yes,Fiber optic,No,Yes,No,Yes,No,Month-to-month,Yes,Bank transfer,82.97,27.87,27.87,287.3918,Brazil,1,0,BRL,No,LP002,
CUST-01874,Female,0,Yes,No,72,72,Yes,No,DSL,,Yes,Yes,No,No,Two year,No,Bank transfer,45.85,3256.47,45.23,1.4075,Brazil,1,0,BRL,No,,
CUST-01875,Female,0,No,No,3,3,Yes,No,DSL,No,No,No,No,Yes,Month-to-month,Yes,Bank transfer,32.93,26.24,8.75,120.8884,Brazil,1,0,BRL,No,LP001,
CUST-01876,Male,0,No,Yes,2,3,Yes,Yes,No,No internet service,No internet service,No internet service,No internet service,No internet service,Month-to-month,No,Electronic check,24.18,110.12,55.06,21.7603,Brazil,1,0,BRL,Yes,LP002,
CUST-01877,Female,0,No,Yes,12,12,Yes,No,DSL,No,Yes,No,No,Yes,Month-to-month,No,Credit card,55.78,633.33,52.78,8.7935,Brazil,1,0,BRL,Yes,,
CUST-01878,Female,0,Yes,No,14,14,Yes,Yes,No,No internet service,No internet service,No internet service,No internet service,No internet service,Month-to-month,Yes,Bank transfer,25.98,383.92,27.42,6.7495,Brazil,1,0,BRL,No,,
CUST-01879,Male,0,No,Yes,7,7,Yes,Yes,DSL,No,Yes,No,No,No,Two year,Yes,Electronic check,52.92,364.16,52.02,14.4923,Brazil,1,0,BRL,No,LP003,
CUST-01880,Female,0,Yes,No,26,27,Yes,Yes,DSL,No,No,Yes,Yes,No,Month-to-month,No,Credit card,49.58,1433.96,55.15,3.4551,Brazil,1,0,BRL,No,,
CUST-01881,Female,1,Yes,Yes,17,17,Yes,Yes,Fiber optic,No,Yes,Yes,No,No,Month-to-month,No,Electronic check,105.68,1818.66,106.98,5.8077,Brazil,1,0,BRL,Yes,,
CUST-01882,Male,0,No,No,1,1,Yes,No,Fiber optic,No,Yes,No,No,No,Month-to-month,Yes,Bank transfer,96.58,3.47,3.47,2160.6264,Brazil,1,0,BRL,Yes,,
CUST-01883,Male,0,Yes,No,11,10,Yes,Yes,Fiber optic,No,Yes,Yes,No,Yes,One year,Yes,Mailed check,58.67,704.14,64.01,8.3203,Brazil,1,0,BRL,No,,
CUST-01884,Male,0,Yes,No,49,49,Yes,No,No,No internet service,,No internet service,No internet service,No internet service,Month-to-month,Yes,Mailed check,19.74,947.9,19.34,2.0803,Brazil,1,0,BRL,No,,
CUST-01885,Female,1,No,No,35,36,Yes,No,DSL,No,Yes,No,Yes,No,One year,Yes,Credit card,55.42,1929.65,55.13,2.8705,Brazil,1,0,BRL,Yes,LP001,
CUST-01886,Female,0,Yes,Yes,38,38,No,No phone service,No,,No internet service,No internet service,No internet service,No internet service,Month-to-month,Yes,Mailed check,31.04,1145.89,30.16,2.7064,Brazil,1,0,BRL,No,,
CUST-01887,Female,0,No,No,35,35,Yes,No,DSL,Yes,Yes,No,Yes,No,Month-to-month,Yes,Electronic check,39.15,1380.03,39.43,2.8348,Brazil,1,0,BRL,Yes,,
CUST-01888,Male,0,Yes,Yes,11,11,Yes,No,No,No internet service,No internet service,No internet service,No internet service,No internet service,Two year,No,Credit card,20.91,239.14,21.74,8.7074,Brazil,1,0,BRL,No,LP002,
CUST-01889,Male,0,No,No,3,3,Yes,Yes,Fiber optic,No,No,Yes,Yes,Yes,Month-to-month,No,Credit card,66.49,167.2,55.73,39.5303,Brazil,1,0,BRL,Yes,,
CUST-01890,Female,0,Yes,No,9,9,Yes,Yes,No,No internet service,No internet service,No internet service,No internet service,No internet service,Two year,No,Bank transfer,23.32,184.47,20.5,12.5735,Brazil,1,0,BRL,No,,
CUST-01891,Female,0,Yes,No,53,53,Yes,No,Fiber optic,Yes,No,No,No,No,Month-to-month,Yes,Mailed check,98.1,5204.36,98.2,1.8846,Brazil,1,0,BRL,No,,
CUST-01892,Male,0,No,No,72,72,Yes,No,DSL,No,Yes,No,No,No,Two year,Yes,Electronic check,53.77,3754.3,52.14,1.4318,Brazil,1,0,BRL,No,,
CUST-01893,Male,0,Yes,No,20,21,Yes,No,No,No internet service,No internet service,No internet service,No internet service,No internet service,Month-to-month,No,Credit card,26.77,463.33,23.17,5.7653,Brazil,1,0,BRL,No,LP002,
CUST-01894,Male,0,Yes,No,1,1,Yes,Yes,DSL,No,Yes,Yes,No,No,One year,Yes,Electronic check,43.53,127.03,127.03,33.9998,Brazil,1,0,BRL,No,,
CUST-01895,Male,1,Yes,No,4,5,Yes,No,DSL,Yes,No,Yes,No,No,Month-to-month,Yes,Electronic check,45.62,198.87,49.72,22.8248,Brazil,1,0,BRL,Yes,,
CUST-01896,Female,0,Yes,No,11,11,Yes,No,No,No internet service,No internet service,No internet service,No internet service,No internet service,Month-to-month,Yes,Mailed check,18.0,171.75,15.61,10.4197,Brazil,1,0,BRL,No,,
CUST-01897,Male,0,Yes,Yes,25,25,Yes,No,DSL,Yes,No,No,No,Yes,Month-to-month,No,Electronic check,61.62,,58.23,4.2301,Brazil,1,0,BRL,No,LP001,
CUST-01898,Female,0,Yes,No,2,2,No,No phone service,DSL,Yes,Yes,No,Yes,Yes,Month-to-month,No,Electronic check,40.65,78.48,39.24,51.1449,Brazil,1,0,BRL,No,,
CUST-01899,Female,0,No,No,72,72,Yes,No,Fiber optic,,Yes,Yes,No,No,Month-to-month,Yes,Mailed check,83.93,6092.22,84.61,1.3774,Brazil,1,0,BRL,Yes,,
CUST-01900,Female,0,Yes,Yes,13,13,Yes,Yes,No,No internet service,No internet service,No internet service,No internet service,No internet service,Month-to-month,No,Electronic check,26.38,474.9,36.53,5.5432,Brazil,1,0,BRL,No,,
CUST-01901,Male,0,No,Yes,72,72,Yes,No,DSL,No,No,Yes,No,Yes,One year,Yes,Electronic check,57.36,4224.52,58.67,1.3575,Brazil,1,0,BRL,No,,
CUST-01902,Male,0,Yes,Yes,45,44,Yes,No,Fiber optic,No,Yes,Yes,No,No,Two year,Yes,Electronic check,109.99,4905.2,109.0,2.2419,Brazil,1,0,BRL,No,,
CUST-01903,Male,0,Yes,No,42,41,Yes,No,Fiber optic,No,Yes,No,Yes,No,One year,No,Electronic check,64.48,2683.37,63.89,2.4021,Brazil,1,0,BRL,Yes,,
CUST-01904,Male,0,No,Yes,27,27,Yes,Yes,No,No internet service,No internet service,No internet service,No internet service,No internet service,One year,No,Bank transfer,21.06,495.05,18.34,4.2455,Brazil,1,0,BRL,No,,
CUST-01905,Female,0,Yes,Yes,29,29,No,No phone service,No,,No internet service,No internet service,No internet service,No internet service,Month-to-month,No,Credit card,27.66,760.06,26.21,3.6344,Brazil,1,0,BRL,No,,
CUST-01906,Male,1,No,Yes,30,30,Yes,No,No,No internet service,No internet service,No internet service,No internet service,No internet service,Month-to-month,Yes,Mailed check,29.37,870.46,29.02,3.3702,Brazil,1,0,BRL,Yes,,
CUST-01907,Male,0,Yes,No,29,29,Yes,No,Fiber optic,No,Yes,No,No,No,Month-to-month,No,Mailed check,82.44,2372.4,81.81,3.4735,Brazil,1,0,BRL,No,,
CUST-01908,Female,0,No,No,24,24,Yes,No,Fiber optic,No,,No,No,Yes,Two year,No,Electronic check,74.27,1885.21,78.55,3.9375,Brazil,1,0,BRL,No,,
CUST-01909,Male,0,No,No,72,72,Yes,Yes,DSL,Yes,Yes,No,No,No,Month-to-month,No,Electronic check,51.63,3651.59,50.72,1.4135,Brazil,1,0,BRL,No,LP001,
CUST-01910,Female,0,No,No,39,39,No,No phone service,Fiber optic,No,,No,Yes,Yes,Month-to-month,Yes,Electronic check,82.1,3199.65,82.04,2.5651,Brazil,1,0,BRL,No,,
CUST-01911,Female,0,No,No,45,45,Yes,No,No,No internet service,No internet service,No internet service,No internet service,No internet service,One year,No,Mailed check,19.56,777.03,17.27,2.514,Brazil,1,0,BRL,No,,
CUST-01912,Female,0,No,Yes,61,61,No,No phone service,Fiber optic,No,Yes,No,Yes,No,Month-to-month,No,Bank transfer,74.72,,74.99,1.6331,Brazil,1,0,BRL,No,,
CUST-01913,Female,1,Yes,Yes,7,7,Yes,No,DSL,No,Yes,No,No,No,Two year,Yes,Bank transfer,85.68,532.67,76.1,16.0549,Brazil,1,0,BRL,No,LP001,
CUST-01914,Female,0,Yes,Yes,2,2,Yes,No,Fiber optic,No,No,No,Yes,No,Two year,No,Mailed check,53.96,163.05,81.53,32.8924,Brazil,1,0,BRL,No,,
CUST-01915,Female,0,No,Yes,19,19,Yes,No,Fiber optic,No,,No,No,Yes,Month-to-month,Yes,Electronic check,102.0,1923.45,101.23,5.3002,Brazil,1,0,BRL,Yes,,
CUST-01916,Female,0,Yes,No,21,21,Yes,Yes,Fiber optic,No,No,No,Yes,No,Month-to-month,Yes,Bank transfer,95.37,1932.67,92.03,4.9321,Brazil,1,0,BRL,No,,55.9
CUST-01917,Female,1,Yes,No,53,52,Yes,No,Fiber optic,No,No,Yes,Yes,Yes,Month-to-month,No,Mailed check,73.98,3815.8,72.0,1.9383,Brazil,1,0,BRL,No,,
CUST-01918,Male,0,No,No,17,17,No,No phone service,Fiber optic,No,No,No,Yes,Yes,One year,Yes,Bank transfer,61.99,1004.9,59.11,6.1626,Brazil,1,0,BRL,No,,
CUST-01919,Male,0,Yes,No,25,25,Yes,No,DSL,No,,No,No,No,Month-to-month,Yes,Mailed check,67.15,1690.72,67.63,3.9693,Brazil,1,0,BRL,Yes,,
CUST-01920,Male,0,No,No,22,21,Yes,No,No,,No internet service,No internet service,No internet service,No internet service,One year,No,Bank transfer,26.16,596.6,27.12,4.3775,Brazil,1,0,BRL,No,,
CUST-01921,Male,0,No,Yes,1,2,Yes,Yes,Fiber optic,No,No,Yes,No,No,One year,Yes,Credit card,75.56,50.64,50.64,146.3207,Brazil,1,0,BRL,No,,
CUST-01922,Female,0,No,Yes,28,29,Yes,No,DSL,Yes,Yes,Yes,No,No,Month-to-month,Yes,Credit card,39.1,1141.09,40.75,3.4235,Brazil,1,0,BRL,Yes,,
CUST-01923,Male,0,No,No,52,51,Yes,Yes,DSL,Yes,No,Yes,No,No,Month-to-month,No,Mailed check,66.7,3411.61,65.61,1.9545,Brazil,1,0,BRL,No,,
CUST-01924,Female,0,Yes,No,5,4,Yes,Yes,No,No internet service,No internet service,No internet service,No internet service,No internet service,One year,Yes,Mailed check,20.41,0.0,0.0,2041.0,Brazil,1,0,BRL,No,,51.5
CUST-01925,Male,1,Yes,Yes,27,27,No,No phone service,No,No internet service,No internet service,No internet service,No internet service,No internet service,Month-to-month,Yes,Electronic check,27.81,765.0,28.33,3.6305,Brazil,1,0,BRL,No,,
CUST-01926,Male,0,Yes,No,27,26,Yes,No,Fiber optic,Yes,Yes,No,No,No,Two year,Yes,Credit card,76.99,2143.23,79.38,3.5906,Brazil,1,0,BRL,Yes,,
CUST-01927,Male,1,Yes,No,5,5,Yes,No,DSL,No,No,Yes,Yes,No,Month-to-month,Yes,Mailed check,56.53,347.62,69.52,16.2154,Brazil,1,0,BRL,No,,
CUST-01928,Female,0,No,No,3,3,Yes,Yes,DSL,No,No,Yes,No,No,One year,No,Electronic check,49.06,82.19,27.4,58.9734,Brazil,1,0,BRL,No,,
CUST-01929,Male,0,No,No,72,72,Yes,No,DSL,No,Yes,No,Yes,No,Two year,No,Mailed check,48.71,3479.89,48.33,1.3994,Brazil,1,0,BRL,No,LP003,54.7
CUST-01930,Female,0,Yes,No,15,15,Yes,Yes,Fiber optic,No,No,No,Yes,Yes,Two year,Yes,Electronic check,97.86,1504.09,100.27,6.5019,Brazil,1,0,BRL,Yes,,
CUST-01931,Female,0,Yes,Yes,7,8,Yes,No,Fiber optic,Yes,,Yes,No,No,Month-to-month,No,Mailed check,80.57,532.63,76.09,15.0985,Brazil,1,0,BRL,Yes,LP002,
CUST-01932,Male,0,No,No,5,5,Yes,No,Fiber optic,,Yes,No,No,No,Month-to-month,Yes,Mailed check,53.42,272.37,54.47,19.5413,Brazil,1,0,BRL,Yes,,
CUST-01933,Male,0,Yes,Yes,33,33,Yes,No,Fiber optic,No,No,Yes,Yes,Yes,Two year,Yes,Electronic check,55.71,1802.61,54.62,3.0888,Brazil,1,0,BRL,No,,
CUST-01934,Male,0,No,No,28,29,Yes,Yes,DSL,No,Yes,Yes,No,Yes,Month-to-month,No,Electronic check,49.04,1318.65,47.09,3.7161,Brazil,1,0,BRL,No,LP002,
CUST-01935,Female,0,Yes,No,30,29,Yes,No,DSL,No,No,No,No,No,Month-to-month,No,Credit card,39.92,1152.78,38.43,3.4599,Brazil,1,0,BRL,No,,
CUST-01936,Male,0,No,No,2,3,Yes,No,Fiber optic,Yes,No,No,No,Yes,Two year,Yes,Bank transfer,85.81,,109.7,38.932,Brazil,1,0,BRL,No,,
CUST-01937,Female,0,No,No,67,67,Yes,No,DSL,No,No,No,No,No,Month-to-month,Yes,Credit card,49.98,3349.35,49.99,1.4918,Brazil,1,0,BRL,No,,
CUST-01938,Female,1,No,No,14,14,Yes,Yes,DSL,Yes,Yes,No,No,Yes,Month-to-month,Yes,Mailed check,51.6,785.99,56.14,6.5566,Brazil,1,0,BRL,No,,
CUST-01939,Male,0,No,No,11,11,Yes,No,Fiber optic,No,Yes,No,Yes,Yes,Month-to-month,Yes,Bank transfer,63.22,721.44,65.59,8.7509,Brazil,1,0,BRL,No,,
CUST-01940,Male,0,Yes,No,18,17,Yes,No,No,No internet service,No internet service,No internet service,No internet service,No internet service,One year,Yes,Mailed check,26.23,552.46,30.69,4.7393,Brazil,1,0,BRL,No,LP002,
CUST-01941,Female,0,Yes,No,14,14,Yes,Yes,Fiber optic,,Yes,Yes,Yes,Yes,One year,No,Electronic check,99.43,1432.92,102.35,6.9341,Brazil,1,0,BRL,No,,
CUST-01942,Female,0,No,No,59,58,Yes,Yes,No,No internet service,,No internet service,No internet service,No internet service,Month-to-month,Yes,Electronic check,25.94,1568.43,26.58,1.6528,Brazil,1,0,BRL,No,,
CUST-01943,Female,0,Yes,Yes,72,72,Yes,No,Fiber optic,No,No,No,No,No,Month-to-month,No,Mailed check,101.86,7327.9,101.78,1.3898,Brazil,1,0,BRL,No,,51.7
CUST-01944,Male,0,No,No,10,10,Yes,No,Fiber optic,No,Yes,Yes,No,No,Month-to-month,Yes,Electronic check,79.54,945.86,94.59,8.4004,Brazil,1,0,BRL,No,,
CUST-01945,Female,0,No,No,59,58,Yes,No,DSL,No,No,Yes,No,No,One year,Yes,Credit card,79.06,4670.17,79.16,1.6925,Brazil,1,0,BRL,No,LP003,
CUST-01946,Male,0,No,Yes,45,44,Yes,Yes,No,No internet service,No internet service,No internet service,No internet service,No internet service,Month-to-month,Yes,Electronic check,25.67,1056.48,23.48,2.4275,Brazil,1,0,BRL,No,,
CUST-01947,Female,0,No,Yes,72,72,No,No phone service,DSL,Yes,No,Yes,Yes,Yes,Two year,Yes,Mailed check,56.5,4081.4,56.69,1.384,Brazil,1,0,BRL,No,,
CUST-01948,Female,0,No,No,8,8,Yes,No,DSL,Yes,Yes,Yes,Yes,Yes,Month-to-month,No,Mailed check,18.0,94.89,11.86,18.7715,Brazil,1,0,BRL,No,,
CUST-01949,Male,1,No,Yes,25,25,Yes,No,DSL,No,No,Yes,No,Yes,Two year,Yes,Electronic check,41.82,1096.35,43.85,3.811,Brazil,1,0,BRL,No,,
CUST-01950,Female,0,Yes,No,9,9,No,No phone service,No,No internet service,No internet service,No internet service,No internet service,No internet service,Month-to-month,Yes,Bank transfer,22.76,241.13,26.79,9.3999,Brazil,1,0,BRL,No,,
CUST-01951,Male,0,Yes,No,52,52,Yes,Yes,No,No internet service,No internet service,No internet service,No internet service,No internet service,Two year,No,Electronic check,22.55,1163.02,22.37,1.9373,Brazil,1,0,BRL,No,,
CUST-01952,Male,0,Yes,No,1,1,Yes,No,No,No internet service,,No internet service,No internet service,No internet service,Month-to-month,No,Bank transfer,27.2,0.0,0.0,2720.0,Brazil,1,0,BRL,No,,
CUST-01953,Female,0,No,Yes,24,23,No,No phone service,Fiber optic,Yes,Yes,Yes,No,Yes,Month-to-month,Yes,Electronic check,58.15,1402.92,58.46,4.142,Brazil,1,0,BRL,Yes,,
CUST-01954,Male,1,Yes,No,12,12,No,No phone service,Fiber optic,Yes,No,Yes,No,No,Two year,Yes,Bank transfer,53.41,608.86,50.74,8.7577,Brazil,1,0,BRL,No,,
CUST-01955,Male,0,No,No,11,10,Yes,No,No,No internet service,No internet service,No internet service,No internet service,No internet service,Two year,No,Bank transfer,29.9,368.29,33.48,8.0966,Brazil,1,0,BRL,Yes,,
CUST-01956,Female,0,Yes,No,31,31,Yes,No,Fiber optic,Yes,No,No,No,Yes,Month-to-month,No,Credit card,120.0,3747.8,120.9,3.201,Brazil,1,0,BRL,Yes,,
CUST-01957,Male,1,No,No,57,57,Yes,No,No,No internet service,,No internet service,No internet service,No internet service,One year,No,Credit card,25.86,1620.82,28.44,1.5945,Brazil,1,0,BRL,No,,
CUST-01958,Male,0,Yes,No,28,29,Yes,Yes,DSL,Yes,No,No,Yes,No,One year,Yes,Bank transfer,60.78,1679.58,59.98,3.6166,Brazil,1,0,BRL,No,,
CUST-01959,Male,0,No,No,57,57,No,No phone service,DSL,Yes,No,Yes,Yes,No,Two year,No,Mailed check,60.03,3406.54,59.76,1.7617,Brazil,1,0,BRL,No,,
CUST-01960,Female,0,No,No,9,9,Yes,No,No,No internet service,No internet service,No internet service,No internet service,No internet service,Month-to-month,Yes,Mailed check,33.28,291.78,32.42,11.3669,Brazil,1,0,BRL,No,LP001,
CUST-01961,Male,0,Yes,No,21,21,Yes,Yes,DSL,No,No,No,No,No,Month-to-month,Yes,Bank transfer,42.67,890.52,42.41,4.7862,Brazil,1,0,BRL,Yes,,
CUST-01962,Female,0,Yes,No,17,16,Yes,No,No,No internet service,No internet service,No internet service,No internet service,No internet service,Month-to-month,No,Credit card,28.83,541.46,31.85,5.3147,Brazil,1,0,BRL,No,,
CUST-01963,Female,1,No,No,1,1,Yes,Yes,Fiber optic,No,,No,No,Yes,Month-to-month,Yes,Electronic check,76.85,63.03,63.03,120.0219,Brazil,1,0,BRL,Yes,,
CUST-01964,Male,1,No,Yes,24,24,Yes,Yes,No,No internet service,No internet service,No internet service,No internet service,No internet service,Two year,Yes,Mailed check,22.36,635.26,26.47,3.5143,Brazil,1,0,BRL,No,,
CUST-01965,Male,0,Yes,Yes,32,32,Yes,Yes,DSL,Yes,No,Yes,No,No,Month-to-month,Yes,Bank transfer,45.84,1495.99,46.75,3.0621,Brazil,1,0,BRL,No,,
CUST-01966,Male,0,No,No,26,26,Yes,Yes,Fiber optic,No,Yes,No,No,Yes,Month-to-month,Yes,Mailed check,87.06,2239.27,86.13,3.8861,Brazil,1,0,BRL,No,,
CUST-01967,Female,0,No,No,39,39,Yes,Yes,Fiber optic,No,Yes,No,No,Yes,One year,No,Electronic check,60.06,2305.28,59.11,2.6042,Brazil,1,0,BRL,No,,
CUST-01968,Male,1,No,No,25,25,Yes,No,Fiber optic,Yes,No,Yes,Yes,Yes,One year,No,Mailed check,120.0,3052.04,122.08,3.9305,Brazil,1,0,BRL,No,LP001,
CUST-01969,Male,0,Yes,No,2,2,Yes,No,Fiber optic,No,Yes,No,No,Yes,Month-to-month,Yes,Bank transfer,95.06,191.55,95.78,49.369,Brazil,1,0,BRL,No,LP002,
CUST-01970,Male,0,Yes,Yes,3,3,Yes,No,No,,No internet service,No internet service,No internet service,No internet service,Month-to-month,Yes,Credit card,24.15,72.9,24.3,32.6793,Brazil,1,0,BRL,Yes,,
CUST-01971,Male,0,No,No,27,27,Yes,Yes,Fiber optic,No,Yes,Yes,No,Yes,Two year,No,Mailed check,30.44,791.96,29.33,3.8388,Brazil,1,0,BRL,Yes,,
CUST-01972,Male,0,No,Yes,9,8,Yes,No,DSL,Yes,No,No,No,No,Month-to-month,No,Electronic check,41.71,372.32,41.37,11.1727,Brazil,1,0,BRL,Yes,,
CUST-01973,Female,0,No,No,2,3,No,No phone service,No,No internet service,No internet service,No internet service,No internet service,No internet service,One year,Yes,Electronic check,29.48,27.01,13.5,105.2481,Brazil,1,0,BRL,No,,45.4
CUST-01974,Female,0,Yes,No,16,16,Yes,Yes,DSL,No,No,No,Yes,No,One year,No,Electronic check,51.56,893.05,55.82,5.767,Brazil,1,0,BRL,No,,
CUST-01975,Male,0,Yes,No,24,24,Yes,No,Fiber optic,No,Yes,No,Yes,No,Month-to-month,No,Mailed check,77.78,1902.57,79.27,4.086,Brazil,1,0,BRL,Yes,,
CUST-01976,Male,0,Yes,No,11,11,Yes,No,DSL,No,Yes,No,Yes,Yes,Two year,Yes,Mailed check,56.31,610.67,55.52,9.2059,Brazil,1,0,BRL,No,,
CUST-01977,Male,0,Yes,No,38,38,No,No phone service,No,No internet service,No internet service,No internet service,No internet service,No internet service,One year,Yes,Electronic check,21.37,802.59,21.12,2.6593,Brazil,1,0,BRL,No,,
CUST-01978,Male,0,Yes,No,30,30,Yes,Yes,DSL,No,No,Yes,No,Yes,Month-to-month,Yes,Bank transfer,57.12,1718.21,57.27,3.3225,Brazil,1,0,BRL,No,,
CUST-01979,Female,1,Yes,Yes,12,12,Yes,Yes,DSL,No,No,No,No,No,One year,No,Bank transfer,38.27,458.96,38.25,8.3203,Brazil,1,0,BRL,No,,
CUST-01980,Male,0,No,Yes,42,43,Yes,No,No,No internet service,No internet service,No internet service,No internet service,No internet service,One year,Yes,Electronic check,23.06,920.67,21.92,2.502,Brazil,1,0,BRL,No,LP002,
CUST-01981,Female,0,Yes,No,31,32,Yes,No,No,No internet service,No internet service,No internet service,No internet service,No internet service,One year,Yes,Mailed check,24.76,672.52,21.69,3.6762,Brazil,1,0,BRL,No,,
CUST-01982,Female,0,No,No,30,31,No,No phone service,DSL,No,No,Yes,Yes,Yes,Two year,Yes,Credit card,66.4,1952.11,65.07,3.3997,Brazil,1,0,BRL,No,,
CUST-01983,Male,0,No,No,24,23,Yes,Yes,Fiber optic,Yes,No,No,Yes,Yes,Month-to-month,No,Mailed check,92.22,2206.85,91.95,4.1769,Brazil,1,0,BRL,No,,
CUST-01984,Female,0,No,No,1,1,Yes,No,No,No internet service,No internet service,No internet service,No internet service,No internet service,Month-to-month,Yes,Bank transfer,23.69,0.0,0.0,2369.0,Brazil,1,0,BRL,No,,34.2
CUST-01985,Female,1,Yes,No,35,35,Yes,No,DSL,No,No,No,No,Yes,Month-to-month,No,Mailed check,57.64,2058.37,58.81,2.7989,Brazil,1,0,BRL,No,,
CUST-01986,Female,0,No,No,14,14,Yes,No,No,No internet service,No internet service,No internet service,No internet service,No internet service,Month-to-month,No,Credit card,24.08,325.66,23.26,7.3716,Brazil,1,0,BRL,Yes,,
CUST-01987,Female,0,No,No,72,72,Yes,Yes,Fiber optic,Yes,No,Yes,No,Yes,Month-to-month,Yes,Bank transfer,101.38,7393.04,102.68,1.3711,Brazil,1,0,BRL,No,,
CUST-01988,Male,0,No,Yes,51,50,Yes,No,Fiber optic,No,No,No,Yes,No,Two year,Yes,Bank transfer,61.48,3107.41,60.93,1.9779,Brazil,1,0,BRL,No,,
CUST-01989,Male,1,No,Yes,26,26,No,No phone service,Fiber optic,No,No,No,Yes,No,One year,Yes,Credit card,78.85,2057.14,79.12,3.8311,Brazil,1,0,BRL,No,,
CUST-01990,Female,0,No,No,8,7,Yes,Yes,Fiber optic,Yes,No,No,No,Yes,One year,No,Credit card,120.0,945.56,118.2,12.6775,Brazil,1,0,BRL,Yes,,
CUST-01991,Male,0,No,Yes,6,5,Yes,Yes,DSL,No,,Yes,No,No,One year,Yes,Bank transfer,50.82,326.91,54.49,15.4982,Brazil,1,0,BRL,No,,
CUST-01992,Male,0,Yes,Yes,12,11,Yes,No,Fiber optic,Yes,No,No,Yes,No,Two year,Yes,Electronic check,81.7,1033.69,86.14,7.8961,Brazil,1,0,BRL,Yes,,
CUST-01993,Male,0,No,Yes,19,19,Yes,No,DSL,Yes,Yes,No,Yes,No,Month-to-month,Yes,Mailed check,36.7,727.71,38.3,5.0363,Brazil,1,0,BRL,No,,
CUST-01994,Male,0,Yes,No,10,9,Yes,No,Fiber optic,No,Yes,No,No,No,Two year,Yes,Bank transfer,78.88,687.26,68.73,11.4608,Brazil,1,0,BRL,No,LP002,
CUST-01995,Male,1,No,No,21,20,Yes,Yes,DSL,Yes,Yes,Yes,No,No,Month-to-month,No,Bank transfer,54.04,1159.83,55.23,4.6553,Brazil,1,0,BRL,Yes,,
CUST-01996,Female,0,Yes,No,5,6,Yes,Yes,No,No internet service,,No internet service,No internet service,No internet service,Two year,No,Electronic check,26.5,81.96,16.39,31.9431,Brazil,1,0,BRL,No,,47.9
CUST-01997,Male,0,Yes,No,72,72,Yes,Yes,DSL,,,No,No,No,One year,No,Electronic check,50.53,3622.67,50.31,1.3944,Brazil,1,0,BRL,No,,
CUST-01998,Male,0,No,No,3,3,Yes,Yes,Fiber optic,No,No,Yes,Yes,No,Month-to-month,Yes,Bank transfer,38.27,149.28,49.76,25.4658,Brazil,1,0,BRL,Yes,,
CUST-01999,Male,1,No,No,72,71,Yes,No,Fiber optic,Yes,No,Yes,No,No,One year,Yes,Electronic check,83.23,5936.57,82.45,1.4018,Brazil,1,0,BRL,No,,
